gagnasafn,rod,lykill,dags,gildi,texti
skilgreiningar,evru_hicp,fastar,,NaN,"HICP-verðbólga evrusvæðisins, 12 mánaða breyting í prósentum, apríl 2026. Sótt: Eurostat, tafla prc_hicp_manr, https://ec.europa.eu/eurostat/databrowser/view/prc_hicp_manr/"
skilgreiningar,evru_vaent,fastar,,NaN,"Vænt verðbólga evrusvæðisins í prósentum: HICP-spá framkvæmdastjórnar ESB fyrir 2026 og 2027, meðaltal. Sótt: vorspá 2026, https://economy-finance.ec.europa.eu/economic-forecast-and-surveys/economic-forecasts/spring-2026-economic-forecast-slowdown-growth-energy-shock-drives-inflation_en"
skilgreiningar,evru_markmid,fastar,,NaN,"Verðbólgumarkmið Seðlabanka Evrópu í prósentum. Sjá: https://www.ecb.europa.eu/mopo/strategy/pricestab/html/index.en.html"
skilgreiningar,isl_hicp,fastar,,NaN,"HICP-verðbólga Íslands, 12 mánaða breyting í prósentum, apríl 2026. Sótt: Eurostat, sama tafla og evru_hicp."
skilgreiningar,lan_hofudstoll_mkr,fastar,,NaN,"Höfuðstóll viðmiðunarláns heimilisdæmisins í m.kr.: 85 prósent af 70,6 m.kr. kaupverði dæmigerðrar fyrstu íbúðar 2025. Sótt: Mælaborð fyrstu kaupenda, Húsnæðis- og mannvirkjastofnun, https://hms.is/"
skilgreiningar,lan_ar,fastar,,NaN,"Lánstími viðmiðunarlánsins í árum. Forsenda greinarinnar: jafngreiðslulán til 25 ára."
skilgreiningar,r_island_verdtryggt,fastar,,NaN,"Raunvextir verðtryggðra íbúðalána í prósentum, markaðstala mars 2026. Vextir verðtryggðra lána eru raunvextir samkvæmt skilgreiningu. Sótt: https://www.visir.is/g/20262858896d/bankarnir-byrjadir-ad-haekka-vexti og https://www.sedlabanki.is/hagtolur/"
skilgreiningar,r_island_overdtryggt,fastar,,NaN,"Raunvextir óverðtryggðra breytilegra íbúðalána í prósentum. REIKNAÐ: Fisher-samband af 9,19 prósent nafnvöxtum og 3,5 prósent væntri verðbólgu; sjá utskyringar."
skilgreiningar,r_evra_grunnmat,fastar,,NaN,"Raunvextir nýrra íbúðalána á evrusvæðinu í prósentum, grunnmat. REIKNAÐ: Fisher-samband af 3,44 prósent nafnvöxtum (ECB MIR, apríl 2026) og 2,65 prósent væntri verðbólgu; sjá utskyringar. Nafnvextir: https://www.ecb.europa.eu/press/stats/mfi/html/ecb.mir2606~2665fb5ea4.en.html"
skilgreiningar,r_evra_markmid,fastar,,NaN,"Raunvextir evrusvæðisins miðað við 2 prósent verðbólgumarkmið, í prósentum. REIKNAÐ: Fisher-samband af 3,44 og 2,00; sjá utskyringar."
skilgreiningar,skuldir_heimila_makr,fastar,,NaN,"Útistandandi íbúðalán heimila í ma.kr., 4. ársfjórðungur 2025. Sótt: Seðlabanki Íslands, fjármálareikningar fjármálafyrirtækja, https://cb.is/news-and-publications/article/financial-accounts-of-financial-corporations-q4-2025"
skilgreiningar,vlf_makr,fastar,,NaN,"Verg landsframleiðsla Íslands 2025 í ma.kr. Sótt: Hagstofa Íslands, þjóðhagsreikningar, https://www.statice.is/"
skilgreiningar,landsbanki_overdtryggt_breytilegt,fastar,,NaN,"Breytilegir óverðtryggðir íbúðalánavextir Landsbankans í prósentum, júní 2026. Notað í APRC/ÁHK-nálgun svo vextir og gjöld komi úr sömu heimild. Sótt: https://www.landsbankinn.is/vextir-og-verdskra"
skilgreiningar,gjald_lantoku,fastar,,NaN,"Lántökugjald Landsbankans í krónum. Sótt: verðskrá, https://www.landsbankinn.is/vextir-og-verdskra"
skilgreiningar,gjald_greidslumat,fastar,,NaN,"Gjald fyrir greiðslumat hjóna eða sambúðarfólks í krónum. Sótt: verðskrá Landsbankans."
skilgreiningar,gjald_vedbokarvottord,fastar,,NaN,"Gjald fyrir veðbókarvottorð í krónum. Sótt: verðskrá Landsbankans."
skilgreiningar,gjald_rafraen_thinglysing,fastar,,NaN,"Gjald fyrir rafræna þinglýsingu í krónum. Sótt: verðskrá Landsbankans."
skilgreiningar,gjald_umsysla_thinglysing,fastar,,NaN,"Umsýslugjald banka vegna rafrænnar þinglýsingar í krónum, helmingur af 1.990 kr. gjaldi. Sótt: verðskrá Landsbankans."
skilgreiningar,r_island,svidsmyndir,,NaN,"Íslenskt raunvaxtaviðmið hverrar sviðsmyndar í prósentum: varfaert og midmat nota verðtryggðu markaðstöluna 4,50; haerra notar 5,50 (óverðtryggt, Fisher). Sjá fastar og utskyringar."
skilgreiningar,r_evra,svidsmyndir,,NaN,"Evru-raunvaxtaviðmið hverrar sviðsmyndar í prósentum: varfaert notar 1,41 (verðbólgumarkmið); midmat og haerra nota 0,77 (grunnmat). Sjá fastar og utskyringar."
skilgreiningar,er_evra,tafla_raunvextir,,NaN,"1 ef landið notar evru (eða er evrusvæðið sjálft), annars 0."
skilgreiningar,ibudalanavextir,tafla_raunvextir,,NaN,"Vextir nýrra íbúðalána í prósentum, apríl 2026. Evrulönd: samsett vísitala ECB um lántökukostnað heimila vegna húsnæðiskaupa (MIR A2C, árlegir umsamdir vextir án gjalda). Sótt: ECB Data Portal, https://data.ecb.europa.eu/ Lönd utan evru: innlendar heimildir. Ísland: bankavextir mars 2026, sjá r_island_verdtryggt. Verðtryggða íslenska línan er raunvextir samkvæmt skilgreiningu."
skilgreiningar,hicp,tafla_raunvextir,,NaN,"HICP-verðbólga hvers lands, 12 mánaða breyting í prósentum, apríl 2026. Birt til samhengis; ekki notuð í grunnmatið. Sótt: Eurostat, prc_hicp_manr."
skilgreiningar,vaent_land,tafla_raunvextir,,NaN,"Vænt verðbólga hvers lands í prósentum: HICP-spá framkvæmdastjórnar ESB (vorspá 2026, meðaltal 2026-2027) fyrir ESB-lönd. Ísland: Peningamál Seðlabanka Íslands, https://sedlabanki.is/frettir-og-utgefid-efni/grein/peningamal-2026-1 Noregur: Norges Bank Monetary Policy Report, https://www.norges-bank.no/en/topics/Monetary-policy/Monetary-Policy-Report/"
skilgreiningar,vaent_grunn,tafla_raunvextir,,NaN,"Vænt verðbólga á myntsvæðisgrunni í prósentum: evrusvæðisspáin (2,65) fyrir öll evrulönd; innlend spá fyrir lönd með eigin mynt. Grunnviðmið greinarinnar."
skilgreiningar,markmid,tafla_raunvextir,,NaN,"Verðbólgumarkmið viðkomandi myntsvæðis í prósentum. Danmörk er fasttengd evru og metin með 2 prósent evruviðmiði."
skilgreiningar,aprc,tafla_raunvextir,,NaN,"Árleg hlutfallstala kostnaðar (APRC/ÁHK) í prósentum, apríl 2026. Evrulönd: birt APRC-röð ECB MIR. Ísland: reiknað út frá kjörum og verðskrá Landsbankans; sjá utskyringar (aprc_island)."
skilgreiningar,flokkur,mynd_krosslond,,NaN,"Flokkun lands eftir gjaldmiðlafyrirkomulagi: iceland, own (eigin mynt), own_peg (fasttengd evru), euro (evruríki), euro_area (evrusvæðið í heild)."
skilgreiningar,nafnvextir,mynd_krosslond,,NaN,"Vextir nýrra íbúðalána í prósentum; sama heimild og ibudalanavextir í tafla_raunvextir."
skilgreiningar,vaent_land,mynd_krosslond,,NaN,"Vænt verðbólga hvers lands í prósentum; sama heimild og vaent_land í tafla_raunvextir."
skilgreiningar,vaent_notud,mynd_krosslond,,NaN,"Vænt verðbólga sem dregin er frá nafnvöxtum í myndinni, í prósentum: evrusvæðisspáin fyrir evrulönd, innlend spá fyrir lönd með eigin mynt."
skilgreiningar,raungildi_beint,mynd_krosslond,,NaN,"Beint raungildi fyrir Ísland í prósentum: 4,50 af verðtryggðum lánum, án Fisher-útreiknings."
skilgreiningar,efri_mork,mynd_krosslond,,NaN,"Efri mörk íslenska raunvaxtabilsins í prósentum: 5,50 af óverðtryggðum lánum."
skilgreiningar,athugasemd,mynd_krosslond,,NaN,"Skýringartexti við einstök lönd."
skilgreiningar,lanstimi,lanaform,,NaN,"Dæmigerður lánstími nýrra íbúðalána. Heimildir: Lea (2010), https://www.mba.org/docs/default-source/research---riha-reports/10122_research_riha_lea_report.pdf og Allianz/Dresdner Bank (2008), https://www.allianz.com/content/dam/onemarketing/azcom/Allianz_com/migration/media/current/en/images/wp_europaeische_hypothekenmaerkte_eng.pdf"
skilgreiningar,festutimi,lanaform,,NaN,"Dæmigerður festutími vaxta eða endurverðlagning. Heimildir: sömu og lanstimi, auk ECB MIR um skiptingu fastra og breytilegra vaxta og Green og Wachter (2005), Journal of Economic Perspectives 19(4)."
skilgreiningar,uppgreidsla,lanaform,,NaN,"Reglur um uppgreiðslu og uppgreiðslugjöld. Heimildir: innlend löggjöf, t.d. Bersani-lögin á Ítalíu (lög 40/2007) og lög 5/2019 á Spáni, ásamt heimildunum að ofan."
skilgreiningar,vextir_10ara,rikisbref_1992_2002,,NaN,"Vextir 10 ára ríkisskuldabréfa í prósentum, ársmeðaltöl 1992-2002. Sótt: Eurostat, EMU convergence criterion series, https://ec.europa.eu/eurostat/databrowser/view/irt_lt_mcby_m/"
skilgreiningar,vextir_ibudalana,rir_ibudalan,,NaN,"Vextir nýrra íbúðalána heimila í prósentum, mánaðarleg gögn 1995-2003. Sótt sjálfvirkt: Seðlabanki Evrópu, Retail Interest Rates (RIR), raðir M.XX.A.A22......, https://data-api.ecb.europa.eu/service/data/RIR/ Dálkurinn dags er ár sem tugabrot."
skilgreiningar,policy_nominal_spread,island_finnland,,NaN,"Munur stýrivaxta Seðlabanka Íslands og ECB í prósentustigum, mánaðarleg gögn. Sótt: https://www.sedlabanki.is/hagtolur/ og https://www.ecb.europa.eu/stats/policy_and_exchange_rates/key_ecb_interest_rates/html/index.en.html"
skilgreiningar,ec_expected_hicp_1_2y,island_finnland,,NaN,"Vænt HICP-verðbólga evrusvæðisins 1-2 ár fram í prósentum, úr spám framkvæmdastjórnar ESB (AMECO). Sótt: https://economy-finance.ec.europa.eu/economic-research-and-databases/economic-databases/ameco-database_en"
skilgreiningar,spf_expected_hicp_1_2y,island_finnland,,NaN,"Vænt HICP-verðbólga evrusvæðisins 1-2 ár fram í prósentum, úr ECB Survey of Professional Forecasters. Sótt: https://www.ecb.europa.eu/stats/ecb_surveys/survey_of_professional_forecasters/html/index.en.html"
skilgreiningar,baseline_expected_hicp_1_2y,island_finnland,,NaN,"Vænt verðbólga sem notuð er í grunnmati raðarinnar: EC/AMECO frá 2011, annars ECB SPF. Sjá vaent_verdbolga_heimild."
skilgreiningar,baseline_expected_hicp_source,island_finnland,,NaN,"Textadálkur: hvor væntingaröðin er notuð í hverjum mánuði."
skilgreiningar,finland_nominal_mortgage_rate,island_finnland,,NaN,"Nafnvextir nýrra íbúðalána í Finnlandi í prósentum. Sótt: ECB MIR fyrir Finnland, https://data.ecb.europa.eu/"
skilgreiningar,finland_real_mortgage_rate_ec_forecast,island_finnland,,NaN,"Finnskir raunvextir í prósentum, Fisher-samband af nafnvöxtum og EC-væntingum."
skilgreiningar,finland_real_mortgage_rate_baseline,island_finnland,,NaN,"Finnskir raunvextir í prósentum, Fisher-samband af nafnvöxtum og grunnvæntingum (baseline)."
skilgreiningar,iceland_indexed_real_mortgage_rate,island_finnland,,NaN,"Íslenskir raunvextir í prósentum: verðtryggðir bankavextir íbúðalána, raunvextir samkvæmt skilgreiningu, engin verðbólguspá notuð. Sótt: Seðlabanki Íslands, https://www.sedlabanki.is/hagtolur/"
skilgreiningar,mortgage_real_spread_ec_forecast,island_finnland,,NaN,"Raunvaxtamunur íbúðalána Ísland að frádregnu Finnlandi í prósentustigum, með EC-væntingum."
skilgreiningar,mortgage_real_spread_baseline,island_finnland,,NaN,"Raunvaxtamunur íbúðalána Ísland að frádregnu Finnlandi í prósentustigum, grunnmat myndarinnar; sjá utskyringar."
skilgreiningar,vaent_verdbolga_heimild,island_finnland,,NaN,"Textaröð: heimild væntrar verðbólgu í hverjum mánuði (EC/AMECO eða ECB SPF)."
skilgreiningar,vextir_10ara,ny_evru_riki,,NaN,"Vextir 10 ára ríkisskuldabréfa í prósentum, hálfsársmeðaltöl mánaðarlegra gagna. Löndin gengu í ESB 2004; dags er ár sem tugabrot og texti er tímabilið. Sótt: Eurostat, irt_lt_mcby_m, https://ec.europa.eu/eurostat/databrowser/view/irt_lt_mcby_m/"
skilgreiningar,vextir_10ara,eystrasalt,,NaN,"Vextir 10 ára ríkisskuldabréfa í prósentum, hálfsársmeðaltöl mánaðarlegra gagna, Lettland, Litháen og Þýskaland. Sótt: Eurostat, irt_lt_mcby_m, sama tafla og að ofan."
utskyringar,fisher,,,NaN,"Raunvextir eru reiknaðir með Fisher-sambandinu án línulegrar nálgunar: r = ((1 + i/100)/(1 + pi/100) - 1)*100, þar sem i eru nafnvextir í prósentum og pi vænt verðbólga í prósentum. Útfærsla: helper_fisher.m."
utskyringar,raunvextir_landsspa,,,NaN,"Dálkurinn raunvextir (landspá) í töflunni: Fisher-samband af ibudalanavextir og vaent_land. Verðtryggða íslenska línan er undantekning; þar er vaxtatalan sjálf raunvextir og engin leiðrétting gerð."
utskyringar,raunvextir_grunnmat,,,NaN,"Grunnmat greinarinnar: Fisher-samband af ibudalanavextir og vaent_grunn, þ.e. vænt verðbólga myntsvæðisins fyrir evrulönd en innlend spá fyrir önnur lönd."
utskyringar,raunvextir_markmid,,,NaN,"Næmnipróf: Fisher-samband af ibudalanavextir og markmid, þ.e. verðbólgumarkmiði viðkomandi myntsvæðis."
utskyringar,r_island_overdtryggt,,,NaN,"Fisher-samband af 9,19 prósent nafnvöxtum (óverðtryggt breytilegt, mars 2026) og 3,5 prósent væntri verðbólgu (Peningamál): (1,0919/1,035 - 1)*100 = 5,50."
utskyringar,r_evra_grunnmat,,,NaN,"Fisher-samband af 3,44 prósent nafnvöxtum (ECB MIR, apríl 2026) og 2,65 prósent væntri verðbólgu (vorspá ESB): (1,0344/1,0265 - 1)*100 = 0,77."
utskyringar,r_evra_markmid,,,NaN,"Fisher-samband af 3,44 prósent nafnvöxtum og 2,00 prósent verðbólgumarkmiði: (1,0344/1,02 - 1)*100 = 1,41."
utskyringar,jafngreidsla,,,NaN,"Mánaðargreiðsla jafngreiðsluláns: M = P*i/(1 - (1+i)^(-n)), þar sem i = r/100/12 og n er fjöldi mánaða (300). Vextir fyrsta mánaðar eru P*i og eignamyndun M - P*i. Reiknað í raunvirði með raunvöxtum. Útfærsla: helper_annuity.m."
utskyringar,aprc_island,,,NaN,"Íslensku APRC/ÁHK-gildin í næmniprófinu: mánaðarleg jafngreiðsla er reiknuð af nafnvöxtum lánsins; síðan er fundinn sá árlegi vaxtafótur sem jafnar núvirði greiðslnanna við lánsfjárhæðina að frádregnum föstum gjöldum (samtals 77.495 kr., sjá gjald_* í fastar). Fyrir verðtryggt lán er fyrst reiknað nafnígildi með nýjustu mældu verðbólgu, (1 + 0,045)*(1 + 0,049) - 1 = 9,62 prósent, og útkoman síðan færð í raunvexti með 3,5 prósent væntri verðbólgu. Útfærsla: table5_real_rates_sensitivity.m."
utskyringar,heildarskuldir,,,NaN,"Árleg raunvaxtabyrði útistandandi íbúðalána: byrði = skuldir_heimila_makr * raunvextir/100, í ma.kr. Munurinn er reiknaður á órúnnuðum tölum og einnig sýndur sem hlutfall af vlf_makr."
utskyringar,halfsarsmedaltol,,,NaN,"Hálfsársmeðaltöl 10 ára vaxta (ny_evru_riki og eystrasalt): meðaltal mánaðarlegra Eurostat-gilda janúar-júní og júlí-desember; dags er miðja tímabilsins sem tugabrot árs."
utskyringar,vaxtamunur_island_finnland,,,NaN,"Raunvaxtamunur íbúðalána: íslenskir verðtryggðir vextir (raunvextir samkvæmt skilgreiningu) að frádregnum finnskum raunvöxtum, sem eru Fisher-samband af finnskum MIR-nafnvöxtum og baseline_expected_hicp_1_2y. Stýrivaxtamunurinn er einfaldur mismunur nafnstýrivaxta."
utskyringar,rikisbref_arsmedaltol,,,NaN,"Ríkisbréfaraðirnar 1992-2002 eru ársmeðaltöl mánaðarlegra EMU-viðmiðsvaxta Eurostat."
fastar,evru_hicp,,,3,"HICP evrusvæðis, apríl 2026 (Eurostat)"
fastar,evru_vaent,,,2.65,"Vænt verðbólga evrusvæðis: vorspá framkvæmdastjórnar ESB 2026, meðaltal 2026-2027"
fastar,evru_markmid,,,2,"Verðbólgumarkmið ECB"
fastar,isl_hicp,,,4.9,"HICP Íslands, apríl 2026 (Eurostat)"
fastar,lan_hofudstoll_mkr,,,60,"Viðmiðunarlán heimilisdæmis: 85% af 70,6 m.kr. íbúð fyrstu kaupenda (HMS 2025)"
fastar,lan_ar,,,25,"Lánstími heimilisdæmis í árum"
fastar,r_island_verdtryggt,,,4.5,"Verðtryggðir bankavextir íbúðalána, markaðstala mars 2026 (Vísir/Seðlabanki Íslands)"
fastar,r_island_overdtryggt,,,5.5,"Raunvextir óverðtryggðs breytilegs láns: 9,19% nafnvextir og 3,5% vænt verðbólga, Fisher"
fastar,r_evra_grunnmat,,,0.77,"ECB MIR apríl 2026 (3,44%) og vorspá ESB (2,65%), Fisher án línulegrar nálgunar"
fastar,r_evra_markmid,,,1.41,"ECB MIR apríl 2026 (3,44%) og 2% verðbólgumarkmið, Fisher"
fastar,skuldir_heimila_makr,,,2896.5,"Útistandandi íbúðalán heimila: Seðlabanki Íslands, fjármálareikningar, 4. ársfj. 2025"
fastar,vlf_makr,,,4956,"Verg landsframleiðsla: Hagstofa Íslands, 2025"
fastar,landsbanki_overdtryggt_breytilegt,,,10.25,"Breytilegir óverðtryggðir vextir, vaxtatafla Landsbankans, júní 2026"
fastar,gjald_lantoku,,,59900,"Lántökugjald, verðskrá Landsbankans"
fastar,gjald_greidslumat,,,12900,"Greiðslumat hjóna/sambúðarfólks, verðskrá Landsbankans"
fastar,gjald_vedbokarvottord,,,2200,"Veðbókarvottorð, verðskrá Landsbankans"
fastar,gjald_rafraen_thinglysing,,,1500,"Rafræn þinglýsing, verðskrá Landsbankans"
fastar,gjald_umsysla_thinglysing,,,995,"Umsýsla vegna rafrænnar þinglýsingar, helmingur af 1.990 kr., verðskrá Landsbankans"
svidsmyndir,r_island,varfaert,,4.5,""
svidsmyndir,r_island,midmat,,4.5,""
svidsmyndir,r_island,haerra,,5.5,""
svidsmyndir,r_evra,varfaert,,1.41,""
svidsmyndir,r_evra,midmat,,0.77,""
svidsmyndir,r_evra,haerra,,0.77,""
tafla_raunvextir,er_evra,Belgía,,1,""
tafla_raunvextir,er_evra,Búlgaría,,1,""
tafla_raunvextir,er_evra,Þýskaland,,1,""
tafla_raunvextir,er_evra,Eistland,,1,""
tafla_raunvextir,er_evra,Írland,,1,""
tafla_raunvextir,er_evra,Grikkland,,1,""
tafla_raunvextir,er_evra,Spánn,,1,""
tafla_raunvextir,er_evra,Frakkland,,1,""
tafla_raunvextir,er_evra,Króatía,,1,""
tafla_raunvextir,er_evra,Ítalía,,1,""
tafla_raunvextir,er_evra,Kýpur,,1,""
tafla_raunvextir,er_evra,Lettland,,1,""
tafla_raunvextir,er_evra,Litháen,,1,""
tafla_raunvextir,er_evra,Lúxemborg,,1,""
tafla_raunvextir,er_evra,Malta,,1,""
tafla_raunvextir,er_evra,Holland,,1,""
tafla_raunvextir,er_evra,Austurríki,,1,""
tafla_raunvextir,er_evra,Portúgal,,1,""
tafla_raunvextir,er_evra,Slóvenía,,1,""
tafla_raunvextir,er_evra,Slóvakía,,1,""
tafla_raunvextir,er_evra,Finnland,,1,""
tafla_raunvextir,er_evra,Tékkland,,0,""
tafla_raunvextir,er_evra,Danmörk,,0,""
tafla_raunvextir,er_evra,Ungverjaland,,0,""
tafla_raunvextir,er_evra,Pólland,,0,""
tafla_raunvextir,er_evra,Rúmenía,,0,""
tafla_raunvextir,er_evra,Svíþjóð,,0,""
tafla_raunvextir,er_evra,Noregur,,0,""
tafla_raunvextir,er_evra,Ísland -- óverðtryggt breytilegt,,0,""
tafla_raunvextir,er_evra,Ísland -- verðtryggt,,0,""
tafla_raunvextir,er_evra,Evrusvæði (viðmið),,1,""
tafla_raunvextir,ibudalanavextir,Belgía,,3.53,""
tafla_raunvextir,ibudalanavextir,Búlgaría,,2.45,""
tafla_raunvextir,ibudalanavextir,Þýskaland,,3.84,""
tafla_raunvextir,ibudalanavextir,Eistland,,4.05,""
tafla_raunvextir,ibudalanavextir,Írland,,3.51,""
tafla_raunvextir,ibudalanavextir,Grikkland,,3.35,""
tafla_raunvextir,ibudalanavextir,Spánn,,2.81,""
tafla_raunvextir,ibudalanavextir,Frakkland,,3.11,""
tafla_raunvextir,ibudalanavextir,Króatía,,2.95,""
tafla_raunvextir,ibudalanavextir,Ítalía,,3.52,""
tafla_raunvextir,ibudalanavextir,Kýpur,,3.25,""
tafla_raunvextir,ibudalanavextir,Lettland,,4.18,""
tafla_raunvextir,ibudalanavextir,Litháen,,3.86,""
tafla_raunvextir,ibudalanavextir,Lúxemborg,,3.49,""
tafla_raunvextir,ibudalanavextir,Malta,,2.05,""
tafla_raunvextir,ibudalanavextir,Holland,,3.63,""
tafla_raunvextir,ibudalanavextir,Austurríki,,3.48,""
tafla_raunvextir,ibudalanavextir,Portúgal,,2.86,""
tafla_raunvextir,ibudalanavextir,Slóvenía,,3,""
tafla_raunvextir,ibudalanavextir,Slóvakía,,3.46,""
tafla_raunvextir,ibudalanavextir,Finnland,,3.03,""
tafla_raunvextir,ibudalanavextir,Tékkland,,4.59,""
tafla_raunvextir,ibudalanavextir,Danmörk,,3.02,""
tafla_raunvextir,ibudalanavextir,Ungverjaland,,6.64,""
tafla_raunvextir,ibudalanavextir,Pólland,,6.6,""
tafla_raunvextir,ibudalanavextir,Rúmenía,,5.72,""
tafla_raunvextir,ibudalanavextir,Svíþjóð,,2.83,""
tafla_raunvextir,ibudalanavextir,Noregur,,5.27,""
tafla_raunvextir,ibudalanavextir,Ísland -- óverðtryggt breytilegt,,9.19,""
tafla_raunvextir,ibudalanavextir,Ísland -- verðtryggt,,4.5,""
tafla_raunvextir,ibudalanavextir,Evrusvæði (viðmið),,3.44,""
tafla_raunvextir,hicp,Belgía,,4.2,""
tafla_raunvextir,hicp,Búlgaría,,6,""
tafla_raunvextir,hicp,Þýskaland,,2.9,""
tafla_raunvextir,hicp,Eistland,,3.2,""
tafla_raunvextir,hicp,Írland,,3.6,""
tafla_raunvextir,hicp,Grikkland,,4.6,""
tafla_raunvextir,hicp,Spánn,,3.5,""
tafla_raunvextir,hicp,Frakkland,,2.5,""
tafla_raunvextir,hicp,Króatía,,5.4,""
tafla_raunvextir,hicp,Ítalía,,2.8,""
tafla_raunvextir,hicp,Kýpur,,3,""
tafla_raunvextir,hicp,Lettland,,2.9,""
tafla_raunvextir,hicp,Litháen,,4.9,""
tafla_raunvextir,hicp,Lúxemborg,,5.2,""
tafla_raunvextir,hicp,Malta,,2.5,""
tafla_raunvextir,hicp,Holland,,2.5,""
tafla_raunvextir,hicp,Austurríki,,3.4,""
tafla_raunvextir,hicp,Portúgal,,3.3,""
tafla_raunvextir,hicp,Slóvenía,,3.4,""
tafla_raunvextir,hicp,Slóvakía,,4.1,""
tafla_raunvextir,hicp,Finnland,,2.4,""
tafla_raunvextir,hicp,Tékkland,,2.1,""
tafla_raunvextir,hicp,Danmörk,,1.2,""
tafla_raunvextir,hicp,Ungverjaland,,2.6,""
tafla_raunvextir,hicp,Pólland,,3.4,""
tafla_raunvextir,hicp,Rúmenía,,9.5,""
tafla_raunvextir,hicp,Svíþjóð,,0.5,""
tafla_raunvextir,hicp,Noregur,,3.4,""
tafla_raunvextir,hicp,Ísland -- óverðtryggt breytilegt,,4.9,""
tafla_raunvextir,hicp,Ísland -- verðtryggt,,4.9,""
tafla_raunvextir,hicp,Evrusvæði (viðmið),,3,""
tafla_raunvextir,vaent_land,Belgía,,3,""
tafla_raunvextir,vaent_land,Búlgaría,,3.4,""
tafla_raunvextir,vaent_land,Þýskaland,,2.8,""
tafla_raunvextir,vaent_land,Eistland,,3.65,""
tafla_raunvextir,vaent_land,Írland,,3.05,""
tafla_raunvextir,vaent_land,Grikkland,,3.05,""
tafla_raunvextir,vaent_land,Spánn,,2.75,""
tafla_raunvextir,vaent_land,Frakkland,,2.1,""
tafla_raunvextir,vaent_land,Króatía,,3.65,""
tafla_raunvextir,vaent_land,Ítalía,,2.5,""
tafla_raunvextir,vaent_land,Kýpur,,2.9,""
tafla_raunvextir,vaent_land,Lettland,,2.9,""
tafla_raunvextir,vaent_land,Litháen,,3.55,""
tafla_raunvextir,vaent_land,Lúxemborg,,2.25,""
tafla_raunvextir,vaent_land,Malta,,2.5,""
tafla_raunvextir,vaent_land,Holland,,2.85,""
tafla_raunvextir,vaent_land,Austurríki,,2.75,""
tafla_raunvextir,vaent_land,Portúgal,,2.65,""
tafla_raunvextir,vaent_land,Slóvenía,,3,""
tafla_raunvextir,vaent_land,Slóvakía,,3.75,""
tafla_raunvextir,vaent_land,Finnland,,2.15,""
tafla_raunvextir,vaent_land,Tékkland,,2.75,""
tafla_raunvextir,vaent_land,Danmörk,,1.85,""
tafla_raunvextir,vaent_land,Ungverjaland,,3.15,""
tafla_raunvextir,vaent_land,Pólland,,3.25,""
tafla_raunvextir,vaent_land,Rúmenía,,5.35,""
tafla_raunvextir,vaent_land,Svíþjóð,,1.65,""
tafla_raunvextir,vaent_land,Noregur,,2.85,""
tafla_raunvextir,vaent_land,Ísland -- óverðtryggt breytilegt,,3.5,""
tafla_raunvextir,vaent_land,Ísland -- verðtryggt,,NaN,""
tafla_raunvextir,vaent_land,Evrusvæði (viðmið),,2.65,""
tafla_raunvextir,vaent_grunn,Belgía,,2.65,""
tafla_raunvextir,vaent_grunn,Búlgaría,,2.65,""
tafla_raunvextir,vaent_grunn,Þýskaland,,2.65,""
tafla_raunvextir,vaent_grunn,Eistland,,2.65,""
tafla_raunvextir,vaent_grunn,Írland,,2.65,""
tafla_raunvextir,vaent_grunn,Grikkland,,2.65,""
tafla_raunvextir,vaent_grunn,Spánn,,2.65,""
tafla_raunvextir,vaent_grunn,Frakkland,,2.65,""
tafla_raunvextir,vaent_grunn,Króatía,,2.65,""
tafla_raunvextir,vaent_grunn,Ítalía,,2.65,""
tafla_raunvextir,vaent_grunn,Kýpur,,2.65,""
tafla_raunvextir,vaent_grunn,Lettland,,2.65,""
tafla_raunvextir,vaent_grunn,Litháen,,2.65,""
tafla_raunvextir,vaent_grunn,Lúxemborg,,2.65,""
tafla_raunvextir,vaent_grunn,Malta,,2.65,""
tafla_raunvextir,vaent_grunn,Holland,,2.65,""
tafla_raunvextir,vaent_grunn,Austurríki,,2.65,""
tafla_raunvextir,vaent_grunn,Portúgal,,2.65,""
tafla_raunvextir,vaent_grunn,Slóvenía,,2.65,""
tafla_raunvextir,vaent_grunn,Slóvakía,,2.65,""
tafla_raunvextir,vaent_grunn,Finnland,,2.65,""
tafla_raunvextir,vaent_grunn,Tékkland,,2.75,""
tafla_raunvextir,vaent_grunn,Danmörk,,1.85,""
tafla_raunvextir,vaent_grunn,Ungverjaland,,3.15,""
tafla_raunvextir,vaent_grunn,Pólland,,3.25,""
tafla_raunvextir,vaent_grunn,Rúmenía,,5.35,""
tafla_raunvextir,vaent_grunn,Svíþjóð,,1.65,""
tafla_raunvextir,vaent_grunn,Noregur,,2.85,""
tafla_raunvextir,vaent_grunn,Ísland -- óverðtryggt breytilegt,,3.5,""
tafla_raunvextir,vaent_grunn,Ísland -- verðtryggt,,NaN,""
tafla_raunvextir,vaent_grunn,Evrusvæði (viðmið),,2.65,""
tafla_raunvextir,markmid,Belgía,,2,""
tafla_raunvextir,markmid,Búlgaría,,2,""
tafla_raunvextir,markmid,Þýskaland,,2,""
tafla_raunvextir,markmid,Eistland,,2,""
tafla_raunvextir,markmid,Írland,,2,""
tafla_raunvextir,markmid,Grikkland,,2,""
tafla_raunvextir,markmid,Spánn,,2,""
tafla_raunvextir,markmid,Frakkland,,2,""
tafla_raunvextir,markmid,Króatía,,2,""
tafla_raunvextir,markmid,Ítalía,,2,""
tafla_raunvextir,markmid,Kýpur,,2,""
tafla_raunvextir,markmid,Lettland,,2,""
tafla_raunvextir,markmid,Litháen,,2,""
tafla_raunvextir,markmid,Lúxemborg,,2,""
tafla_raunvextir,markmid,Malta,,2,""
tafla_raunvextir,markmid,Holland,,2,""
tafla_raunvextir,markmid,Austurríki,,2,""
tafla_raunvextir,markmid,Portúgal,,2,""
tafla_raunvextir,markmid,Slóvenía,,2,""
tafla_raunvextir,markmid,Slóvakía,,2,""
tafla_raunvextir,markmid,Finnland,,2,""
tafla_raunvextir,markmid,Tékkland,,2,""
tafla_raunvextir,markmid,Danmörk,,2,""
tafla_raunvextir,markmid,Ungverjaland,,3,""
tafla_raunvextir,markmid,Pólland,,2.5,""
tafla_raunvextir,markmid,Rúmenía,,2.5,""
tafla_raunvextir,markmid,Svíþjóð,,2,""
tafla_raunvextir,markmid,Noregur,,2,""
tafla_raunvextir,markmid,Ísland -- óverðtryggt breytilegt,,2.5,""
tafla_raunvextir,markmid,Ísland -- verðtryggt,,NaN,""
tafla_raunvextir,markmid,Evrusvæði (viðmið),,2,""
tafla_raunvextir,aprc,Belgía,,3.85,""
tafla_raunvextir,aprc,Búlgaría,,2.78,""
tafla_raunvextir,aprc,Þýskaland,,3.89,""
tafla_raunvextir,aprc,Eistland,,4.19,""
tafla_raunvextir,aprc,Írland,,3.43,""
tafla_raunvextir,aprc,Grikkland,,3.54,""
tafla_raunvextir,aprc,Spánn,,2.86,""
tafla_raunvextir,aprc,Frakkland,,3.71,""
tafla_raunvextir,aprc,Króatía,,3.3,""
tafla_raunvextir,aprc,Ítalía,,3.91,""
tafla_raunvextir,aprc,Kýpur,,4.33,""
tafla_raunvextir,aprc,Lettland,,4.34,""
tafla_raunvextir,aprc,Litháen,,3.97,""
tafla_raunvextir,aprc,Lúxemborg,,3.4,""
tafla_raunvextir,aprc,Malta,,2.74,""
tafla_raunvextir,aprc,Holland,,3.71,""
tafla_raunvextir,aprc,Austurríki,,3.78,""
tafla_raunvextir,aprc,Portúgal,,4.93,""
tafla_raunvextir,aprc,Slóvenía,,3.52,""
tafla_raunvextir,aprc,Slóvakía,,3.68,""
tafla_raunvextir,aprc,Finnland,,3.06,""
tafla_raunvextir,aprc,Tékkland,,4.72,""
tafla_raunvextir,aprc,Danmörk,,3.9,""
tafla_raunvextir,aprc,Ungverjaland,,7.89,""
tafla_raunvextir,aprc,Pólland,,6.18,""
tafla_raunvextir,aprc,Rúmenía,,7.62,""
tafla_raunvextir,aprc,Svíþjóð,,2.9,""
tafla_raunvextir,aprc,Noregur,,5.07,""
tafla_raunvextir,aprc,Ísland -- óverðtryggt breytilegt,,NaN,""
tafla_raunvextir,aprc,Ísland -- verðtryggt,,NaN,""
tafla_raunvextir,aprc,Evrusvæði (viðmið),,3.72,""
mynd_krosslond,flokkur,Ísland,,NaN,"iceland"
mynd_krosslond,flokkur,Ungverjaland,,NaN,"own"
mynd_krosslond,flokkur,Pólland,,NaN,"own"
mynd_krosslond,flokkur,Rúmenía,,NaN,"own"
mynd_krosslond,flokkur,Noregur,,NaN,"own"
mynd_krosslond,flokkur,Tékkland,,NaN,"own"
mynd_krosslond,flokkur,Lettland,,NaN,"euro"
mynd_krosslond,flokkur,Eistland,,NaN,"euro"
mynd_krosslond,flokkur,Litháen,,NaN,"euro"
mynd_krosslond,flokkur,Svíþjóð,,NaN,"own"
mynd_krosslond,flokkur,Þýskaland,,NaN,"euro"
mynd_krosslond,flokkur,Danmörk,,NaN,"own_peg"
mynd_krosslond,flokkur,Holland,,NaN,"euro"
mynd_krosslond,flokkur,Belgía,,NaN,"euro"
mynd_krosslond,flokkur,Ítalía,,NaN,"euro"
mynd_krosslond,flokkur,Írland,,NaN,"euro"
mynd_krosslond,flokkur,Lúxemborg,,NaN,"euro"
mynd_krosslond,flokkur,Austurríki,,NaN,"euro"
mynd_krosslond,flokkur,Slóvakía,,NaN,"euro"
mynd_krosslond,flokkur,Evrusvæði (viðmið),,NaN,"euro_area"
mynd_krosslond,flokkur,Grikkland,,NaN,"euro"
mynd_krosslond,flokkur,Kýpur,,NaN,"euro"
mynd_krosslond,flokkur,Frakkland,,NaN,"euro"
mynd_krosslond,flokkur,Finnland,,NaN,"euro"
mynd_krosslond,flokkur,Slóvenía,,NaN,"euro"
mynd_krosslond,flokkur,Króatía,,NaN,"euro"
mynd_krosslond,flokkur,Portúgal,,NaN,"euro"
mynd_krosslond,flokkur,Spánn,,NaN,"euro"
mynd_krosslond,flokkur,Búlgaría,,NaN,"euro"
mynd_krosslond,flokkur,Malta,,NaN,"euro"
mynd_krosslond,nafnvextir,Ísland,,NaN,""
mynd_krosslond,nafnvextir,Ungverjaland,,6.64,""
mynd_krosslond,nafnvextir,Pólland,,6.6,""
mynd_krosslond,nafnvextir,Rúmenía,,5.72,""
mynd_krosslond,nafnvextir,Noregur,,5.27,""
mynd_krosslond,nafnvextir,Tékkland,,4.59,""
mynd_krosslond,nafnvextir,Lettland,,4.18,""
mynd_krosslond,nafnvextir,Eistland,,4.05,""
mynd_krosslond,nafnvextir,Litháen,,3.86,""
mynd_krosslond,nafnvextir,Svíþjóð,,2.83,""
mynd_krosslond,nafnvextir,Þýskaland,,3.84,""
mynd_krosslond,nafnvextir,Danmörk,,3.02,""
mynd_krosslond,nafnvextir,Holland,,3.63,""
mynd_krosslond,nafnvextir,Belgía,,3.53,""
mynd_krosslond,nafnvextir,Ítalía,,3.52,""
mynd_krosslond,nafnvextir,Írland,,3.51,""
mynd_krosslond,nafnvextir,Lúxemborg,,3.49,""
mynd_krosslond,nafnvextir,Austurríki,,3.48,""
mynd_krosslond,nafnvextir,Slóvakía,,3.46,""
mynd_krosslond,nafnvextir,Evrusvæði (viðmið),,3.44,""
mynd_krosslond,nafnvextir,Grikkland,,3.35,""
mynd_krosslond,nafnvextir,Kýpur,,3.25,""
mynd_krosslond,nafnvextir,Frakkland,,3.11,""
mynd_krosslond,nafnvextir,Finnland,,3.03,""
mynd_krosslond,nafnvextir,Slóvenía,,3,""
mynd_krosslond,nafnvextir,Króatía,,2.95,""
mynd_krosslond,nafnvextir,Portúgal,,2.86,""
mynd_krosslond,nafnvextir,Spánn,,2.81,""
mynd_krosslond,nafnvextir,Búlgaría,,2.45,""
mynd_krosslond,nafnvextir,Malta,,2.05,""
mynd_krosslond,vaent_land,Ísland,,NaN,""
mynd_krosslond,vaent_land,Ungverjaland,,3.15,""
mynd_krosslond,vaent_land,Pólland,,3.25,""
mynd_krosslond,vaent_land,Rúmenía,,5.35,""
mynd_krosslond,vaent_land,Noregur,,2.85,""
mynd_krosslond,vaent_land,Tékkland,,2.75,""
mynd_krosslond,vaent_land,Lettland,,2.9,""
mynd_krosslond,vaent_land,Eistland,,3.65,""
mynd_krosslond,vaent_land,Litháen,,3.55,""
mynd_krosslond,vaent_land,Svíþjóð,,1.65,""
mynd_krosslond,vaent_land,Þýskaland,,2.8,""
mynd_krosslond,vaent_land,Danmörk,,1.85,""
mynd_krosslond,vaent_land,Holland,,2.85,""
mynd_krosslond,vaent_land,Belgía,,3,""
mynd_krosslond,vaent_land,Ítalía,,2.5,""
mynd_krosslond,vaent_land,Írland,,3.05,""
mynd_krosslond,vaent_land,Lúxemborg,,2.25,""
mynd_krosslond,vaent_land,Austurríki,,2.75,""
mynd_krosslond,vaent_land,Slóvakía,,3.75,""
mynd_krosslond,vaent_land,Evrusvæði (viðmið),,2.65,""
mynd_krosslond,vaent_land,Grikkland,,3.05,""
mynd_krosslond,vaent_land,Kýpur,,2.9,""
mynd_krosslond,vaent_land,Frakkland,,2.1,""
mynd_krosslond,vaent_land,Finnland,,2.15,""
mynd_krosslond,vaent_land,Slóvenía,,3,""
mynd_krosslond,vaent_land,Króatía,,3.65,""
mynd_krosslond,vaent_land,Portúgal,,2.65,""
mynd_krosslond,vaent_land,Spánn,,2.75,""
mynd_krosslond,vaent_land,Búlgaría,,3.4,""
mynd_krosslond,vaent_land,Malta,,2.5,""
mynd_krosslond,vaent_notud,Ísland,,NaN,""
mynd_krosslond,vaent_notud,Ungverjaland,,3.15,""
mynd_krosslond,vaent_notud,Pólland,,3.25,""
mynd_krosslond,vaent_notud,Rúmenía,,5.35,""
mynd_krosslond,vaent_notud,Noregur,,2.85,""
mynd_krosslond,vaent_notud,Tékkland,,2.75,""
mynd_krosslond,vaent_notud,Lettland,,2.65,""
mynd_krosslond,vaent_notud,Eistland,,2.65,""
mynd_krosslond,vaent_notud,Litháen,,2.65,""
mynd_krosslond,vaent_notud,Svíþjóð,,1.65,""
mynd_krosslond,vaent_notud,Þýskaland,,2.65,""
mynd_krosslond,vaent_notud,Danmörk,,1.85,""
mynd_krosslond,vaent_notud,Holland,,2.65,""
mynd_krosslond,vaent_notud,Belgía,,2.65,""
mynd_krosslond,vaent_notud,Ítalía,,2.65,""
mynd_krosslond,vaent_notud,Írland,,2.65,""
mynd_krosslond,vaent_notud,Lúxemborg,,2.65,""
mynd_krosslond,vaent_notud,Austurríki,,2.65,""
mynd_krosslond,vaent_notud,Slóvakía,,2.65,""
mynd_krosslond,vaent_notud,Evrusvæði (viðmið),,2.65,""
mynd_krosslond,vaent_notud,Grikkland,,2.65,""
mynd_krosslond,vaent_notud,Kýpur,,2.65,""
mynd_krosslond,vaent_notud,Frakkland,,2.65,""
mynd_krosslond,vaent_notud,Finnland,,2.65,""
mynd_krosslond,vaent_notud,Slóvenía,,2.65,""
mynd_krosslond,vaent_notud,Króatía,,2.65,""
mynd_krosslond,vaent_notud,Portúgal,,2.65,""
mynd_krosslond,vaent_notud,Spánn,,2.65,""
mynd_krosslond,vaent_notud,Búlgaría,,2.65,""
mynd_krosslond,vaent_notud,Malta,,2.65,""
mynd_krosslond,raungildi_beint,Ísland,,4.5,""
mynd_krosslond,raungildi_beint,Ungverjaland,,NaN,""
mynd_krosslond,raungildi_beint,Pólland,,NaN,""
mynd_krosslond,raungildi_beint,Rúmenía,,NaN,""
mynd_krosslond,raungildi_beint,Noregur,,NaN,""
mynd_krosslond,raungildi_beint,Tékkland,,NaN,""
mynd_krosslond,raungildi_beint,Lettland,,NaN,""
mynd_krosslond,raungildi_beint,Eistland,,NaN,""
mynd_krosslond,raungildi_beint,Litháen,,NaN,""
mynd_krosslond,raungildi_beint,Svíþjóð,,NaN,""
mynd_krosslond,raungildi_beint,Þýskaland,,NaN,""
mynd_krosslond,raungildi_beint,Danmörk,,NaN,""
mynd_krosslond,raungildi_beint,Holland,,NaN,""
mynd_krosslond,raungildi_beint,Belgía,,NaN,""
mynd_krosslond,raungildi_beint,Ítalía,,NaN,""
mynd_krosslond,raungildi_beint,Írland,,NaN,""
mynd_krosslond,raungildi_beint,Lúxemborg,,NaN,""
mynd_krosslond,raungildi_beint,Austurríki,,NaN,""
mynd_krosslond,raungildi_beint,Slóvakía,,NaN,""
mynd_krosslond,raungildi_beint,Evrusvæði (viðmið),,NaN,""
mynd_krosslond,raungildi_beint,Grikkland,,NaN,""
mynd_krosslond,raungildi_beint,Kýpur,,NaN,""
mynd_krosslond,raungildi_beint,Frakkland,,NaN,""
mynd_krosslond,raungildi_beint,Finnland,,NaN,""
mynd_krosslond,raungildi_beint,Slóvenía,,NaN,""
mynd_krosslond,raungildi_beint,Króatía,,NaN,""
mynd_krosslond,raungildi_beint,Portúgal,,NaN,""
mynd_krosslond,raungildi_beint,Spánn,,NaN,""
mynd_krosslond,raungildi_beint,Búlgaría,,NaN,""
mynd_krosslond,raungildi_beint,Malta,,NaN,""
mynd_krosslond,efri_mork,Ísland,,5.5,""
mynd_krosslond,efri_mork,Ungverjaland,,NaN,""
mynd_krosslond,efri_mork,Pólland,,NaN,""
mynd_krosslond,efri_mork,Rúmenía,,NaN,""
mynd_krosslond,efri_mork,Noregur,,NaN,""
mynd_krosslond,efri_mork,Tékkland,,NaN,""
mynd_krosslond,efri_mork,Lettland,,NaN,""
mynd_krosslond,efri_mork,Eistland,,NaN,""
mynd_krosslond,efri_mork,Litháen,,NaN,""
mynd_krosslond,efri_mork,Svíþjóð,,NaN,""
mynd_krosslond,efri_mork,Þýskaland,,NaN,""
mynd_krosslond,efri_mork,Danmörk,,NaN,""
mynd_krosslond,efri_mork,Holland,,NaN,""
mynd_krosslond,efri_mork,Belgía,,NaN,""
mynd_krosslond,efri_mork,Ítalía,,NaN,""
mynd_krosslond,efri_mork,Írland,,NaN,""
mynd_krosslond,efri_mork,Lúxemborg,,NaN,""
mynd_krosslond,efri_mork,Austurríki,,NaN,""
mynd_krosslond,efri_mork,Slóvakía,,NaN,""
mynd_krosslond,efri_mork,Evrusvæði (viðmið),,NaN,""
mynd_krosslond,efri_mork,Grikkland,,NaN,""
mynd_krosslond,efri_mork,Kýpur,,NaN,""
mynd_krosslond,efri_mork,Frakkland,,NaN,""
mynd_krosslond,efri_mork,Finnland,,NaN,""
mynd_krosslond,efri_mork,Slóvenía,,NaN,""
mynd_krosslond,efri_mork,Króatía,,NaN,""
mynd_krosslond,efri_mork,Portúgal,,NaN,""
mynd_krosslond,efri_mork,Spánn,,NaN,""
mynd_krosslond,efri_mork,Búlgaría,,NaN,""
mynd_krosslond,efri_mork,Malta,,NaN,""
mynd_krosslond,athugasemd,Ísland,,NaN,"Verðtryggt markaðsviðmið; efri mörk frá raunvöxtum óverðtryggðs breytilegs láns."
mynd_krosslond,athugasemd,Ungverjaland,,NaN,""
mynd_krosslond,athugasemd,Pólland,,NaN,""
mynd_krosslond,athugasemd,Rúmenía,,NaN,"RON-vextir úr ECB MIR; vænt verðbólga úr vorspá framkvæmdastjórnar ESB."
mynd_krosslond,athugasemd,Noregur,,NaN,""
mynd_krosslond,athugasemd,Tékkland,,NaN,""
mynd_krosslond,athugasemd,Lettland,,NaN,""
mynd_krosslond,athugasemd,Eistland,,NaN,""
mynd_krosslond,athugasemd,Litháen,,NaN,""
mynd_krosslond,athugasemd,Svíþjóð,,NaN,""
mynd_krosslond,athugasemd,Þýskaland,,NaN,""
mynd_krosslond,athugasemd,Danmörk,,NaN,"Eigin gjaldmiðill, fasttengdur evru."
mynd_krosslond,athugasemd,Holland,,NaN,""
mynd_krosslond,athugasemd,Belgía,,NaN,""
mynd_krosslond,athugasemd,Ítalía,,NaN,""
mynd_krosslond,athugasemd,Írland,,NaN,""
mynd_krosslond,athugasemd,Lúxemborg,,NaN,""
mynd_krosslond,athugasemd,Austurríki,,NaN,""
mynd_krosslond,athugasemd,Slóvakía,,NaN,""
mynd_krosslond,athugasemd,Evrusvæði (viðmið),,NaN,""
mynd_krosslond,athugasemd,Grikkland,,NaN,""
mynd_krosslond,athugasemd,Kýpur,,NaN,""
mynd_krosslond,athugasemd,Frakkland,,NaN,""
mynd_krosslond,athugasemd,Finnland,,NaN,""
mynd_krosslond,athugasemd,Slóvenía,,NaN,""
mynd_krosslond,athugasemd,Króatía,,NaN,""
mynd_krosslond,athugasemd,Portúgal,,NaN,""
mynd_krosslond,athugasemd,Spánn,,NaN,""
mynd_krosslond,athugasemd,Búlgaría,,NaN,""
mynd_krosslond,athugasemd,Malta,,NaN,""
lanaform,lanstimi,Frakkland,,NaN,"≈20-23 ár"
lanaform,lanstimi,Þýskaland,,NaN,"≈25-30 ár"
lanaform,lanstimi,Holland,,NaN,"≈30 ár"
lanaform,lanstimi,Belgía,,NaN,"≈20 ár"
lanaform,lanstimi,Austurríki,,NaN,"≈25-30 ár"
lanaform,lanstimi,Ítalía,,NaN,"≈25 ár"
lanaform,lanstimi,Spánn,,NaN,"≈24 ár"
lanaform,lanstimi,Portúgal,,NaN,"≈31 ár"
lanaform,lanstimi,Írland,,NaN,"≈25-30 ár"
lanaform,lanstimi,Grikkland,,NaN,"≈20-25 ár"
lanaform,lanstimi,Finnland,,NaN,"≈20-25 ár"
lanaform,lanstimi,Kýpur,,NaN,"≈20-25 ár"
lanaform,lanstimi,Malta,,NaN,"≈25-40 ár"
lanaform,lanstimi,Slóvenía,,NaN,"≈20 ár"
lanaform,lanstimi,Slóvakía,,NaN,"≈20-30 ár"
lanaform,lanstimi,Eistland,,NaN,"≈25-30 ár"
lanaform,lanstimi,Lettland,,NaN,"≈20-30 ár"
lanaform,lanstimi,Litháen,,NaN,"≈25 ár"
lanaform,lanstimi,Lúxemborg,,NaN,"≈25-30 ár"
lanaform,lanstimi,Króatía,,NaN,"≈20-25 ár"
lanaform,lanstimi,Búlgaría,,NaN,"≈25 ár"
lanaform,festutimi,Frakkland,,NaN,"fast til lokadags"
lanaform,festutimi,Þýskaland,,NaN,"fast 10-15 ár"
lanaform,festutimi,Holland,,NaN,"fast 10-20 ár"
lanaform,festutimi,Belgía,,NaN,"fast (langt)"
lanaform,festutimi,Austurríki,,NaN,"blandað; fastir vextir algengir"
lanaform,festutimi,Ítalía,,NaN,"nú einkum fast"
lanaform,festutimi,Spánn,,NaN,"nú einkum fast"
lanaform,festutimi,Portúgal,,NaN,"var breytilegt, nú fast"
lanaform,festutimi,Írland,,NaN,"breytilegt + fast 1-5 ár"
lanaform,festutimi,Grikkland,,NaN,"að mestu breytilegt"
lanaform,festutimi,Finnland,,NaN,">90% breytilegt (Euribor)"
lanaform,festutimi,Kýpur,,NaN,"að mestu breytilegt"
lanaform,festutimi,Malta,,NaN,"breytilegt"
lanaform,festutimi,Slóvenía,,NaN,"blandað, fast lán vaxandi hluti"
lanaform,festutimi,Slóvakía,,NaN,"fast 3-5 ár algengt"
lanaform,festutimi,Eistland,,NaN,"að mestu breytilegt (Euribor)"
lanaform,festutimi,Lettland,,NaN,"að mestu breytilegt (Euribor)"
lanaform,festutimi,Litháen,,NaN,">90% breytilegt (Euribor)"
lanaform,festutimi,Lúxemborg,,NaN,"blandað; fastir og breytilegir vextir"
lanaform,festutimi,Króatía,,NaN,"blandað"
lanaform,festutimi,Búlgaría,,NaN,"að mestu breytilegt"
lanaform,uppgreidsla,Frakkland,,NaN,"já; þak ≤6 mán. vextir"
lanaform,uppgreidsla,Þýskaland,,NaN,"sekt á festutíma; frjáls eftir 10 ár"
lanaform,uppgreidsla,Holland,,NaN,"sektarlaus ≤10-20%/ári"
lanaform,uppgreidsla,Belgía,,NaN,"þak 3 mán. vextir"
lanaform,uppgreidsla,Austurríki,,NaN,"rofgjald á festutíma"
lanaform,uppgreidsla,Ítalía,,NaN,"engin sekt (Bersani 2007)"
lanaform,uppgreidsla,Spánn,,NaN,"þak (lög 5/2019)"
lanaform,uppgreidsla,Portúgal,,NaN,"þak: breyt. 0,5%, fast 2%"
lanaform,uppgreidsla,Írland,,NaN,"breyt. frjáls; fast: rofgjald"
lanaform,uppgreidsla,Grikkland,,NaN,"þak"
lanaform,uppgreidsla,Finnland,,NaN,"frjáls, lítil sekt"
lanaform,uppgreidsla,Kýpur,,NaN,"breyt. frjáls"
lanaform,uppgreidsla,Malta,,NaN,"frjáls"
lanaform,uppgreidsla,Slóvenía,,NaN,"þak"
lanaform,uppgreidsla,Slóvakía,,NaN,"takmarkað rofgjald"
lanaform,uppgreidsla,Eistland,,NaN,"frjáls, lítil sekt"
lanaform,uppgreidsla,Lettland,,NaN,"frjáls, lítil sekt"
lanaform,uppgreidsla,Litháen,,NaN,"frjáls, lítil sekt"
lanaform,uppgreidsla,Lúxemborg,,NaN,"rofgjald getur gilt"
lanaform,uppgreidsla,Króatía,,NaN,"takmarkað rofgjald"
lanaform,uppgreidsla,Búlgaría,,NaN,"breyt. frjáls"
rikisbref_1992_2002,vextir_10ara,DE,1992,7.9,""
rikisbref_1992_2002,vextir_10ara,DE,1994,6.9,""
rikisbref_1992_2002,vextir_10ara,DE,1996,6.2,""
rikisbref_1992_2002,vextir_10ara,DE,1998,4.6,""
rikisbref_1992_2002,vextir_10ara,DE,2000,5.3,""
rikisbref_1992_2002,vextir_10ara,DE,2002,4.8,""
rikisbref_1992_2002,vextir_10ara,IT,1992,13.3,""
rikisbref_1992_2002,vextir_10ara,IT,1994,10.6,""
rikisbref_1992_2002,vextir_10ara,IT,1996,9.4,""
rikisbref_1992_2002,vextir_10ara,IT,1998,4.9,""
rikisbref_1992_2002,vextir_10ara,IT,2000,5.6,""
rikisbref_1992_2002,vextir_10ara,IT,2002,5,""
rikisbref_1992_2002,vextir_10ara,ES,1992,11.7,""
rikisbref_1992_2002,vextir_10ara,ES,1994,10,""
rikisbref_1992_2002,vextir_10ara,ES,1996,8.7,""
rikisbref_1992_2002,vextir_10ara,ES,1998,4.8,""
rikisbref_1992_2002,vextir_10ara,ES,2000,5.5,""
rikisbref_1992_2002,vextir_10ara,ES,2002,5,""
rikisbref_1992_2002,vextir_10ara,PT,1992,13.8,""
rikisbref_1992_2002,vextir_10ara,PT,1994,11,""
rikisbref_1992_2002,vextir_10ara,PT,1996,8.6,""
rikisbref_1992_2002,vextir_10ara,PT,1998,4.9,""
rikisbref_1992_2002,vextir_10ara,PT,2000,5.6,""
rikisbref_1992_2002,vextir_10ara,PT,2002,5,""
rikisbref_1992_2002,vextir_10ara,IE,1992,9.1,""
rikisbref_1992_2002,vextir_10ara,IE,1994,7.7,""
rikisbref_1992_2002,vextir_10ara,IE,1996,7.3,""
rikisbref_1992_2002,vextir_10ara,IE,1998,4.8,""
rikisbref_1992_2002,vextir_10ara,IE,2000,5.5,""
rikisbref_1992_2002,vextir_10ara,IE,2002,5,""
rikisbref_1992_2002,vextir_10ara,GR,1992,24.13,""
rikisbref_1992_2002,vextir_10ara,GR,1994,20.7,""
rikisbref_1992_2002,vextir_10ara,GR,1996,14.43,""
rikisbref_1992_2002,vextir_10ara,GR,1998,8.48,""
rikisbref_1992_2002,vextir_10ara,GR,2000,6.1,""
rikisbref_1992_2002,vextir_10ara,GR,2002,5.12,""
ny_evru_riki,vextir_10ara,Germany,2002.25,5.12,"2002H1"
ny_evru_riki,vextir_10ara,Germany,2002.75,4.52,"2002H2"
ny_evru_riki,vextir_10ara,Germany,2003.25,3.95,"2003H1"
ny_evru_riki,vextir_10ara,Germany,2003.75,4.19,"2003H2"
ny_evru_riki,vextir_10ara,Germany,2004.25,4.14,"2004H1"
ny_evru_riki,vextir_10ara,Germany,2004.75,3.93,"2004H2"
ny_evru_riki,vextir_10ara,Germany,2005.25,3.45,"2005H1"
ny_evru_riki,vextir_10ara,Germany,2005.75,3.26,"2005H2"
ny_evru_riki,vextir_10ara,Germany,2006.25,3.71,"2006H1"
ny_evru_riki,vextir_10ara,Germany,2006.75,3.82,"2006H2"
ny_evru_riki,vextir_10ara,Germany,2007.25,4.17,"2007H1"
ny_evru_riki,vextir_10ara,Slovenia,2002.25,9.39,"2002H1"
ny_evru_riki,vextir_10ara,Slovenia,2002.75,8.26,"2002H2"
ny_evru_riki,vextir_10ara,Slovenia,2003.25,6.65,"2003H1"
ny_evru_riki,vextir_10ara,Slovenia,2003.75,6.15,"2003H2"
ny_evru_riki,vextir_10ara,Slovenia,2004.25,4.9,"2004H1"
ny_evru_riki,vextir_10ara,Slovenia,2004.75,4.46,"2004H2"
ny_evru_riki,vextir_10ara,Slovenia,2005.25,3.91,"2005H1"
ny_evru_riki,vextir_10ara,Slovenia,2005.75,3.71,"2005H2"
ny_evru_riki,vextir_10ara,Slovenia,2006.25,3.76,"2006H1"
ny_evru_riki,vextir_10ara,Slovenia,2006.75,3.94,"2006H2"
ny_evru_riki,vextir_10ara,Slovenia,2007.25,4.43,"2007H1"
ny_evru_riki,vextir_10ara,Malta,2002.25,5.9,"2002H1"
ny_evru_riki,vextir_10ara,Malta,2002.75,5.66,"2002H2"
ny_evru_riki,vextir_10ara,Malta,2003.25,5.32,"2003H1"
ny_evru_riki,vextir_10ara,Malta,2003.75,4.76,"2003H2"
ny_evru_riki,vextir_10ara,Malta,2004.25,4.68,"2004H1"
ny_evru_riki,vextir_10ara,Malta,2004.75,4.69,"2004H2"
ny_evru_riki,vextir_10ara,Malta,2005.25,4.68,"2005H1"
ny_evru_riki,vextir_10ara,Malta,2005.75,4.43,"2005H2"
ny_evru_riki,vextir_10ara,Malta,2006.25,4.3,"2006H1"
ny_evru_riki,vextir_10ara,Malta,2006.75,4.33,"2006H2"
ny_evru_riki,vextir_10ara,Malta,2007.25,4.54,"2007H1"
ny_evru_riki,vextir_10ara,Slovakia,2002.25,7.59,"2002H1"
ny_evru_riki,vextir_10ara,Slovakia,2002.75,6.36,"2002H2"
ny_evru_riki,vextir_10ara,Slovakia,2003.25,4.87,"2003H1"
ny_evru_riki,vextir_10ara,Slovakia,2003.75,5.1,"2003H2"
ny_evru_riki,vextir_10ara,Slovakia,2004.25,5.11,"2004H1"
ny_evru_riki,vextir_10ara,Slovakia,2004.75,4.94,"2004H2"
ny_evru_riki,vextir_10ara,Slovakia,2005.25,3.68,"2005H1"
ny_evru_riki,vextir_10ara,Slovakia,2005.75,3.36,"2005H2"
ny_evru_riki,vextir_10ara,Slovakia,2006.25,4.13,"2006H1"
ny_evru_riki,vextir_10ara,Slovakia,2006.75,4.69,"2006H2"
ny_evru_riki,vextir_10ara,Slovakia,2007.25,4.35,"2007H1"
eystrasalt,vextir_10ara,DE,2001.2500,4.855,""
eystrasalt,vextir_10ara,DE,2001.7500,4.74,""
eystrasalt,vextir_10ara,DE,2002.2500,5.0467,""
eystrasalt,vextir_10ara,DE,2002.7500,4.5183,""
eystrasalt,vextir_10ara,DE,2003.2500,3.9533,""
eystrasalt,vextir_10ara,DE,2003.7500,4.1883,""
eystrasalt,vextir_10ara,DE,2004.2500,4.1417,""
eystrasalt,vextir_10ara,DE,2004.7500,3.9317,""
eystrasalt,vextir_10ara,DE,2005.2500,3.4517,""
eystrasalt,vextir_10ara,DE,2005.7500,3.255,""
eystrasalt,vextir_10ara,DE,2006.2500,3.7067,""
eystrasalt,vextir_10ara,DE,2006.7500,3.8183,""
eystrasalt,vextir_10ara,DE,2007.2500,4.1667,""
eystrasalt,vextir_10ara,DE,2007.7500,4.2667,""
eystrasalt,vextir_10ara,DE,2008.2500,4.09,""
eystrasalt,vextir_10ara,DE,2008.7500,3.8783,""
eystrasalt,vextir_10ara,DE,2009.2500,3.1983,""
eystrasalt,vextir_10ara,DE,2009.7500,3.2467,""
eystrasalt,vextir_10ara,DE,2010.2500,2.9767,""
eystrasalt,vextir_10ara,DE,2010.7500,2.51,""
eystrasalt,vextir_10ara,DE,2011.2500,3.12,""
eystrasalt,vextir_10ara,DE,2011.7500,2.0967,""
eystrasalt,vextir_10ara,DE,2012.2500,1.6267,""
eystrasalt,vextir_10ara,DE,2012.7500,1.3633,""
eystrasalt,vextir_10ara,DE,2013.2500,1.4033,""
eystrasalt,vextir_10ara,DE,2013.7500,1.7367,""
eystrasalt,vextir_10ara,DE,2014.2500,1.48,""
eystrasalt,vextir_10ara,DE,2014.7500,0.8467,""
eystrasalt,vextir_10ara,DE,2015.2500,0.3983,""
eystrasalt,vextir_10ara,DE,2015.7500,0.5933,""
eystrasalt,vextir_10ara,DE,2016.2500,0.1683,""
eystrasalt,vextir_10ara,DE,2016.7500,0.0117,""
eystrasalt,vextir_10ara,LT,2001.2500,8.8567,""
eystrasalt,vextir_10ara,LT,2001.7500,7.45,""
eystrasalt,vextir_10ara,LT,2002.2500,6.2033,""
eystrasalt,vextir_10ara,LT,2002.7500,5.9217,""
eystrasalt,vextir_10ara,LT,2003.2500,5.6617,""
eystrasalt,vextir_10ara,LT,2003.7500,4.9833,""
eystrasalt,vextir_10ara,LT,2004.2500,4.6233,""
eystrasalt,vextir_10ara,LT,2004.7500,4.3817,""
eystrasalt,vextir_10ara,LT,2005.2500,3.8083,""
eystrasalt,vextir_10ara,LT,2005.7500,3.59,""
eystrasalt,vextir_10ara,LT,2006.2500,3.8817,""
eystrasalt,vextir_10ara,LT,2006.7500,4.28,""
eystrasalt,vextir_10ara,LT,2007.2500,4.3183,""
eystrasalt,vextir_10ara,LT,2007.7500,4.7733,""
eystrasalt,vextir_10ara,LT,2008.2500,4.72,""
eystrasalt,vextir_10ara,LT,2008.7500,6.495,""
eystrasalt,vextir_10ara,LT,2009.2500,14.4083,""
eystrasalt,vextir_10ara,LT,2009.7500,13.6,""
eystrasalt,vextir_10ara,LT,2010.2500,5.9833,""
eystrasalt,vextir_10ara,LT,2010.7500,5.15,""
eystrasalt,vextir_10ara,LT,2011.2500,5.1117,""
eystrasalt,vextir_10ara,LT,2011.7500,5.2083,""
eystrasalt,vextir_10ara,LT,2012.2500,5.225,""
eystrasalt,vextir_10ara,LT,2012.7500,4.4367,""
eystrasalt,vextir_10ara,LT,2013.2500,3.8683,""
eystrasalt,vextir_10ara,LT,2013.7500,3.795,""
eystrasalt,vextir_10ara,LT,2014.2500,3.2067,""
eystrasalt,vextir_10ara,LT,2014.7500,2.3783,""
eystrasalt,vextir_10ara,LT,2015.2500,1.1583,""
eystrasalt,vextir_10ara,LT,2015.7500,1.6033,""
eystrasalt,vextir_10ara,LT,2016.2500,1.2233,""
eystrasalt,vextir_10ara,LT,2016.7500,0.5733,""
eystrasalt,vextir_10ara,LV,2001.2500,7.7333,""
eystrasalt,vextir_10ara,LV,2001.7500,7.4133,""
eystrasalt,vextir_10ara,LV,2002.2500,5.8133,""
eystrasalt,vextir_10ara,LV,2002.7500,5.0033,""
eystrasalt,vextir_10ara,LV,2003.2500,4.8683,""
eystrasalt,vextir_10ara,LV,2003.7500,4.9333,""
eystrasalt,vextir_10ara,LV,2004.2500,4.9767,""
eystrasalt,vextir_10ara,LV,2004.7500,4.7383,""
eystrasalt,vextir_10ara,LV,2005.2500,3.9783,""
eystrasalt,vextir_10ara,LV,2005.7500,3.7717,""
eystrasalt,vextir_10ara,LV,2006.2500,3.69,""
eystrasalt,vextir_10ara,LV,2006.7500,4.5767,""
eystrasalt,vextir_10ara,LV,2007.2500,5.3833,""
eystrasalt,vextir_10ara,LV,2007.7500,5.1817,""
eystrasalt,vextir_10ara,LV,2008.2500,5.6967,""
eystrasalt,vextir_10ara,LV,2008.7500,7.1667,""
eystrasalt,vextir_10ara,LV,2009.2500,11.4083,""
eystrasalt,vextir_10ara,LV,2009.7500,13.3067,""
eystrasalt,vextir_10ara,LV,2010.2500,11.3833,""
eystrasalt,vextir_10ara,LV,2010.7500,9.2917,""
eystrasalt,vextir_10ara,LV,2011.2500,6.1233,""
eystrasalt,vextir_10ara,LV,2011.7500,5.6917,""
eystrasalt,vextir_10ara,LV,2012.2500,5.2767,""
eystrasalt,vextir_10ara,LV,2012.7500,3.8533,""
eystrasalt,vextir_10ara,LV,2013.2500,3.17,""
eystrasalt,vextir_10ara,LV,2013.7500,3.51,""
eystrasalt,vextir_10ara,LV,2014.2500,2.915,""
eystrasalt,vextir_10ara,LV,2014.7500,2.1017,""
eystrasalt,vextir_10ara,LV,2015.2500,0.83,""
eystrasalt,vextir_10ara,LV,2015.7500,1.0967,""
eystrasalt,vextir_10ara,LV,2016.2500,0.7067,""
eystrasalt,vextir_10ara,LV,2016.7500,0.3617,""
island_finnland,policy_nominal_spread,,1999-01-01,4.22,""
island_finnland,policy_nominal_spread,,1999-02-01,4.294,""
island_finnland,policy_nominal_spread,,1999-03-01,4.59,""
island_finnland,policy_nominal_spread,,1999-04-01,4.9567,""
island_finnland,policy_nominal_spread,,1999-05-01,5.09,""
island_finnland,policy_nominal_spread,,1999-06-01,5.331,""
island_finnland,policy_nominal_spread,,1999-07-01,5.55,""
island_finnland,policy_nominal_spread,,1999-08-01,5.55,""
island_finnland,policy_nominal_spread,,1999-09-01,5.8,""
island_finnland,policy_nominal_spread,,1999-10-01,6.1,""
island_finnland,policy_nominal_spread,,1999-11-01,5.6667,""
island_finnland,policy_nominal_spread,,1999-12-01,5.6,""
island_finnland,policy_nominal_spread,,2000-01-01,6.1475,""
island_finnland,policy_nominal_spread,,2000-02-01,6.273,""
island_finnland,policy_nominal_spread,,2000-03-01,6.229,""
island_finnland,policy_nominal_spread,,2000-04-01,6.075,""
island_finnland,policy_nominal_spread,,2000-05-01,5.85,""
island_finnland,policy_nominal_spread,,2000-06-01,5.7363,""
island_finnland,policy_nominal_spread,,2000-07-01,5.81,""
island_finnland,policy_nominal_spread,,2000-08-01,5.81,""
island_finnland,policy_nominal_spread,,2000-09-01,5.56,""
island_finnland,policy_nominal_spread,,2000-10-01,5.3826,""
island_finnland,policy_nominal_spread,,2000-11-01,6.02,""
island_finnland,policy_nominal_spread,,2000-12-01,6.02,""
island_finnland,policy_nominal_spread,,2001-01-01,6.02,""
island_finnland,policy_nominal_spread,,2001-02-01,6.02,""
island_finnland,policy_nominal_spread,,2001-03-01,5.94,""
island_finnland,policy_nominal_spread,,2001-04-01,5.58,""
island_finnland,policy_nominal_spread,,2001-05-01,5.7494,""
island_finnland,policy_nominal_spread,,2001-06-01,5.83,""
island_finnland,policy_nominal_spread,,2001-07-01,5.83,""
island_finnland,policy_nominal_spread,,2001-08-01,5.8381,""
island_finnland,policy_nominal_spread,,2001-09-01,6.2967,""
island_finnland,policy_nominal_spread,,2001-10-01,6.58,""
island_finnland,policy_nominal_spread,,2001-11-01,6.3826,""
island_finnland,policy_nominal_spread,,2001-12-01,6.35,""
island_finnland,policy_nominal_spread,,2002-01-01,6.35,""
island_finnland,policy_nominal_spread,,2002-02-01,6.35,""
island_finnland,policy_nominal_spread,,2002-03-01,6.3026,""
island_finnland,policy_nominal_spread,,2002-04-01,5.8865,""
island_finnland,policy_nominal_spread,,2002-05-01,5.377,""
island_finnland,policy_nominal_spread,,2002-06-01,5.0421,""
island_finnland,policy_nominal_spread,,2002-07-01,4.9,""
island_finnland,policy_nominal_spread,,2002-08-01,4.3267,""
island_finnland,policy_nominal_spread,,2002-09-01,3.8629,""
island_finnland,policy_nominal_spread,,2002-10-01,3.4417,""
island_finnland,policy_nominal_spread,,2002-11-01,2.9171,""
island_finnland,policy_nominal_spread,,2002-12-01,2.9972,""
island_finnland,policy_nominal_spread,,2003-01-01,2.88,""
island_finnland,policy_nominal_spread,,2003-02-01,2.5275,""
island_finnland,policy_nominal_spread,,2003-03-01,2.6116,""
island_finnland,policy_nominal_spread,,2003-04-01,2.66,""
island_finnland,policy_nominal_spread,,2003-05-01,2.66,""
island_finnland,policy_nominal_spread,,2003-06-01,3.0767,""
island_finnland,policy_nominal_spread,,2003-07-01,3.16,""
island_finnland,policy_nominal_spread,,2003-08-01,3.16,""
island_finnland,policy_nominal_spread,,2003-09-01,3.16,""
island_finnland,policy_nominal_spread,,2003-10-01,3.16,""
island_finnland,policy_nominal_spread,,2003-11-01,3.16,""
island_finnland,policy_nominal_spread,,2003-12-01,3.16,""
island_finnland,policy_nominal_spread,,2004-01-01,3.16,""
island_finnland,policy_nominal_spread,,2004-02-01,3.16,""
island_finnland,policy_nominal_spread,,2004-03-01,3.16,""
island_finnland,policy_nominal_spread,,2004-04-01,3.16,""
island_finnland,policy_nominal_spread,,2004-05-01,3.32,""
island_finnland,policy_nominal_spread,,2004-06-01,3.59,""
island_finnland,policy_nominal_spread,,2004-07-01,4.06,""
island_finnland,policy_nominal_spread,,2004-08-01,4.06,""
island_finnland,policy_nominal_spread,,2004-09-01,4.2736,""
island_finnland,policy_nominal_spread,,2004-10-01,4.5519,""
island_finnland,policy_nominal_spread,,2004-11-01,4.99,""
island_finnland,policy_nominal_spread,,2004-12-01,5.8777,""
island_finnland,policy_nominal_spread,,2005-01-01,5.92,""
island_finnland,policy_nominal_spread,,2005-02-01,6.081,""
island_finnland,policy_nominal_spread,,2005-03-01,6.4375,""
island_finnland,policy_nominal_spread,,2005-04-01,6.61,""
island_finnland,policy_nominal_spread,,2005-05-01,6.61,""
island_finnland,policy_nominal_spread,,2005-06-01,7.0262,""
island_finnland,policy_nominal_spread,,2005-07-01,7.07,""
island_finnland,policy_nominal_spread,,2005-08-01,7.07,""
island_finnland,policy_nominal_spread,,2005-09-01,7.1318,""
island_finnland,policy_nominal_spread,,2005-10-01,7.75,""
island_finnland,policy_nominal_spread,,2005-11-01,7.75,""
island_finnland,policy_nominal_spread,,2005-12-01,7.7498,""
island_finnland,policy_nominal_spread,,2006-01-01,7.7638,""
island_finnland,policy_nominal_spread,,2006-02-01,7.95,""
island_finnland,policy_nominal_spread,,2006-03-01,7.8147,""
island_finnland,policy_nominal_spread,,2006-04-01,8.37,""
island_finnland,policy_nominal_spread,,2006-05-01,8.6571,""
island_finnland,policy_nominal_spread,,2006-06-01,8.9067,""
island_finnland,policy_nominal_spread,,2006-07-01,9.3643,""
island_finnland,policy_nominal_spread,,2006-08-01,9.5145,""
island_finnland,policy_nominal_spread,,2006-09-01,9.9014,""
island_finnland,policy_nominal_spread,,2006-10-01,9.9206,""
island_finnland,policy_nominal_spread,,2006-11-01,9.84,""
island_finnland,policy_nominal_spread,,2006-12-01,9.742,""
island_finnland,policy_nominal_spread,,2007-01-01,9.8,""
island_finnland,policy_nominal_spread,,2007-02-01,9.8,""
island_finnland,policy_nominal_spread,,2007-03-01,9.6548,""
island_finnland,policy_nominal_spread,,2007-04-01,9.55,""
island_finnland,policy_nominal_spread,,2007-05-01,9.55,""
island_finnland,policy_nominal_spread,,2007-06-01,9.4,""
island_finnland,policy_nominal_spread,,2007-07-01,9.3,""
island_finnland,policy_nominal_spread,,2007-08-01,9.3,""
island_finnland,policy_nominal_spread,,2007-09-01,9.3,""
island_finnland,policy_nominal_spread,,2007-10-01,9.3,""
island_finnland,policy_nominal_spread,,2007-11-01,9.75,""
island_finnland,policy_nominal_spread,,2007-12-01,9.75,""
island_finnland,policy_nominal_spread,,2008-01-01,9.75,""
island_finnland,policy_nominal_spread,,2008-02-01,9.75,""
island_finnland,policy_nominal_spread,,2008-03-01,10.0972,""
island_finnland,policy_nominal_spread,,2008-04-01,11.3333,""
island_finnland,policy_nominal_spread,,2008-05-01,11.5,""
island_finnland,policy_nominal_spread,,2008-06-01,11.5,""
island_finnland,policy_nominal_spread,,2008-07-01,11.3145,""
island_finnland,policy_nominal_spread,,2008-08-01,11.25,""
island_finnland,policy_nominal_spread,,2008-09-01,11.25,""
island_finnland,policy_nominal_spread,,2008-10-01,10.5894,""
island_finnland,policy_nominal_spread,,2008-11-01,14.5667,""
island_finnland,policy_nominal_spread,,2008-12-01,15.2823,""
island_finnland,policy_nominal_spread,,2009-01-01,15.6774,""
island_finnland,policy_nominal_spread,,2009-02-01,16,""
island_finnland,policy_nominal_spread,,2009-03-01,15.9296,""
island_finnland,policy_nominal_spread,,2009-04-01,11.6083,""
island_finnland,policy_nominal_spread,,2009-05-01,8.8769,""
island_finnland,policy_nominal_spread,,2009-06-01,8.5,""
island_finnland,policy_nominal_spread,,2009-07-01,8.5,""
island_finnland,policy_nominal_spread,,2009-08-01,8.5,""
island_finnland,policy_nominal_spread,,2009-09-01,8.5,""
island_finnland,policy_nominal_spread,,2009-10-01,8.75,""
island_finnland,policy_nominal_spread,,2009-11-01,8.6429,""
island_finnland,policy_nominal_spread,,2009-12-01,8.2917,""
island_finnland,policy_nominal_spread,,2010-01-01,8.05,""
island_finnland,policy_nominal_spread,,2010-02-01,7.625,""
island_finnland,policy_nominal_spread,,2010-03-01,7.3859,""
island_finnland,policy_nominal_spread,,2010-04-01,7.125,""
island_finnland,policy_nominal_spread,,2010-05-01,6.6776,""
island_finnland,policy_nominal_spread,,2010-06-01,6.4821,""
island_finnland,policy_nominal_spread,,2010-07-01,6.125,""
island_finnland,policy_nominal_spread,,2010-08-01,5.6726,""
island_finnland,policy_nominal_spread,,2010-09-01,4.8864,""
island_finnland,policy_nominal_spread,,2010-10-01,4.375,""
island_finnland,policy_nominal_spread,,2010-11-01,3.6932,""
island_finnland,policy_nominal_spread,,2010-12-01,3.0455,""
island_finnland,policy_nominal_spread,,2011-01-01,2.875,""
island_finnland,policy_nominal_spread,,2011-02-01,2.6375,""
island_finnland,policy_nominal_spread,,2011-03-01,2.625,""
island_finnland,policy_nominal_spread,,2011-04-01,2.475,""
island_finnland,policy_nominal_spread,,2011-05-01,2.375,""
island_finnland,policy_nominal_spread,,2011-06-01,2.375,""
island_finnland,policy_nominal_spread,,2011-07-01,2.2218,""
island_finnland,policy_nominal_spread,,2011-08-01,2.25,""
island_finnland,policy_nominal_spread,,2011-09-01,2.375,""
island_finnland,policy_nominal_spread,,2011-10-01,2.375,""
island_finnland,policy_nominal_spread,,2011-11-01,2.797,""
island_finnland,policy_nominal_spread,,2011-12-01,3.0202,""
island_finnland,policy_nominal_spread,,2012-01-01,3.125,""
island_finnland,policy_nominal_spread,,2012-02-01,3.125,""
island_finnland,policy_nominal_spread,,2012-03-01,3.2159,""
island_finnland,policy_nominal_spread,,2012-04-01,3.375,""
island_finnland,policy_nominal_spread,,2012-05-01,3.625,""
island_finnland,policy_nominal_spread,,2012-06-01,4.0298,""
island_finnland,policy_nominal_spread,,2012-07-01,4.2944,""
island_finnland,policy_nominal_spread,,2012-08-01,4.375,""
island_finnland,policy_nominal_spread,,2012-09-01,4.375,""
island_finnland,policy_nominal_spread,,2012-10-01,4.375,""
island_finnland,policy_nominal_spread,,2012-11-01,4.5227,""
island_finnland,policy_nominal_spread,,2012-12-01,4.625,""
island_finnland,policy_nominal_spread,,2013-01-01,4.625,""
island_finnland,policy_nominal_spread,,2013-02-01,4.625,""
island_finnland,policy_nominal_spread,,2013-03-01,4.625,""
island_finnland,policy_nominal_spread,,2013-04-01,4.625,""
island_finnland,policy_nominal_spread,,2013-05-01,4.8185,""
island_finnland,policy_nominal_spread,,2013-06-01,4.875,""
island_finnland,policy_nominal_spread,,2013-07-01,4.875,""
island_finnland,policy_nominal_spread,,2013-08-01,4.875,""
island_finnland,policy_nominal_spread,,2013-09-01,4.875,""
island_finnland,policy_nominal_spread,,2013-10-01,4.875,""
island_finnland,policy_nominal_spread,,2013-11-01,5.025,""
island_finnland,policy_nominal_spread,,2013-12-01,5.125,""
island_finnland,policy_nominal_spread,,2014-01-01,5.125,""
island_finnland,policy_nominal_spread,,2014-02-01,5.125,""
island_finnland,policy_nominal_spread,,2014-03-01,5.125,""
island_finnland,policy_nominal_spread,,2014-04-01,5.125,""
island_finnland,policy_nominal_spread,,2014-05-01,5.0812,""
island_finnland,policy_nominal_spread,,2014-06-01,5.0667,""
island_finnland,policy_nominal_spread,,2014-07-01,5.1,""
island_finnland,policy_nominal_spread,,2014-08-01,5.1,""
island_finnland,policy_nominal_spread,,2014-09-01,5.17,""
island_finnland,policy_nominal_spread,,2014-10-01,5.2,""
island_finnland,policy_nominal_spread,,2014-11-01,4.975,""
island_finnland,policy_nominal_spread,,2014-12-01,4.625,""
island_finnland,policy_nominal_spread,,2015-01-01,4.45,""
island_finnland,policy_nominal_spread,,2015-02-01,4.45,""
island_finnland,policy_nominal_spread,,2015-03-01,4.45,""
island_finnland,policy_nominal_spread,,2015-04-01,4.45,""
island_finnland,policy_nominal_spread,,2015-05-01,4.45,""
island_finnland,policy_nominal_spread,,2015-06-01,4.7833,""
island_finnland,policy_nominal_spread,,2015-07-01,4.95,""
island_finnland,policy_nominal_spread,,2015-08-01,5.175,""
island_finnland,policy_nominal_spread,,2015-09-01,5.45,""
island_finnland,policy_nominal_spread,,2015-10-01,5.45,""
island_finnland,policy_nominal_spread,,2015-11-01,5.6762,""
island_finnland,policy_nominal_spread,,2015-12-01,5.7,""
island_finnland,policy_nominal_spread,,2016-01-01,5.7,""
island_finnland,policy_nominal_spread,,2016-02-01,5.7,""
island_finnland,policy_nominal_spread,,2016-03-01,5.7258,""
island_finnland,policy_nominal_spread,,2016-04-01,5.75,""
island_finnland,policy_nominal_spread,,2016-05-01,5.75,""
island_finnland,policy_nominal_spread,,2016-06-01,5.75,""
island_finnland,policy_nominal_spread,,2016-07-01,5.75,""
island_finnland,policy_nominal_spread,,2016-08-01,5.6136,""
island_finnland,policy_nominal_spread,,2016-09-01,5.25,""
island_finnland,policy_nominal_spread,,2016-10-01,5.25,""
island_finnland,policy_nominal_spread,,2016-11-01,5.25,""
island_finnland,policy_nominal_spread,,2016-12-01,5.1071,""
island_finnland,policy_nominal_spread,,2017-01-01,5,""
island_finnland,policy_nominal_spread,,2017-02-01,5,""
island_finnland,policy_nominal_spread,,2017-03-01,5,""
island_finnland,policy_nominal_spread,,2017-04-01,5,""
island_finnland,policy_nominal_spread,,2017-05-01,4.875,""
island_finnland,policy_nominal_spread,,2017-06-01,4.5952,""
island_finnland,policy_nominal_spread,,2017-07-01,4.5,""
island_finnland,policy_nominal_spread,,2017-08-01,4.5,""
island_finnland,policy_nominal_spread,,2017-09-01,4.5,""
island_finnland,policy_nominal_spread,,2017-10-01,4.2727,""
island_finnland,policy_nominal_spread,,2017-11-01,4.25,""
island_finnland,policy_nominal_spread,,2017-12-01,4.25,""
island_finnland,policy_nominal_spread,,2018-01-01,4.25,""
island_finnland,policy_nominal_spread,,2018-02-01,4.25,""
island_finnland,policy_nominal_spread,,2018-03-01,4.25,""
island_finnland,policy_nominal_spread,,2018-04-01,4.25,""
island_finnland,policy_nominal_spread,,2018-05-01,4.25,""
island_finnland,policy_nominal_spread,,2018-06-01,4.25,""
island_finnland,policy_nominal_spread,,2018-07-01,4.25,""
island_finnland,policy_nominal_spread,,2018-08-01,4.25,""
island_finnland,policy_nominal_spread,,2018-09-01,4.25,""
island_finnland,policy_nominal_spread,,2018-10-01,4.25,""
island_finnland,policy_nominal_spread,,2018-11-01,4.4545,""
island_finnland,policy_nominal_spread,,2018-12-01,4.5,""
island_finnland,policy_nominal_spread,,2019-01-01,4.5,""
island_finnland,policy_nominal_spread,,2019-02-01,4.5,""
island_finnland,policy_nominal_spread,,2019-03-01,4.5,""
island_finnland,policy_nominal_spread,,2019-04-01,4.5,""
island_finnland,policy_nominal_spread,,2019-05-01,4.3333,""
island_finnland,policy_nominal_spread,,2019-06-01,3.9583,""
island_finnland,policy_nominal_spread,,2019-07-01,3.75,""
island_finnland,policy_nominal_spread,,2019-08-01,3.7143,""
island_finnland,policy_nominal_spread,,2019-09-01,3.5,""
island_finnland,policy_nominal_spread,,2019-10-01,3.2609,""
island_finnland,policy_nominal_spread,,2019-11-01,3.0357,""
island_finnland,policy_nominal_spread,,2019-12-01,3,""
island_finnland,policy_nominal_spread,,2020-01-01,3,""
island_finnland,policy_nominal_spread,,2020-02-01,2.775,""
island_finnland,policy_nominal_spread,,2020-03-01,2.1818,""
island_finnland,policy_nominal_spread,,2020-04-01,1.75,""
island_finnland,policy_nominal_spread,,2020-05-01,1.4737,""
island_finnland,policy_nominal_spread,,2020-06-01,1,""
island_finnland,policy_nominal_spread,,2020-07-01,1,""
island_finnland,policy_nominal_spread,,2020-08-01,1,""
island_finnland,policy_nominal_spread,,2020-09-01,1,""
island_finnland,policy_nominal_spread,,2020-10-01,1,""
island_finnland,policy_nominal_spread,,2020-11-01,0.8929,""
island_finnland,policy_nominal_spread,,2020-12-01,0.75,""
island_finnland,policy_nominal_spread,,2021-01-01,0.75,""
island_finnland,policy_nominal_spread,,2021-02-01,0.75,""
island_finnland,policy_nominal_spread,,2021-03-01,0.75,""
island_finnland,policy_nominal_spread,,2021-04-01,0.75,""
island_finnland,policy_nominal_spread,,2021-05-01,0.8553,""
island_finnland,policy_nominal_spread,,2021-06-01,1,""
island_finnland,policy_nominal_spread,,2021-07-01,1,""
island_finnland,policy_nominal_spread,,2021-08-01,1.0595,""
island_finnland,policy_nominal_spread,,2021-09-01,1.25,""
island_finnland,policy_nominal_spread,,2021-10-01,1.4643,""
island_finnland,policy_nominal_spread,,2021-11-01,1.7273,""
island_finnland,policy_nominal_spread,,2021-12-01,2,""
island_finnland,policy_nominal_spread,,2022-01-01,2,""
island_finnland,policy_nominal_spread,,2022-02-01,2.525,""
island_finnland,policy_nominal_spread,,2022-03-01,2.75,""
island_finnland,policy_nominal_spread,,2022-04-01,2.75,""
island_finnland,policy_nominal_spread,,2022-05-01,3.6548,""
island_finnland,policy_nominal_spread,,2022-06-01,4.1,""
island_finnland,policy_nominal_spread,,2022-07-01,4.6694,""
island_finnland,policy_nominal_spread,,2022-08-01,4.4545,""
island_finnland,policy_nominal_spread,,2022-09-01,4.575,""
island_finnland,policy_nominal_spread,,2022-10-01,4.4762,""
island_finnland,policy_nominal_spread,,2022-11-01,3.8432,""
island_finnland,policy_nominal_spread,,2022-12-01,3.8226,""
island_finnland,policy_nominal_spread,,2023-01-01,3.5,""
island_finnland,policy_nominal_spread,,2023-02-01,3.5,""
island_finnland,policy_nominal_spread,,2023-03-01,3.6865,""
island_finnland,policy_nominal_spread,,2023-04-01,4,""
island_finnland,policy_nominal_spread,,2023-05-01,4.1351,""
island_finnland,policy_nominal_spread,,2023-06-01,4.9167,""
island_finnland,policy_nominal_spread,,2023-07-01,4.75,""
island_finnland,policy_nominal_spread,,2023-08-01,4.6672,""
island_finnland,policy_nominal_spread,,2023-09-01,4.9083,""
island_finnland,policy_nominal_spread,,2023-10-01,4.75,""
island_finnland,policy_nominal_spread,,2023-11-01,4.75,""
island_finnland,policy_nominal_spread,,2023-12-01,4.75,""
island_finnland,policy_nominal_spread,,2024-01-01,4.75,""
island_finnland,policy_nominal_spread,,2024-02-01,4.75,""
island_finnland,policy_nominal_spread,,2024-03-01,4.75,""
island_finnland,policy_nominal_spread,,2024-04-01,4.75,""
island_finnland,policy_nominal_spread,,2024-05-01,4.75,""
island_finnland,policy_nominal_spread,,2024-06-01,4.9083,""
island_finnland,policy_nominal_spread,,2024-07-01,5,""
island_finnland,policy_nominal_spread,,2024-08-01,5,""
island_finnland,policy_nominal_spread,,2024-09-01,5.26,""
island_finnland,policy_nominal_spread,,2024-10-01,5.4335,""
island_finnland,policy_nominal_spread,,2024-11-01,5.4095,""
island_finnland,policy_nominal_spread,,2024-12-01,5.2129,""
island_finnland,policy_nominal_spread,,2025-01-01,5.35,""
island_finnland,policy_nominal_spread,,2025-02-01,5.1143,""
island_finnland,policy_nominal_spread,,2025-03-01,5.1541,""
island_finnland,policy_nominal_spread,,2025-04-01,5.1667,""
island_finnland,policy_nominal_spread,,2025-05-01,5.2625,""
island_finnland,policy_nominal_spread,,2025-06-01,5.2667,""
island_finnland,policy_nominal_spread,,2025-07-01,5.35,""
island_finnland,policy_nominal_spread,,2025-08-01,5.35,""
island_finnland,policy_nominal_spread,,2025-09-01,5.35,""
island_finnland,policy_nominal_spread,,2025-10-01,5.35,""
island_finnland,policy_nominal_spread,,2025-11-01,5.25,""
island_finnland,policy_nominal_spread,,2025-12-01,5.1,""
island_finnland,policy_nominal_spread,,2026-01-01,5.1,""
island_finnland,policy_nominal_spread,,2026-02-01,5.1,""
island_finnland,policy_nominal_spread,,2026-03-01,5.2136,""
island_finnland,policy_nominal_spread,,2026-04-01,5.35,""
island_finnland,policy_nominal_spread,,2026-05-01,5.4472,""
island_finnland,policy_nominal_spread,,2026-06-01,5.4981,""
island_finnland,ec_expected_hicp_1_2y,,1999-01-01,NaN,""
island_finnland,ec_expected_hicp_1_2y,,1999-02-01,NaN,""
island_finnland,ec_expected_hicp_1_2y,,1999-03-01,NaN,""
island_finnland,ec_expected_hicp_1_2y,,1999-04-01,NaN,""
island_finnland,ec_expected_hicp_1_2y,,1999-05-01,NaN,""
island_finnland,ec_expected_hicp_1_2y,,1999-06-01,NaN,""
island_finnland,ec_expected_hicp_1_2y,,1999-07-01,NaN,""
island_finnland,ec_expected_hicp_1_2y,,1999-08-01,NaN,""
island_finnland,ec_expected_hicp_1_2y,,1999-09-01,NaN,""
island_finnland,ec_expected_hicp_1_2y,,1999-10-01,NaN,""
island_finnland,ec_expected_hicp_1_2y,,1999-11-01,NaN,""
island_finnland,ec_expected_hicp_1_2y,,1999-12-01,NaN,""
island_finnland,ec_expected_hicp_1_2y,,2000-01-01,NaN,""
island_finnland,ec_expected_hicp_1_2y,,2000-02-01,NaN,""
island_finnland,ec_expected_hicp_1_2y,,2000-03-01,NaN,""
island_finnland,ec_expected_hicp_1_2y,,2000-04-01,NaN,""
island_finnland,ec_expected_hicp_1_2y,,2000-05-01,NaN,""
island_finnland,ec_expected_hicp_1_2y,,2000-06-01,NaN,""
island_finnland,ec_expected_hicp_1_2y,,2000-07-01,NaN,""
island_finnland,ec_expected_hicp_1_2y,,2000-08-01,NaN,""
island_finnland,ec_expected_hicp_1_2y,,2000-09-01,NaN,""
island_finnland,ec_expected_hicp_1_2y,,2000-10-01,NaN,""
island_finnland,ec_expected_hicp_1_2y,,2000-11-01,NaN,""
island_finnland,ec_expected_hicp_1_2y,,2000-12-01,NaN,""
island_finnland,ec_expected_hicp_1_2y,,2001-01-01,NaN,""
island_finnland,ec_expected_hicp_1_2y,,2001-02-01,NaN,""
island_finnland,ec_expected_hicp_1_2y,,2001-03-01,NaN,""
island_finnland,ec_expected_hicp_1_2y,,2001-04-01,NaN,""
island_finnland,ec_expected_hicp_1_2y,,2001-05-01,NaN,""
island_finnland,ec_expected_hicp_1_2y,,2001-06-01,NaN,""
island_finnland,ec_expected_hicp_1_2y,,2001-07-01,NaN,""
island_finnland,ec_expected_hicp_1_2y,,2001-08-01,NaN,""
island_finnland,ec_expected_hicp_1_2y,,2001-09-01,NaN,""
island_finnland,ec_expected_hicp_1_2y,,2001-10-01,NaN,""
island_finnland,ec_expected_hicp_1_2y,,2001-11-01,NaN,""
island_finnland,ec_expected_hicp_1_2y,,2001-12-01,NaN,""
island_finnland,ec_expected_hicp_1_2y,,2002-01-01,NaN,""
island_finnland,ec_expected_hicp_1_2y,,2002-02-01,NaN,""
island_finnland,ec_expected_hicp_1_2y,,2002-03-01,NaN,""
island_finnland,ec_expected_hicp_1_2y,,2002-04-01,NaN,""
island_finnland,ec_expected_hicp_1_2y,,2002-05-01,NaN,""
island_finnland,ec_expected_hicp_1_2y,,2002-06-01,NaN,""
island_finnland,ec_expected_hicp_1_2y,,2002-07-01,NaN,""
island_finnland,ec_expected_hicp_1_2y,,2002-08-01,NaN,""
island_finnland,ec_expected_hicp_1_2y,,2002-09-01,NaN,""
island_finnland,ec_expected_hicp_1_2y,,2002-10-01,NaN,""
island_finnland,ec_expected_hicp_1_2y,,2002-11-01,NaN,""
island_finnland,ec_expected_hicp_1_2y,,2002-12-01,NaN,""
island_finnland,ec_expected_hicp_1_2y,,2003-01-01,NaN,""
island_finnland,ec_expected_hicp_1_2y,,2003-02-01,NaN,""
island_finnland,ec_expected_hicp_1_2y,,2003-03-01,NaN,""
island_finnland,ec_expected_hicp_1_2y,,2003-04-01,NaN,""
island_finnland,ec_expected_hicp_1_2y,,2003-05-01,NaN,""
island_finnland,ec_expected_hicp_1_2y,,2003-06-01,NaN,""
island_finnland,ec_expected_hicp_1_2y,,2003-07-01,NaN,""
island_finnland,ec_expected_hicp_1_2y,,2003-08-01,NaN,""
island_finnland,ec_expected_hicp_1_2y,,2003-09-01,NaN,""
island_finnland,ec_expected_hicp_1_2y,,2003-10-01,NaN,""
island_finnland,ec_expected_hicp_1_2y,,2003-11-01,NaN,""
island_finnland,ec_expected_hicp_1_2y,,2003-12-01,NaN,""
island_finnland,ec_expected_hicp_1_2y,,2004-01-01,NaN,""
island_finnland,ec_expected_hicp_1_2y,,2004-02-01,NaN,""
island_finnland,ec_expected_hicp_1_2y,,2004-03-01,NaN,""
island_finnland,ec_expected_hicp_1_2y,,2004-04-01,NaN,""
island_finnland,ec_expected_hicp_1_2y,,2004-05-01,NaN,""
island_finnland,ec_expected_hicp_1_2y,,2004-06-01,NaN,""
island_finnland,ec_expected_hicp_1_2y,,2004-07-01,NaN,""
island_finnland,ec_expected_hicp_1_2y,,2004-08-01,NaN,""
island_finnland,ec_expected_hicp_1_2y,,2004-09-01,NaN,""
island_finnland,ec_expected_hicp_1_2y,,2004-10-01,NaN,""
island_finnland,ec_expected_hicp_1_2y,,2004-11-01,NaN,""
island_finnland,ec_expected_hicp_1_2y,,2004-12-01,NaN,""
island_finnland,ec_expected_hicp_1_2y,,2005-01-01,NaN,""
island_finnland,ec_expected_hicp_1_2y,,2005-02-01,NaN,""
island_finnland,ec_expected_hicp_1_2y,,2005-03-01,NaN,""
island_finnland,ec_expected_hicp_1_2y,,2005-04-01,NaN,""
island_finnland,ec_expected_hicp_1_2y,,2005-05-01,NaN,""
island_finnland,ec_expected_hicp_1_2y,,2005-06-01,NaN,""
island_finnland,ec_expected_hicp_1_2y,,2005-07-01,NaN,""
island_finnland,ec_expected_hicp_1_2y,,2005-08-01,NaN,""
island_finnland,ec_expected_hicp_1_2y,,2005-09-01,NaN,""
island_finnland,ec_expected_hicp_1_2y,,2005-10-01,NaN,""
island_finnland,ec_expected_hicp_1_2y,,2005-11-01,NaN,""
island_finnland,ec_expected_hicp_1_2y,,2005-12-01,NaN,""
island_finnland,ec_expected_hicp_1_2y,,2006-01-01,NaN,""
island_finnland,ec_expected_hicp_1_2y,,2006-02-01,NaN,""
island_finnland,ec_expected_hicp_1_2y,,2006-03-01,NaN,""
island_finnland,ec_expected_hicp_1_2y,,2006-04-01,NaN,""
island_finnland,ec_expected_hicp_1_2y,,2006-05-01,NaN,""
island_finnland,ec_expected_hicp_1_2y,,2006-06-01,NaN,""
island_finnland,ec_expected_hicp_1_2y,,2006-07-01,NaN,""
island_finnland,ec_expected_hicp_1_2y,,2006-08-01,NaN,""
island_finnland,ec_expected_hicp_1_2y,,2006-09-01,NaN,""
island_finnland,ec_expected_hicp_1_2y,,2006-10-01,NaN,""
island_finnland,ec_expected_hicp_1_2y,,2006-11-01,NaN,""
island_finnland,ec_expected_hicp_1_2y,,2006-12-01,NaN,""
island_finnland,ec_expected_hicp_1_2y,,2007-01-01,NaN,""
island_finnland,ec_expected_hicp_1_2y,,2007-02-01,NaN,""
island_finnland,ec_expected_hicp_1_2y,,2007-03-01,NaN,""
island_finnland,ec_expected_hicp_1_2y,,2007-04-01,NaN,""
island_finnland,ec_expected_hicp_1_2y,,2007-05-01,NaN,""
island_finnland,ec_expected_hicp_1_2y,,2007-06-01,NaN,""
island_finnland,ec_expected_hicp_1_2y,,2007-07-01,NaN,""
island_finnland,ec_expected_hicp_1_2y,,2007-08-01,NaN,""
island_finnland,ec_expected_hicp_1_2y,,2007-09-01,NaN,""
island_finnland,ec_expected_hicp_1_2y,,2007-10-01,NaN,""
island_finnland,ec_expected_hicp_1_2y,,2007-11-01,NaN,""
island_finnland,ec_expected_hicp_1_2y,,2007-12-01,NaN,""
island_finnland,ec_expected_hicp_1_2y,,2008-01-01,NaN,""
island_finnland,ec_expected_hicp_1_2y,,2008-02-01,NaN,""
island_finnland,ec_expected_hicp_1_2y,,2008-03-01,NaN,""
island_finnland,ec_expected_hicp_1_2y,,2008-04-01,NaN,""
island_finnland,ec_expected_hicp_1_2y,,2008-05-01,NaN,""
island_finnland,ec_expected_hicp_1_2y,,2008-06-01,NaN,""
island_finnland,ec_expected_hicp_1_2y,,2008-07-01,NaN,""
island_finnland,ec_expected_hicp_1_2y,,2008-08-01,NaN,""
island_finnland,ec_expected_hicp_1_2y,,2008-09-01,NaN,""
island_finnland,ec_expected_hicp_1_2y,,2008-10-01,NaN,""
island_finnland,ec_expected_hicp_1_2y,,2008-11-01,NaN,""
island_finnland,ec_expected_hicp_1_2y,,2008-12-01,NaN,""
island_finnland,ec_expected_hicp_1_2y,,2009-01-01,NaN,""
island_finnland,ec_expected_hicp_1_2y,,2009-02-01,NaN,""
island_finnland,ec_expected_hicp_1_2y,,2009-03-01,NaN,""
island_finnland,ec_expected_hicp_1_2y,,2009-04-01,NaN,""
island_finnland,ec_expected_hicp_1_2y,,2009-05-01,NaN,""
island_finnland,ec_expected_hicp_1_2y,,2009-06-01,NaN,""
island_finnland,ec_expected_hicp_1_2y,,2009-07-01,NaN,""
island_finnland,ec_expected_hicp_1_2y,,2009-08-01,NaN,""
island_finnland,ec_expected_hicp_1_2y,,2009-09-01,NaN,""
island_finnland,ec_expected_hicp_1_2y,,2009-10-01,NaN,""
island_finnland,ec_expected_hicp_1_2y,,2009-11-01,NaN,""
island_finnland,ec_expected_hicp_1_2y,,2009-12-01,NaN,""
island_finnland,ec_expected_hicp_1_2y,,2010-01-01,NaN,""
island_finnland,ec_expected_hicp_1_2y,,2010-02-01,NaN,""
island_finnland,ec_expected_hicp_1_2y,,2010-03-01,NaN,""
island_finnland,ec_expected_hicp_1_2y,,2010-04-01,NaN,""
island_finnland,ec_expected_hicp_1_2y,,2010-05-01,NaN,""
island_finnland,ec_expected_hicp_1_2y,,2010-06-01,NaN,""
island_finnland,ec_expected_hicp_1_2y,,2010-07-01,NaN,""
island_finnland,ec_expected_hicp_1_2y,,2010-08-01,NaN,""
island_finnland,ec_expected_hicp_1_2y,,2010-09-01,NaN,""
island_finnland,ec_expected_hicp_1_2y,,2010-10-01,NaN,""
island_finnland,ec_expected_hicp_1_2y,,2010-11-01,NaN,""
island_finnland,ec_expected_hicp_1_2y,,2010-12-01,NaN,""
island_finnland,ec_expected_hicp_1_2y,,2011-01-01,NaN,""
island_finnland,ec_expected_hicp_1_2y,,2011-02-01,NaN,""
island_finnland,ec_expected_hicp_1_2y,,2011-03-01,NaN,""
island_finnland,ec_expected_hicp_1_2y,,2011-04-01,2.201737,""
island_finnland,ec_expected_hicp_1_2y,,2011-05-01,2.201737,""
island_finnland,ec_expected_hicp_1_2y,,2011-06-01,2.201737,""
island_finnland,ec_expected_hicp_1_2y,,2011-07-01,2.201737,""
island_finnland,ec_expected_hicp_1_2y,,2011-08-01,2.201737,""
island_finnland,ec_expected_hicp_1_2y,,2011-09-01,2.201737,""
island_finnland,ec_expected_hicp_1_2y,,2011-10-01,2.201737,""
island_finnland,ec_expected_hicp_1_2y,,2011-11-01,2.201737,""
island_finnland,ec_expected_hicp_1_2y,,2011-12-01,2.201737,""
island_finnland,ec_expected_hicp_1_2y,,2012-01-01,2.201737,""
island_finnland,ec_expected_hicp_1_2y,,2012-02-01,2.201737,""
island_finnland,ec_expected_hicp_1_2y,,2012-03-01,2.201737,""
island_finnland,ec_expected_hicp_1_2y,,2012-04-01,2.074643,""
island_finnland,ec_expected_hicp_1_2y,,2012-05-01,2.074643,""
island_finnland,ec_expected_hicp_1_2y,,2012-06-01,2.074643,""
island_finnland,ec_expected_hicp_1_2y,,2012-07-01,2.074643,""
island_finnland,ec_expected_hicp_1_2y,,2012-08-01,2.074643,""
island_finnland,ec_expected_hicp_1_2y,,2012-09-01,2.074643,""
island_finnland,ec_expected_hicp_1_2y,,2012-10-01,2.074643,""
island_finnland,ec_expected_hicp_1_2y,,2012-11-01,2.074643,""
island_finnland,ec_expected_hicp_1_2y,,2012-12-01,2.074643,""
island_finnland,ec_expected_hicp_1_2y,,2013-01-01,2.074643,""
island_finnland,ec_expected_hicp_1_2y,,2013-02-01,2.074643,""
island_finnland,ec_expected_hicp_1_2y,,2013-03-01,2.074643,""
island_finnland,ec_expected_hicp_1_2y,,2013-04-01,1.51957,""
island_finnland,ec_expected_hicp_1_2y,,2013-05-01,1.51957,""
island_finnland,ec_expected_hicp_1_2y,,2013-06-01,1.51957,""
island_finnland,ec_expected_hicp_1_2y,,2013-07-01,1.51957,""
island_finnland,ec_expected_hicp_1_2y,,2013-08-01,1.51957,""
island_finnland,ec_expected_hicp_1_2y,,2013-09-01,1.51957,""
island_finnland,ec_expected_hicp_1_2y,,2013-10-01,1.51957,""
island_finnland,ec_expected_hicp_1_2y,,2013-11-01,1.51957,""
island_finnland,ec_expected_hicp_1_2y,,2013-12-01,1.51957,""
island_finnland,ec_expected_hicp_1_2y,,2014-01-01,1.51957,""
island_finnland,ec_expected_hicp_1_2y,,2014-02-01,1.51957,""
island_finnland,ec_expected_hicp_1_2y,,2014-03-01,1.51957,""
island_finnland,ec_expected_hicp_1_2y,,2014-04-01,1.030206,""
island_finnland,ec_expected_hicp_1_2y,,2014-05-01,1.030206,""
island_finnland,ec_expected_hicp_1_2y,,2014-06-01,1.030206,""
island_finnland,ec_expected_hicp_1_2y,,2014-07-01,1.030206,""
island_finnland,ec_expected_hicp_1_2y,,2014-08-01,1.030206,""
island_finnland,ec_expected_hicp_1_2y,,2014-09-01,1.030206,""
island_finnland,ec_expected_hicp_1_2y,,2014-10-01,1.030206,""
island_finnland,ec_expected_hicp_1_2y,,2014-11-01,1.030206,""
island_finnland,ec_expected_hicp_1_2y,,2014-12-01,1.030206,""
island_finnland,ec_expected_hicp_1_2y,,2015-01-01,1.030206,""
island_finnland,ec_expected_hicp_1_2y,,2015-02-01,1.030206,""
island_finnland,ec_expected_hicp_1_2y,,2015-03-01,1.030206,""
island_finnland,ec_expected_hicp_1_2y,,2015-04-01,0.773652,""
island_finnland,ec_expected_hicp_1_2y,,2015-05-01,0.773652,""
island_finnland,ec_expected_hicp_1_2y,,2015-06-01,0.773652,""
island_finnland,ec_expected_hicp_1_2y,,2015-07-01,0.773652,""
island_finnland,ec_expected_hicp_1_2y,,2015-08-01,0.773652,""
island_finnland,ec_expected_hicp_1_2y,,2015-09-01,0.773652,""
island_finnland,ec_expected_hicp_1_2y,,2015-10-01,0.773652,""
island_finnland,ec_expected_hicp_1_2y,,2015-11-01,0.773652,""
island_finnland,ec_expected_hicp_1_2y,,2015-12-01,0.773652,""
island_finnland,ec_expected_hicp_1_2y,,2016-01-01,0.773652,""
island_finnland,ec_expected_hicp_1_2y,,2016-02-01,0.773652,""
island_finnland,ec_expected_hicp_1_2y,,2016-03-01,0.773652,""
island_finnland,ec_expected_hicp_1_2y,,2016-04-01,0.80321,""
island_finnland,ec_expected_hicp_1_2y,,2016-05-01,0.80321,""
island_finnland,ec_expected_hicp_1_2y,,2016-06-01,0.80321,""
island_finnland,ec_expected_hicp_1_2y,,2016-07-01,0.80321,""
island_finnland,ec_expected_hicp_1_2y,,2016-08-01,0.80321,""
island_finnland,ec_expected_hicp_1_2y,,2016-09-01,0.80321,""
island_finnland,ec_expected_hicp_1_2y,,2016-10-01,0.80321,""
island_finnland,ec_expected_hicp_1_2y,,2016-11-01,0.80321,""
island_finnland,ec_expected_hicp_1_2y,,2016-12-01,0.80321,""
island_finnland,ec_expected_hicp_1_2y,,2017-01-01,0.80321,""
island_finnland,ec_expected_hicp_1_2y,,2017-02-01,0.80321,""
island_finnland,ec_expected_hicp_1_2y,,2017-03-01,0.80321,""
island_finnland,ec_expected_hicp_1_2y,,2017-04-01,1.475126,""
island_finnland,ec_expected_hicp_1_2y,,2017-05-01,1.475126,""
island_finnland,ec_expected_hicp_1_2y,,2017-06-01,1.475126,""
island_finnland,ec_expected_hicp_1_2y,,2017-07-01,1.475126,""
island_finnland,ec_expected_hicp_1_2y,,2017-08-01,1.475126,""
island_finnland,ec_expected_hicp_1_2y,,2017-09-01,1.475126,""
island_finnland,ec_expected_hicp_1_2y,,2017-10-01,1.475126,""
island_finnland,ec_expected_hicp_1_2y,,2017-11-01,1.475126,""
island_finnland,ec_expected_hicp_1_2y,,2017-12-01,1.475126,""
island_finnland,ec_expected_hicp_1_2y,,2018-01-01,1.475126,""
island_finnland,ec_expected_hicp_1_2y,,2018-02-01,1.475126,""
island_finnland,ec_expected_hicp_1_2y,,2018-03-01,1.475126,""
island_finnland,ec_expected_hicp_1_2y,,2018-04-01,1.550816,""
island_finnland,ec_expected_hicp_1_2y,,2018-05-01,1.550816,""
island_finnland,ec_expected_hicp_1_2y,,2018-06-01,1.550816,""
island_finnland,ec_expected_hicp_1_2y,,2018-07-01,1.550816,""
island_finnland,ec_expected_hicp_1_2y,,2018-08-01,1.550816,""
island_finnland,ec_expected_hicp_1_2y,,2018-09-01,1.550816,""
island_finnland,ec_expected_hicp_1_2y,,2018-10-01,1.550816,""
island_finnland,ec_expected_hicp_1_2y,,2018-11-01,1.550816,""
island_finnland,ec_expected_hicp_1_2y,,2018-12-01,1.550816,""
island_finnland,ec_expected_hicp_1_2y,,2019-01-01,1.550816,""
island_finnland,ec_expected_hicp_1_2y,,2019-02-01,1.550816,""
island_finnland,ec_expected_hicp_1_2y,,2019-03-01,1.550816,""
island_finnland,ec_expected_hicp_1_2y,,2019-04-01,1.393824,""
island_finnland,ec_expected_hicp_1_2y,,2019-05-01,1.393824,""
island_finnland,ec_expected_hicp_1_2y,,2019-06-01,1.393824,""
island_finnland,ec_expected_hicp_1_2y,,2019-07-01,1.393824,""
island_finnland,ec_expected_hicp_1_2y,,2019-08-01,1.393824,""
island_finnland,ec_expected_hicp_1_2y,,2019-09-01,1.393824,""
island_finnland,ec_expected_hicp_1_2y,,2019-10-01,1.393824,""
island_finnland,ec_expected_hicp_1_2y,,2019-11-01,1.393824,""
island_finnland,ec_expected_hicp_1_2y,,2019-12-01,1.393824,""
island_finnland,ec_expected_hicp_1_2y,,2020-01-01,1.393824,""
island_finnland,ec_expected_hicp_1_2y,,2020-02-01,1.393824,""
island_finnland,ec_expected_hicp_1_2y,,2020-03-01,1.393824,""
island_finnland,ec_expected_hicp_1_2y,,2020-04-01,0.679018,""
island_finnland,ec_expected_hicp_1_2y,,2020-05-01,0.679018,""
island_finnland,ec_expected_hicp_1_2y,,2020-06-01,0.679018,""
island_finnland,ec_expected_hicp_1_2y,,2020-07-01,0.679018,""
island_finnland,ec_expected_hicp_1_2y,,2020-08-01,0.679018,""
island_finnland,ec_expected_hicp_1_2y,,2020-09-01,0.679018,""
island_finnland,ec_expected_hicp_1_2y,,2020-10-01,0.679018,""
island_finnland,ec_expected_hicp_1_2y,,2020-11-01,0.679018,""
island_finnland,ec_expected_hicp_1_2y,,2020-12-01,0.679018,""
island_finnland,ec_expected_hicp_1_2y,,2021-01-01,0.679018,""
island_finnland,ec_expected_hicp_1_2y,,2021-02-01,0.679018,""
island_finnland,ec_expected_hicp_1_2y,,2021-03-01,0.679018,""
island_finnland,ec_expected_hicp_1_2y,,2021-04-01,1.466628,""
island_finnland,ec_expected_hicp_1_2y,,2021-05-01,1.466628,""
island_finnland,ec_expected_hicp_1_2y,,2021-06-01,1.466628,""
island_finnland,ec_expected_hicp_1_2y,,2021-07-01,1.466628,""
island_finnland,ec_expected_hicp_1_2y,,2021-08-01,1.466628,""
island_finnland,ec_expected_hicp_1_2y,,2021-09-01,1.466628,""
island_finnland,ec_expected_hicp_1_2y,,2021-10-01,1.466628,""
island_finnland,ec_expected_hicp_1_2y,,2021-11-01,1.466628,""
island_finnland,ec_expected_hicp_1_2y,,2021-12-01,1.466628,""
island_finnland,ec_expected_hicp_1_2y,,2022-01-01,1.466628,""
island_finnland,ec_expected_hicp_1_2y,,2022-02-01,1.466628,""
island_finnland,ec_expected_hicp_1_2y,,2022-03-01,1.466628,""
island_finnland,ec_expected_hicp_1_2y,,2022-04-01,4.427368,""
island_finnland,ec_expected_hicp_1_2y,,2022-05-01,4.427368,""
island_finnland,ec_expected_hicp_1_2y,,2022-06-01,4.427368,""
island_finnland,ec_expected_hicp_1_2y,,2022-07-01,4.427368,""
island_finnland,ec_expected_hicp_1_2y,,2022-08-01,4.427368,""
island_finnland,ec_expected_hicp_1_2y,,2022-09-01,4.427368,""
island_finnland,ec_expected_hicp_1_2y,,2022-10-01,4.427368,""
island_finnland,ec_expected_hicp_1_2y,,2022-11-01,4.427368,""
island_finnland,ec_expected_hicp_1_2y,,2022-12-01,4.427368,""
island_finnland,ec_expected_hicp_1_2y,,2023-01-01,4.427368,""
island_finnland,ec_expected_hicp_1_2y,,2023-02-01,4.427368,""
island_finnland,ec_expected_hicp_1_2y,,2023-03-01,4.427368,""
island_finnland,ec_expected_hicp_1_2y,,2023-04-01,4.2918,""
island_finnland,ec_expected_hicp_1_2y,,2023-05-01,4.2918,""
island_finnland,ec_expected_hicp_1_2y,,2023-06-01,4.2918,""
island_finnland,ec_expected_hicp_1_2y,,2023-07-01,4.2918,""
island_finnland,ec_expected_hicp_1_2y,,2023-08-01,4.2918,""
island_finnland,ec_expected_hicp_1_2y,,2023-09-01,4.2918,""
island_finnland,ec_expected_hicp_1_2y,,2023-10-01,4.2918,""
island_finnland,ec_expected_hicp_1_2y,,2023-11-01,4.2918,""
island_finnland,ec_expected_hicp_1_2y,,2023-12-01,4.2918,""
island_finnland,ec_expected_hicp_1_2y,,2024-01-01,4.2918,""
island_finnland,ec_expected_hicp_1_2y,,2024-02-01,4.2918,""
island_finnland,ec_expected_hicp_1_2y,,2024-03-01,4.2918,""
island_finnland,ec_expected_hicp_1_2y,,2024-04-01,2.265556,""
island_finnland,ec_expected_hicp_1_2y,,2024-05-01,2.265556,""
island_finnland,ec_expected_hicp_1_2y,,2024-06-01,2.265556,""
island_finnland,ec_expected_hicp_1_2y,,2024-07-01,2.265556,""
island_finnland,ec_expected_hicp_1_2y,,2024-08-01,2.265556,""
island_finnland,ec_expected_hicp_1_2y,,2024-09-01,2.265556,""
island_finnland,ec_expected_hicp_1_2y,,2024-10-01,2.265556,""
island_finnland,ec_expected_hicp_1_2y,,2024-11-01,2.265556,""
island_finnland,ec_expected_hicp_1_2y,,2024-12-01,2.265556,""
island_finnland,ec_expected_hicp_1_2y,,2025-01-01,2.265556,""
island_finnland,ec_expected_hicp_1_2y,,2025-02-01,2.265556,""
island_finnland,ec_expected_hicp_1_2y,,2025-03-01,2.265556,""
island_finnland,ec_expected_hicp_1_2y,,2025-04-01,1.8781,""
island_finnland,ec_expected_hicp_1_2y,,2025-05-01,1.8781,""
island_finnland,ec_expected_hicp_1_2y,,2025-06-01,1.8781,""
island_finnland,ec_expected_hicp_1_2y,,2025-07-01,1.8781,""
island_finnland,ec_expected_hicp_1_2y,,2025-08-01,1.8781,""
island_finnland,ec_expected_hicp_1_2y,,2025-09-01,1.8781,""
island_finnland,ec_expected_hicp_1_2y,,2025-10-01,1.8781,""
island_finnland,ec_expected_hicp_1_2y,,2025-11-01,1.8781,""
island_finnland,ec_expected_hicp_1_2y,,2025-12-01,1.8781,""
island_finnland,ec_expected_hicp_1_2y,,2026-01-01,1.8781,""
island_finnland,ec_expected_hicp_1_2y,,2026-02-01,1.8781,""
island_finnland,ec_expected_hicp_1_2y,,2026-03-01,1.8781,""
island_finnland,ec_expected_hicp_1_2y,,2026-04-01,2.642951,""
island_finnland,ec_expected_hicp_1_2y,,2026-05-01,NaN,""
island_finnland,ec_expected_hicp_1_2y,,2026-06-01,NaN,""
island_finnland,spf_expected_hicp_1_2y,,1999-01-01,1.163621,""
island_finnland,spf_expected_hicp_1_2y,,1999-02-01,1.21565,""
island_finnland,spf_expected_hicp_1_2y,,1999-03-01,1.262643,""
island_finnland,spf_expected_hicp_1_2y,,1999-04-01,1.314672,""
island_finnland,spf_expected_hicp_1_2y,,1999-05-01,1.310132,""
island_finnland,spf_expected_hicp_1_2y,,1999-06-01,1.305441,""
island_finnland,spf_expected_hicp_1_2y,,1999-07-01,1.300902,""
island_finnland,spf_expected_hicp_1_2y,,1999-08-01,1.310736,""
island_finnland,spf_expected_hicp_1_2y,,1999-09-01,1.320571,""
island_finnland,spf_expected_hicp_1_2y,,1999-10-01,1.330088,""
island_finnland,spf_expected_hicp_1_2y,,1999-11-01,1.460333,""
island_finnland,spf_expected_hicp_1_2y,,1999-12-01,1.586377,""
island_finnland,spf_expected_hicp_1_2y,,2000-01-01,1.716623,""
island_finnland,spf_expected_hicp_1_2y,,2000-02-01,1.752026,""
island_finnland,spf_expected_hicp_1_2y,,2000-03-01,1.785146,""
island_finnland,spf_expected_hicp_1_2y,,2000-04-01,1.820549,""
island_finnland,spf_expected_hicp_1_2y,,2000-05-01,1.861767,""
island_finnland,spf_expected_hicp_1_2y,,2000-06-01,1.904359,""
island_finnland,spf_expected_hicp_1_2y,,2000-07-01,1.945577,""
island_finnland,spf_expected_hicp_1_2y,,2000-08-01,2.016621,""
island_finnland,spf_expected_hicp_1_2y,,2000-09-01,2.087665,""
island_finnland,spf_expected_hicp_1_2y,,2000-10-01,2.156418,""
island_finnland,spf_expected_hicp_1_2y,,2000-11-01,2.055708,""
island_finnland,spf_expected_hicp_1_2y,,2000-12-01,1.958246,""
island_finnland,spf_expected_hicp_1_2y,,2001-01-01,1.857535,""
island_finnland,spf_expected_hicp_1_2y,,2001-02-01,1.916062,""
island_finnland,spf_expected_hicp_1_2y,,2001-03-01,1.968925,""
island_finnland,spf_expected_hicp_1_2y,,2001-04-01,2.027451,""
island_finnland,spf_expected_hicp_1_2y,,2001-05-01,2.121164,""
island_finnland,spf_expected_hicp_1_2y,,2001-06-01,2.218001,""
island_finnland,spf_expected_hicp_1_2y,,2001-07-01,2.311714,""
island_finnland,spf_expected_hicp_1_2y,,2001-08-01,2.264088,""
island_finnland,spf_expected_hicp_1_2y,,2001-09-01,2.216461,""
island_finnland,spf_expected_hicp_1_2y,,2001-10-01,2.17037,""
island_finnland,spf_expected_hicp_1_2y,,2001-11-01,2.02508,""
island_finnland,spf_expected_hicp_1_2y,,2001-12-01,1.884477,""
island_finnland,spf_expected_hicp_1_2y,,2002-01-01,1.739187,""
island_finnland,spf_expected_hicp_1_2y,,2002-02-01,1.822667,""
island_finnland,spf_expected_hicp_1_2y,,2002-03-01,1.898068,""
island_finnland,spf_expected_hicp_1_2y,,2002-04-01,1.981548,""
island_finnland,spf_expected_hicp_1_2y,,2002-05-01,1.984335,""
island_finnland,spf_expected_hicp_1_2y,,2002-06-01,1.987216,""
island_finnland,spf_expected_hicp_1_2y,,2002-07-01,1.990003,""
island_finnland,spf_expected_hicp_1_2y,,2002-08-01,1.997787,""
island_finnland,spf_expected_hicp_1_2y,,2002-09-01,2.00557,""
island_finnland,spf_expected_hicp_1_2y,,2002-10-01,2.013102,""
island_finnland,spf_expected_hicp_1_2y,,2002-11-01,1.942935,""
island_finnland,spf_expected_hicp_1_2y,,2002-12-01,1.875032,""
island_finnland,spf_expected_hicp_1_2y,,2003-01-01,1.804865,""
island_finnland,spf_expected_hicp_1_2y,,2003-02-01,1.812819,""
island_finnland,spf_expected_hicp_1_2y,,2003-03-01,1.820003,""
island_finnland,spf_expected_hicp_1_2y,,2003-04-01,1.827957,""
island_finnland,spf_expected_hicp_1_2y,,2003-05-01,1.793662,""
island_finnland,spf_expected_hicp_1_2y,,2003-06-01,1.758224,""
island_finnland,spf_expected_hicp_1_2y,,2003-07-01,1.723928,""
island_finnland,spf_expected_hicp_1_2y,,2003-08-01,1.758667,""
island_finnland,spf_expected_hicp_1_2y,,2003-09-01,1.793405,""
island_finnland,spf_expected_hicp_1_2y,,2003-10-01,1.827023,""
island_finnland,spf_expected_hicp_1_2y,,2003-11-01,1.799261,""
island_finnland,spf_expected_hicp_1_2y,,2003-12-01,1.772395,""
island_finnland,spf_expected_hicp_1_2y,,2004-01-01,1.744633,""
island_finnland,spf_expected_hicp_1_2y,,2004-02-01,1.751359,""
island_finnland,spf_expected_hicp_1_2y,,2004-03-01,1.757651,""
island_finnland,spf_expected_hicp_1_2y,,2004-04-01,1.764377,""
island_finnland,spf_expected_hicp_1_2y,,2004-05-01,1.835802,""
island_finnland,spf_expected_hicp_1_2y,,2004-06-01,1.909609,""
island_finnland,spf_expected_hicp_1_2y,,2004-07-01,1.981034,""
island_finnland,spf_expected_hicp_1_2y,,2004-08-01,1.994215,""
island_finnland,spf_expected_hicp_1_2y,,2004-09-01,2.007396,""
island_finnland,spf_expected_hicp_1_2y,,2004-10-01,2.020151,""
island_finnland,spf_expected_hicp_1_2y,,2004-11-01,1.958383,""
island_finnland,spf_expected_hicp_1_2y,,2004-12-01,1.898607,""
island_finnland,spf_expected_hicp_1_2y,,2005-01-01,1.836838,""
island_finnland,spf_expected_hicp_1_2y,,2005-02-01,1.841094,""
island_finnland,spf_expected_hicp_1_2y,,2005-03-01,1.844937,""
island_finnland,spf_expected_hicp_1_2y,,2005-04-01,1.849192,""
island_finnland,spf_expected_hicp_1_2y,,2005-05-01,1.869112,""
island_finnland,spf_expected_hicp_1_2y,,2005-06-01,1.889696,""
island_finnland,spf_expected_hicp_1_2y,,2005-07-01,1.909615,""
island_finnland,spf_expected_hicp_1_2y,,2005-08-01,1.9758,""
island_finnland,spf_expected_hicp_1_2y,,2005-09-01,2.041985,""
island_finnland,spf_expected_hicp_1_2y,,2005-10-01,2.106034,""
island_finnland,spf_expected_hicp_1_2y,,2005-11-01,2.075199,""
island_finnland,spf_expected_hicp_1_2y,,2005-12-01,2.045359,""
island_finnland,spf_expected_hicp_1_2y,,2006-01-01,2.014524,""
island_finnland,spf_expected_hicp_1_2y,,2006-02-01,2.045496,""
island_finnland,spf_expected_hicp_1_2y,,2006-03-01,2.07347,""
island_finnland,spf_expected_hicp_1_2y,,2006-04-01,2.104442,""
island_finnland,spf_expected_hicp_1_2y,,2006-05-01,2.14007,""
island_finnland,spf_expected_hicp_1_2y,,2006-06-01,2.176886,""
island_finnland,spf_expected_hicp_1_2y,,2006-07-01,2.212514,""
island_finnland,spf_expected_hicp_1_2y,,2006-08-01,2.196383,""
island_finnland,spf_expected_hicp_1_2y,,2006-09-01,2.180252,""
island_finnland,spf_expected_hicp_1_2y,,2006-10-01,2.164642,""
island_finnland,spf_expected_hicp_1_2y,,2006-11-01,2.090156,""
island_finnland,spf_expected_hicp_1_2y,,2006-12-01,2.018072,""
island_finnland,spf_expected_hicp_1_2y,,2007-01-01,1.943586,""
island_finnland,spf_expected_hicp_1_2y,,2007-02-01,1.935165,""
island_finnland,spf_expected_hicp_1_2y,,2007-03-01,1.92756,""
island_finnland,spf_expected_hicp_1_2y,,2007-04-01,1.919139,""
island_finnland,spf_expected_hicp_1_2y,,2007-05-01,1.948867,""
island_finnland,spf_expected_hicp_1_2y,,2007-06-01,1.979586,""
island_finnland,spf_expected_hicp_1_2y,,2007-07-01,2.009314,""
island_finnland,spf_expected_hicp_1_2y,,2007-08-01,2.007811,""
island_finnland,spf_expected_hicp_1_2y,,2007-09-01,2.006308,""
island_finnland,spf_expected_hicp_1_2y,,2007-10-01,2.004854,""
island_finnland,spf_expected_hicp_1_2y,,2007-11-01,2.077698,""
island_finnland,spf_expected_hicp_1_2y,,2007-12-01,2.148192,""
island_finnland,spf_expected_hicp_1_2y,,2008-01-01,2.221036,""
island_finnland,spf_expected_hicp_1_2y,,2008-02-01,2.34286,""
island_finnland,spf_expected_hicp_1_2y,,2008-03-01,2.456825,""
island_finnland,spf_expected_hicp_1_2y,,2008-04-01,2.57865,""
island_finnland,spf_expected_hicp_1_2y,,2008-05-01,2.739814,""
island_finnland,spf_expected_hicp_1_2y,,2008-06-01,2.906351,""
island_finnland,spf_expected_hicp_1_2y,,2008-07-01,3.067516,""
island_finnland,spf_expected_hicp_1_2y,,2008-08-01,2.975034,""
island_finnland,spf_expected_hicp_1_2y,,2008-09-01,2.882553,""
island_finnland,spf_expected_hicp_1_2y,,2008-10-01,2.793054,""
island_finnland,spf_expected_hicp_1_2y,,2008-11-01,2.269169,""
island_finnland,spf_expected_hicp_1_2y,,2008-12-01,1.762183,""
island_finnland,spf_expected_hicp_1_2y,,2009-01-01,1.238297,""
island_finnland,spf_expected_hicp_1_2y,,2009-02-01,1.107958,""
island_finnland,spf_expected_hicp_1_2y,,2009-03-01,0.990232,""
island_finnland,spf_expected_hicp_1_2y,,2009-04-01,0.859893,""
island_finnland,spf_expected_hicp_1_2y,,2009-05-01,0.826409,""
island_finnland,spf_expected_hicp_1_2y,,2009-06-01,0.79181,""
island_finnland,spf_expected_hicp_1_2y,,2009-07-01,0.758327,""
island_finnland,spf_expected_hicp_1_2y,,2009-08-01,0.745605,""
island_finnland,spf_expected_hicp_1_2y,,2009-09-01,0.732884,""
island_finnland,spf_expected_hicp_1_2y,,2009-10-01,0.720572,""
island_finnland,spf_expected_hicp_1_2y,,2009-11-01,0.946043,""
island_finnland,spf_expected_hicp_1_2y,,2009-12-01,1.16424,""
island_finnland,spf_expected_hicp_1_2y,,2010-01-01,1.389711,""
island_finnland,spf_expected_hicp_1_2y,,2010-02-01,1.403747,""
island_finnland,spf_expected_hicp_1_2y,,2010-03-01,1.416424,""
island_finnland,spf_expected_hicp_1_2y,,2010-04-01,1.43046,""
island_finnland,spf_expected_hicp_1_2y,,2010-05-01,1.447864,""
island_finnland,spf_expected_hicp_1_2y,,2010-06-01,1.465847,""
island_finnland,spf_expected_hicp_1_2y,,2010-07-01,1.483251,""
island_finnland,spf_expected_hicp_1_2y,,2010-08-01,1.490346,""
island_finnland,spf_expected_hicp_1_2y,,2010-09-01,1.497441,""
island_finnland,spf_expected_hicp_1_2y,,2010-10-01,1.504307,""
island_finnland,spf_expected_hicp_1_2y,,2010-11-01,1.626827,""
island_finnland,spf_expected_hicp_1_2y,,2010-12-01,1.745394,""
island_finnland,spf_expected_hicp_1_2y,,2011-01-01,1.867913,""
island_finnland,spf_expected_hicp_1_2y,,2011-02-01,1.992611,""
island_finnland,spf_expected_hicp_1_2y,,2011-03-01,2.10524,""
island_finnland,spf_expected_hicp_1_2y,,2011-04-01,2.229938,""
island_finnland,spf_expected_hicp_1_2y,,2011-05-01,2.25268,""
island_finnland,spf_expected_hicp_1_2y,,2011-06-01,2.27618,""
island_finnland,spf_expected_hicp_1_2y,,2011-07-01,2.298922,""
island_finnland,spf_expected_hicp_1_2y,,2011-08-01,2.260327,""
island_finnland,spf_expected_hicp_1_2y,,2011-09-01,2.221731,""
island_finnland,spf_expected_hicp_1_2y,,2011-10-01,2.18438,""
island_finnland,spf_expected_hicp_1_2y,,2011-11-01,2.047838,""
island_finnland,spf_expected_hicp_1_2y,,2011-12-01,1.9157,""
island_finnland,spf_expected_hicp_1_2y,,2012-01-01,1.779157,""
island_finnland,spf_expected_hicp_1_2y,,2012-02-01,1.866894,""
island_finnland,spf_expected_hicp_1_2y,,2012-03-01,1.94897,""
island_finnland,spf_expected_hicp_1_2y,,2012-04-01,2.036706,""
island_finnland,spf_expected_hicp_1_2y,,2012-05-01,2.035715,""
island_finnland,spf_expected_hicp_1_2y,,2012-06-01,2.034691,""
island_finnland,spf_expected_hicp_1_2y,,2012-07-01,2.0337,""
island_finnland,spf_expected_hicp_1_2y,,2012-08-01,2.089564,""
island_finnland,spf_expected_hicp_1_2y,,2012-09-01,2.145427,""
island_finnland,spf_expected_hicp_1_2y,,2012-10-01,2.199488,""
island_finnland,spf_expected_hicp_1_2y,,2012-11-01,2.06168,""
island_finnland,spf_expected_hicp_1_2y,,2012-12-01,1.928318,""
island_finnland,spf_expected_hicp_1_2y,,2013-01-01,1.79051,""
island_finnland,spf_expected_hicp_1_2y,,2013-02-01,1.740674,""
island_finnland,spf_expected_hicp_1_2y,,2013-03-01,1.695661,""
island_finnland,spf_expected_hicp_1_2y,,2013-04-01,1.645825,""
island_finnland,spf_expected_hicp_1_2y,,2013-05-01,1.605288,""
island_finnland,spf_expected_hicp_1_2y,,2013-06-01,1.563401,""
island_finnland,spf_expected_hicp_1_2y,,2013-07-01,1.522864,""
island_finnland,spf_expected_hicp_1_2y,,2013-08-01,1.499007,""
island_finnland,spf_expected_hicp_1_2y,,2013-09-01,1.47515,""
island_finnland,spf_expected_hicp_1_2y,,2013-10-01,1.452062,""
island_finnland,spf_expected_hicp_1_2y,,2013-11-01,1.398526,""
island_finnland,spf_expected_hicp_1_2y,,2013-12-01,1.346717,""
island_finnland,spf_expected_hicp_1_2y,,2014-01-01,1.293181,""
island_finnland,spf_expected_hicp_1_2y,,2014-02-01,1.218878,""
island_finnland,spf_expected_hicp_1_2y,,2014-03-01,1.151765,""
island_finnland,spf_expected_hicp_1_2y,,2014-04-01,1.077462,""
island_finnland,spf_expected_hicp_1_2y,,2014-05-01,1.037094,""
island_finnland,spf_expected_hicp_1_2y,,2014-06-01,0.99538,""
island_finnland,spf_expected_hicp_1_2y,,2014-07-01,0.955012,""
island_finnland,spf_expected_hicp_1_2y,,2014-08-01,0.883241,""
island_finnland,spf_expected_hicp_1_2y,,2014-09-01,0.81147,""
island_finnland,spf_expected_hicp_1_2y,,2014-10-01,0.742014,""
island_finnland,spf_expected_hicp_1_2y,,2014-11-01,0.712689,""
island_finnland,spf_expected_hicp_1_2y,,2014-12-01,0.68431,""
island_finnland,spf_expected_hicp_1_2y,,2015-01-01,0.654985,""
island_finnland,spf_expected_hicp_1_2y,,2015-02-01,0.6488,""
island_finnland,spf_expected_hicp_1_2y,,2015-03-01,0.643214,""
island_finnland,spf_expected_hicp_1_2y,,2015-04-01,0.637029,""
island_finnland,spf_expected_hicp_1_2y,,2015-05-01,0.674197,""
island_finnland,spf_expected_hicp_1_2y,,2015-06-01,0.712603,""
island_finnland,spf_expected_hicp_1_2y,,2015-07-01,0.749771,""
island_finnland,spf_expected_hicp_1_2y,,2015-08-01,0.692887,""
island_finnland,spf_expected_hicp_1_2y,,2015-09-01,0.636004,""
island_finnland,spf_expected_hicp_1_2y,,2015-10-01,0.580956,""
island_finnland,spf_expected_hicp_1_2y,,2015-11-01,0.749768,""
island_finnland,spf_expected_hicp_1_2y,,2015-12-01,0.913134,""
island_finnland,spf_expected_hicp_1_2y,,2016-01-01,1.081946,""
island_finnland,spf_expected_hicp_1_2y,,2016-02-01,0.981275,""
island_finnland,spf_expected_hicp_1_2y,,2016-03-01,0.887099,""
island_finnland,spf_expected_hicp_1_2y,,2016-04-01,0.786428,""
island_finnland,spf_expected_hicp_1_2y,,2016-05-01,0.771132,""
island_finnland,spf_expected_hicp_1_2y,,2016-06-01,0.755325,""
island_finnland,spf_expected_hicp_1_2y,,2016-07-01,0.740028,""
island_finnland,spf_expected_hicp_1_2y,,2016-08-01,0.729214,""
island_finnland,spf_expected_hicp_1_2y,,2016-09-01,0.718401,""
island_finnland,spf_expected_hicp_1_2y,,2016-10-01,0.707936,""
island_finnland,spf_expected_hicp_1_2y,,2016-11-01,0.947196,""
island_finnland,spf_expected_hicp_1_2y,,2016-12-01,1.178738,""
island_finnland,spf_expected_hicp_1_2y,,2017-01-01,1.417998,""
island_finnland,spf_expected_hicp_1_2y,,2017-02-01,1.456672,""
island_finnland,spf_expected_hicp_1_2y,,2017-03-01,1.491603,""
island_finnland,spf_expected_hicp_1_2y,,2017-04-01,1.530277,""
island_finnland,spf_expected_hicp_1_2y,,2017-05-01,1.512409,""
island_finnland,spf_expected_hicp_1_2y,,2017-06-01,1.493946,""
island_finnland,spf_expected_hicp_1_2y,,2017-07-01,1.476079,""
island_finnland,spf_expected_hicp_1_2y,,2017-08-01,1.47298,""
island_finnland,spf_expected_hicp_1_2y,,2017-09-01,1.46988,""
island_finnland,spf_expected_hicp_1_2y,,2017-10-01,1.466881,""
island_finnland,spf_expected_hicp_1_2y,,2017-11-01,1.505828,""
island_finnland,spf_expected_hicp_1_2y,,2017-12-01,1.543519,""
island_finnland,spf_expected_hicp_1_2y,,2018-01-01,1.582466,""
island_finnland,spf_expected_hicp_1_2y,,2018-02-01,1.574321,""
island_finnland,spf_expected_hicp_1_2y,,2018-03-01,1.566964,""
island_finnland,spf_expected_hicp_1_2y,,2018-04-01,1.55882,""
island_finnland,spf_expected_hicp_1_2y,,2018-05-01,1.596493,""
island_finnland,spf_expected_hicp_1_2y,,2018-06-01,1.635422,""
island_finnland,spf_expected_hicp_1_2y,,2018-07-01,1.673095,""
island_finnland,spf_expected_hicp_1_2y,,2018-08-01,1.697769,""
island_finnland,spf_expected_hicp_1_2y,,2018-09-01,1.722444,""
island_finnland,spf_expected_hicp_1_2y,,2018-10-01,1.746322,""
island_finnland,spf_expected_hicp_1_2y,,2018-11-01,1.688161,""
island_finnland,spf_expected_hicp_1_2y,,2018-12-01,1.631876,""
island_finnland,spf_expected_hicp_1_2y,,2019-01-01,1.573715,""
island_finnland,spf_expected_hicp_1_2y,,2019-02-01,1.529362,""
island_finnland,spf_expected_hicp_1_2y,,2019-03-01,1.4893,""
island_finnland,spf_expected_hicp_1_2y,,2019-04-01,1.444947,""
island_finnland,spf_expected_hicp_1_2y,,2019-05-01,1.400067,""
island_finnland,spf_expected_hicp_1_2y,,2019-06-01,1.353692,""
island_finnland,spf_expected_hicp_1_2y,,2019-07-01,1.308812,""
island_finnland,spf_expected_hicp_1_2y,,2019-08-01,1.279017,""
island_finnland,spf_expected_hicp_1_2y,,2019-09-01,1.249222,""
island_finnland,spf_expected_hicp_1_2y,,2019-10-01,1.220389,""
island_finnland,spf_expected_hicp_1_2y,,2019-11-01,1.25109,""
island_finnland,spf_expected_hicp_1_2y,,2019-12-01,1.280802,""
island_finnland,spf_expected_hicp_1_2y,,2020-01-01,1.311504,""
island_finnland,spf_expected_hicp_1_2y,,2020-02-01,1.147625,""
island_finnland,spf_expected_hicp_1_2y,,2020-03-01,0.99432,""
island_finnland,spf_expected_hicp_1_2y,,2020-04-01,0.830442,""
island_finnland,spf_expected_hicp_1_2y,,2020-05-01,0.794574,""
island_finnland,spf_expected_hicp_1_2y,,2020-06-01,0.75751,""
island_finnland,spf_expected_hicp_1_2y,,2020-07-01,0.721642,""
island_finnland,spf_expected_hicp_1_2y,,2020-08-01,0.680592,""
island_finnland,spf_expected_hicp_1_2y,,2020-09-01,0.639542,""
island_finnland,spf_expected_hicp_1_2y,,2020-10-01,0.599816,""
island_finnland,spf_expected_hicp_1_2y,,2020-11-01,0.764632,""
island_finnland,spf_expected_hicp_1_2y,,2020-12-01,0.924132,""
island_finnland,spf_expected_hicp_1_2y,,2021-01-01,1.088948,""
island_finnland,spf_expected_hicp_1_2y,,2021-02-01,1.214754,""
island_finnland,spf_expected_hicp_1_2y,,2021-03-01,1.328385,""
island_finnland,spf_expected_hicp_1_2y,,2021-04-01,1.454191,""
island_finnland,spf_expected_hicp_1_2y,,2021-05-01,1.532777,""
island_finnland,spf_expected_hicp_1_2y,,2021-06-01,1.613984,""
island_finnland,spf_expected_hicp_1_2y,,2021-07-01,1.69257,""
island_finnland,spf_expected_hicp_1_2y,,2021-08-01,1.83493,""
island_finnland,spf_expected_hicp_1_2y,,2021-09-01,1.977289,""
island_finnland,spf_expected_hicp_1_2y,,2021-10-01,2.115056,""
island_finnland,spf_expected_hicp_1_2y,,2021-11-01,2.214233,""
island_finnland,spf_expected_hicp_1_2y,,2021-12-01,2.310212,""
island_finnland,spf_expected_hicp_1_2y,,2022-01-01,2.409389,""
island_finnland,spf_expected_hicp_1_2y,,2022-02-01,3.028285,""
island_finnland,spf_expected_hicp_1_2y,,2022-03-01,3.587287,""
island_finnland,spf_expected_hicp_1_2y,,2022-04-01,4.206183,""
island_finnland,spf_expected_hicp_1_2y,,2022-05-01,4.624272,""
island_finnland,spf_expected_hicp_1_2y,,2022-06-01,5.056297,""
island_finnland,spf_expected_hicp_1_2y,,2022-07-01,5.474385,""
island_finnland,spf_expected_hicp_1_2y,,2022-08-01,5.997686,""
island_finnland,spf_expected_hicp_1_2y,,2022-09-01,6.520986,""
island_finnland,spf_expected_hicp_1_2y,,2022-10-01,7.027406,""
island_finnland,spf_expected_hicp_1_2y,,2022-11-01,6.120722,""
island_finnland,spf_expected_hicp_1_2y,,2022-12-01,5.243285,""
island_finnland,spf_expected_hicp_1_2y,,2023-01-01,4.3366,""
island_finnland,spf_expected_hicp_1_2y,,2023-02-01,4.262708,""
island_finnland,spf_expected_hicp_1_2y,,2023-03-01,4.195967,""
island_finnland,spf_expected_hicp_1_2y,,2023-04-01,4.122075,""
island_finnland,spf_expected_hicp_1_2y,,2023-05-01,4.10431,""
island_finnland,spf_expected_hicp_1_2y,,2023-06-01,4.085954,""
island_finnland,spf_expected_hicp_1_2y,,2023-07-01,4.068189,""
island_finnland,spf_expected_hicp_1_2y,,2023-08-01,4.097691,""
island_finnland,spf_expected_hicp_1_2y,,2023-09-01,4.127192,""
island_finnland,spf_expected_hicp_1_2y,,2023-10-01,4.155742,""
island_finnland,spf_expected_hicp_1_2y,,2023-11-01,3.495505,""
island_finnland,spf_expected_hicp_1_2y,,2023-12-01,2.856566,""
island_finnland,spf_expected_hicp_1_2y,,2024-01-01,2.196329,""
island_finnland,spf_expected_hicp_1_2y,,2024-02-01,2.196944,""
island_finnland,spf_expected_hicp_1_2y,,2024-03-01,2.197519,""
island_finnland,spf_expected_hicp_1_2y,,2024-04-01,2.198133,""
island_finnland,spf_expected_hicp_1_2y,,2024-05-01,2.203621,""
island_finnland,spf_expected_hicp_1_2y,,2024-06-01,2.209292,""
island_finnland,spf_expected_hicp_1_2y,,2024-07-01,2.21478,""
island_finnland,spf_expected_hicp_1_2y,,2024-08-01,2.19604,""
island_finnland,spf_expected_hicp_1_2y,,2024-09-01,2.1773,""
island_finnland,spf_expected_hicp_1_2y,,2024-10-01,2.159165,""
island_finnland,spf_expected_hicp_1_2y,,2024-11-01,2.10075,""
island_finnland,spf_expected_hicp_1_2y,,2024-12-01,2.04422,""
island_finnland,spf_expected_hicp_1_2y,,2025-01-01,1.985806,""
island_finnland,spf_expected_hicp_1_2y,,2025-02-01,2.018137,""
island_finnland,spf_expected_hicp_1_2y,,2025-03-01,2.047339,""
island_finnland,spf_expected_hicp_1_2y,,2025-04-01,2.07967,""
island_finnland,spf_expected_hicp_1_2y,,2025-05-01,2.032962,""
island_finnland,spf_expected_hicp_1_2y,,2025-06-01,1.984696,""
island_finnland,spf_expected_hicp_1_2y,,2025-07-01,1.937987,""
island_finnland,spf_expected_hicp_1_2y,,2025-08-01,1.945898,""
island_finnland,spf_expected_hicp_1_2y,,2025-09-01,1.953809,""
island_finnland,spf_expected_hicp_1_2y,,2025-10-01,1.961465,""
island_finnland,spf_expected_hicp_1_2y,,2025-11-01,1.942284,""
island_finnland,spf_expected_hicp_1_2y,,2025-12-01,1.923722,""
island_finnland,spf_expected_hicp_1_2y,,2026-01-01,1.904542,""
island_finnland,spf_expected_hicp_1_2y,,2026-02-01,2.073945,""
island_finnland,spf_expected_hicp_1_2y,,2026-03-01,2.226954,""
island_finnland,spf_expected_hicp_1_2y,,2026-04-01,2.396357,""
island_finnland,spf_expected_hicp_1_2y,,2026-05-01,2.396357,""
island_finnland,spf_expected_hicp_1_2y,,2026-06-01,2.396357,""
island_finnland,baseline_expected_hicp_1_2y,,1999-01-01,1.163621,""
island_finnland,baseline_expected_hicp_1_2y,,1999-02-01,1.21565,""
island_finnland,baseline_expected_hicp_1_2y,,1999-03-01,1.262643,""
island_finnland,baseline_expected_hicp_1_2y,,1999-04-01,1.314672,""
island_finnland,baseline_expected_hicp_1_2y,,1999-05-01,1.310132,""
island_finnland,baseline_expected_hicp_1_2y,,1999-06-01,1.305441,""
island_finnland,baseline_expected_hicp_1_2y,,1999-07-01,1.300902,""
island_finnland,baseline_expected_hicp_1_2y,,1999-08-01,1.310736,""
island_finnland,baseline_expected_hicp_1_2y,,1999-09-01,1.320571,""
island_finnland,baseline_expected_hicp_1_2y,,1999-10-01,1.330088,""
island_finnland,baseline_expected_hicp_1_2y,,1999-11-01,1.460333,""
island_finnland,baseline_expected_hicp_1_2y,,1999-12-01,1.586377,""
island_finnland,baseline_expected_hicp_1_2y,,2000-01-01,1.716623,""
island_finnland,baseline_expected_hicp_1_2y,,2000-02-01,1.752026,""
island_finnland,baseline_expected_hicp_1_2y,,2000-03-01,1.785146,""
island_finnland,baseline_expected_hicp_1_2y,,2000-04-01,1.820549,""
island_finnland,baseline_expected_hicp_1_2y,,2000-05-01,1.861767,""
island_finnland,baseline_expected_hicp_1_2y,,2000-06-01,1.904359,""
island_finnland,baseline_expected_hicp_1_2y,,2000-07-01,1.945577,""
island_finnland,baseline_expected_hicp_1_2y,,2000-08-01,2.016621,""
island_finnland,baseline_expected_hicp_1_2y,,2000-09-01,2.087665,""
island_finnland,baseline_expected_hicp_1_2y,,2000-10-01,2.156418,""
island_finnland,baseline_expected_hicp_1_2y,,2000-11-01,2.055708,""
island_finnland,baseline_expected_hicp_1_2y,,2000-12-01,1.958246,""
island_finnland,baseline_expected_hicp_1_2y,,2001-01-01,1.857535,""
island_finnland,baseline_expected_hicp_1_2y,,2001-02-01,1.916062,""
island_finnland,baseline_expected_hicp_1_2y,,2001-03-01,1.968925,""
island_finnland,baseline_expected_hicp_1_2y,,2001-04-01,2.027451,""
island_finnland,baseline_expected_hicp_1_2y,,2001-05-01,2.121164,""
island_finnland,baseline_expected_hicp_1_2y,,2001-06-01,2.218001,""
island_finnland,baseline_expected_hicp_1_2y,,2001-07-01,2.311714,""
island_finnland,baseline_expected_hicp_1_2y,,2001-08-01,2.264088,""
island_finnland,baseline_expected_hicp_1_2y,,2001-09-01,2.216461,""
island_finnland,baseline_expected_hicp_1_2y,,2001-10-01,2.17037,""
island_finnland,baseline_expected_hicp_1_2y,,2001-11-01,2.02508,""
island_finnland,baseline_expected_hicp_1_2y,,2001-12-01,1.884477,""
island_finnland,baseline_expected_hicp_1_2y,,2002-01-01,1.739187,""
island_finnland,baseline_expected_hicp_1_2y,,2002-02-01,1.822667,""
island_finnland,baseline_expected_hicp_1_2y,,2002-03-01,1.898068,""
island_finnland,baseline_expected_hicp_1_2y,,2002-04-01,1.981548,""
island_finnland,baseline_expected_hicp_1_2y,,2002-05-01,1.984335,""
island_finnland,baseline_expected_hicp_1_2y,,2002-06-01,1.987216,""
island_finnland,baseline_expected_hicp_1_2y,,2002-07-01,1.990003,""
island_finnland,baseline_expected_hicp_1_2y,,2002-08-01,1.997787,""
island_finnland,baseline_expected_hicp_1_2y,,2002-09-01,2.00557,""
island_finnland,baseline_expected_hicp_1_2y,,2002-10-01,2.013102,""
island_finnland,baseline_expected_hicp_1_2y,,2002-11-01,1.942935,""
island_finnland,baseline_expected_hicp_1_2y,,2002-12-01,1.875032,""
island_finnland,baseline_expected_hicp_1_2y,,2003-01-01,1.804865,""
island_finnland,baseline_expected_hicp_1_2y,,2003-02-01,1.812819,""
island_finnland,baseline_expected_hicp_1_2y,,2003-03-01,1.820003,""
island_finnland,baseline_expected_hicp_1_2y,,2003-04-01,1.827957,""
island_finnland,baseline_expected_hicp_1_2y,,2003-05-01,1.793662,""
island_finnland,baseline_expected_hicp_1_2y,,2003-06-01,1.758224,""
island_finnland,baseline_expected_hicp_1_2y,,2003-07-01,1.723928,""
island_finnland,baseline_expected_hicp_1_2y,,2003-08-01,1.758667,""
island_finnland,baseline_expected_hicp_1_2y,,2003-09-01,1.793405,""
island_finnland,baseline_expected_hicp_1_2y,,2003-10-01,1.827023,""
island_finnland,baseline_expected_hicp_1_2y,,2003-11-01,1.799261,""
island_finnland,baseline_expected_hicp_1_2y,,2003-12-01,1.772395,""
island_finnland,baseline_expected_hicp_1_2y,,2004-01-01,1.744633,""
island_finnland,baseline_expected_hicp_1_2y,,2004-02-01,1.751359,""
island_finnland,baseline_expected_hicp_1_2y,,2004-03-01,1.757651,""
island_finnland,baseline_expected_hicp_1_2y,,2004-04-01,1.764377,""
island_finnland,baseline_expected_hicp_1_2y,,2004-05-01,1.835802,""
island_finnland,baseline_expected_hicp_1_2y,,2004-06-01,1.909609,""
island_finnland,baseline_expected_hicp_1_2y,,2004-07-01,1.981034,""
island_finnland,baseline_expected_hicp_1_2y,,2004-08-01,1.994215,""
island_finnland,baseline_expected_hicp_1_2y,,2004-09-01,2.007396,""
island_finnland,baseline_expected_hicp_1_2y,,2004-10-01,2.020151,""
island_finnland,baseline_expected_hicp_1_2y,,2004-11-01,1.958383,""
island_finnland,baseline_expected_hicp_1_2y,,2004-12-01,1.898607,""
island_finnland,baseline_expected_hicp_1_2y,,2005-01-01,1.836838,""
island_finnland,baseline_expected_hicp_1_2y,,2005-02-01,1.841094,""
island_finnland,baseline_expected_hicp_1_2y,,2005-03-01,1.844937,""
island_finnland,baseline_expected_hicp_1_2y,,2005-04-01,1.849192,""
island_finnland,baseline_expected_hicp_1_2y,,2005-05-01,1.869112,""
island_finnland,baseline_expected_hicp_1_2y,,2005-06-01,1.889696,""
island_finnland,baseline_expected_hicp_1_2y,,2005-07-01,1.909615,""
island_finnland,baseline_expected_hicp_1_2y,,2005-08-01,1.9758,""
island_finnland,baseline_expected_hicp_1_2y,,2005-09-01,2.041985,""
island_finnland,baseline_expected_hicp_1_2y,,2005-10-01,2.106034,""
island_finnland,baseline_expected_hicp_1_2y,,2005-11-01,2.075199,""
island_finnland,baseline_expected_hicp_1_2y,,2005-12-01,2.045359,""
island_finnland,baseline_expected_hicp_1_2y,,2006-01-01,2.014524,""
island_finnland,baseline_expected_hicp_1_2y,,2006-02-01,2.045496,""
island_finnland,baseline_expected_hicp_1_2y,,2006-03-01,2.07347,""
island_finnland,baseline_expected_hicp_1_2y,,2006-04-01,2.104442,""
island_finnland,baseline_expected_hicp_1_2y,,2006-05-01,2.14007,""
island_finnland,baseline_expected_hicp_1_2y,,2006-06-01,2.176886,""
island_finnland,baseline_expected_hicp_1_2y,,2006-07-01,2.212514,""
island_finnland,baseline_expected_hicp_1_2y,,2006-08-01,2.196383,""
island_finnland,baseline_expected_hicp_1_2y,,2006-09-01,2.180252,""
island_finnland,baseline_expected_hicp_1_2y,,2006-10-01,2.164642,""
island_finnland,baseline_expected_hicp_1_2y,,2006-11-01,2.090156,""
island_finnland,baseline_expected_hicp_1_2y,,2006-12-01,2.018072,""
island_finnland,baseline_expected_hicp_1_2y,,2007-01-01,1.943586,""
island_finnland,baseline_expected_hicp_1_2y,,2007-02-01,1.935165,""
island_finnland,baseline_expected_hicp_1_2y,,2007-03-01,1.92756,""
island_finnland,baseline_expected_hicp_1_2y,,2007-04-01,1.919139,""
island_finnland,baseline_expected_hicp_1_2y,,2007-05-01,1.948867,""
island_finnland,baseline_expected_hicp_1_2y,,2007-06-01,1.979586,""
island_finnland,baseline_expected_hicp_1_2y,,2007-07-01,2.009314,""
island_finnland,baseline_expected_hicp_1_2y,,2007-08-01,2.007811,""
island_finnland,baseline_expected_hicp_1_2y,,2007-09-01,2.006308,""
island_finnland,baseline_expected_hicp_1_2y,,2007-10-01,2.004854,""
island_finnland,baseline_expected_hicp_1_2y,,2007-11-01,2.077698,""
island_finnland,baseline_expected_hicp_1_2y,,2007-12-01,2.148192,""
island_finnland,baseline_expected_hicp_1_2y,,2008-01-01,2.221036,""
island_finnland,baseline_expected_hicp_1_2y,,2008-02-01,2.34286,""
island_finnland,baseline_expected_hicp_1_2y,,2008-03-01,2.456825,""
island_finnland,baseline_expected_hicp_1_2y,,2008-04-01,2.57865,""
island_finnland,baseline_expected_hicp_1_2y,,2008-05-01,2.739814,""
island_finnland,baseline_expected_hicp_1_2y,,2008-06-01,2.906351,""
island_finnland,baseline_expected_hicp_1_2y,,2008-07-01,3.067516,""
island_finnland,baseline_expected_hicp_1_2y,,2008-08-01,2.975034,""
island_finnland,baseline_expected_hicp_1_2y,,2008-09-01,2.882553,""
island_finnland,baseline_expected_hicp_1_2y,,2008-10-01,2.793054,""
island_finnland,baseline_expected_hicp_1_2y,,2008-11-01,2.269169,""
island_finnland,baseline_expected_hicp_1_2y,,2008-12-01,1.762183,""
island_finnland,baseline_expected_hicp_1_2y,,2009-01-01,1.238297,""
island_finnland,baseline_expected_hicp_1_2y,,2009-02-01,1.107958,""
island_finnland,baseline_expected_hicp_1_2y,,2009-03-01,0.990232,""
island_finnland,baseline_expected_hicp_1_2y,,2009-04-01,0.859893,""
island_finnland,baseline_expected_hicp_1_2y,,2009-05-01,0.826409,""
island_finnland,baseline_expected_hicp_1_2y,,2009-06-01,0.79181,""
island_finnland,baseline_expected_hicp_1_2y,,2009-07-01,0.758327,""
island_finnland,baseline_expected_hicp_1_2y,,2009-08-01,0.745605,""
island_finnland,baseline_expected_hicp_1_2y,,2009-09-01,0.732884,""
island_finnland,baseline_expected_hicp_1_2y,,2009-10-01,0.720572,""
island_finnland,baseline_expected_hicp_1_2y,,2009-11-01,0.946043,""
island_finnland,baseline_expected_hicp_1_2y,,2009-12-01,1.16424,""
island_finnland,baseline_expected_hicp_1_2y,,2010-01-01,1.389711,""
island_finnland,baseline_expected_hicp_1_2y,,2010-02-01,1.403747,""
island_finnland,baseline_expected_hicp_1_2y,,2010-03-01,1.416424,""
island_finnland,baseline_expected_hicp_1_2y,,2010-04-01,1.43046,""
island_finnland,baseline_expected_hicp_1_2y,,2010-05-01,1.447864,""
island_finnland,baseline_expected_hicp_1_2y,,2010-06-01,1.465847,""
island_finnland,baseline_expected_hicp_1_2y,,2010-07-01,1.483251,""
island_finnland,baseline_expected_hicp_1_2y,,2010-08-01,1.490346,""
island_finnland,baseline_expected_hicp_1_2y,,2010-09-01,1.497441,""
island_finnland,baseline_expected_hicp_1_2y,,2010-10-01,1.504307,""
island_finnland,baseline_expected_hicp_1_2y,,2010-11-01,1.626827,""
island_finnland,baseline_expected_hicp_1_2y,,2010-12-01,1.745394,""
island_finnland,baseline_expected_hicp_1_2y,,2011-01-01,1.867913,""
island_finnland,baseline_expected_hicp_1_2y,,2011-02-01,1.992611,""
island_finnland,baseline_expected_hicp_1_2y,,2011-03-01,2.10524,""
island_finnland,baseline_expected_hicp_1_2y,,2011-04-01,2.201737,""
island_finnland,baseline_expected_hicp_1_2y,,2011-05-01,2.201737,""
island_finnland,baseline_expected_hicp_1_2y,,2011-06-01,2.201737,""
island_finnland,baseline_expected_hicp_1_2y,,2011-07-01,2.201737,""
island_finnland,baseline_expected_hicp_1_2y,,2011-08-01,2.201737,""
island_finnland,baseline_expected_hicp_1_2y,,2011-09-01,2.201737,""
island_finnland,baseline_expected_hicp_1_2y,,2011-10-01,2.201737,""
island_finnland,baseline_expected_hicp_1_2y,,2011-11-01,2.201737,""
island_finnland,baseline_expected_hicp_1_2y,,2011-12-01,2.201737,""
island_finnland,baseline_expected_hicp_1_2y,,2012-01-01,2.201737,""
island_finnland,baseline_expected_hicp_1_2y,,2012-02-01,2.201737,""
island_finnland,baseline_expected_hicp_1_2y,,2012-03-01,2.201737,""
island_finnland,baseline_expected_hicp_1_2y,,2012-04-01,2.074643,""
island_finnland,baseline_expected_hicp_1_2y,,2012-05-01,2.074643,""
island_finnland,baseline_expected_hicp_1_2y,,2012-06-01,2.074643,""
island_finnland,baseline_expected_hicp_1_2y,,2012-07-01,2.074643,""
island_finnland,baseline_expected_hicp_1_2y,,2012-08-01,2.074643,""
island_finnland,baseline_expected_hicp_1_2y,,2012-09-01,2.074643,""
island_finnland,baseline_expected_hicp_1_2y,,2012-10-01,2.074643,""
island_finnland,baseline_expected_hicp_1_2y,,2012-11-01,2.074643,""
island_finnland,baseline_expected_hicp_1_2y,,2012-12-01,2.074643,""
island_finnland,baseline_expected_hicp_1_2y,,2013-01-01,2.074643,""
island_finnland,baseline_expected_hicp_1_2y,,2013-02-01,2.074643,""
island_finnland,baseline_expected_hicp_1_2y,,2013-03-01,2.074643,""
island_finnland,baseline_expected_hicp_1_2y,,2013-04-01,1.51957,""
island_finnland,baseline_expected_hicp_1_2y,,2013-05-01,1.51957,""
island_finnland,baseline_expected_hicp_1_2y,,2013-06-01,1.51957,""
island_finnland,baseline_expected_hicp_1_2y,,2013-07-01,1.51957,""
island_finnland,baseline_expected_hicp_1_2y,,2013-08-01,1.51957,""
island_finnland,baseline_expected_hicp_1_2y,,2013-09-01,1.51957,""
island_finnland,baseline_expected_hicp_1_2y,,2013-10-01,1.51957,""
island_finnland,baseline_expected_hicp_1_2y,,2013-11-01,1.51957,""
island_finnland,baseline_expected_hicp_1_2y,,2013-12-01,1.51957,""
island_finnland,baseline_expected_hicp_1_2y,,2014-01-01,1.51957,""
island_finnland,baseline_expected_hicp_1_2y,,2014-02-01,1.51957,""
island_finnland,baseline_expected_hicp_1_2y,,2014-03-01,1.51957,""
island_finnland,baseline_expected_hicp_1_2y,,2014-04-01,1.030206,""
island_finnland,baseline_expected_hicp_1_2y,,2014-05-01,1.030206,""
island_finnland,baseline_expected_hicp_1_2y,,2014-06-01,1.030206,""
island_finnland,baseline_expected_hicp_1_2y,,2014-07-01,1.030206,""
island_finnland,baseline_expected_hicp_1_2y,,2014-08-01,1.030206,""
island_finnland,baseline_expected_hicp_1_2y,,2014-09-01,1.030206,""
island_finnland,baseline_expected_hicp_1_2y,,2014-10-01,1.030206,""
island_finnland,baseline_expected_hicp_1_2y,,2014-11-01,1.030206,""
island_finnland,baseline_expected_hicp_1_2y,,2014-12-01,1.030206,""
island_finnland,baseline_expected_hicp_1_2y,,2015-01-01,1.030206,""
island_finnland,baseline_expected_hicp_1_2y,,2015-02-01,1.030206,""
island_finnland,baseline_expected_hicp_1_2y,,2015-03-01,1.030206,""
island_finnland,baseline_expected_hicp_1_2y,,2015-04-01,0.773652,""
island_finnland,baseline_expected_hicp_1_2y,,2015-05-01,0.773652,""
island_finnland,baseline_expected_hicp_1_2y,,2015-06-01,0.773652,""
island_finnland,baseline_expected_hicp_1_2y,,2015-07-01,0.773652,""
island_finnland,baseline_expected_hicp_1_2y,,2015-08-01,0.773652,""
island_finnland,baseline_expected_hicp_1_2y,,2015-09-01,0.773652,""
island_finnland,baseline_expected_hicp_1_2y,,2015-10-01,0.773652,""
island_finnland,baseline_expected_hicp_1_2y,,2015-11-01,0.773652,""
island_finnland,baseline_expected_hicp_1_2y,,2015-12-01,0.773652,""
island_finnland,baseline_expected_hicp_1_2y,,2016-01-01,0.773652,""
island_finnland,baseline_expected_hicp_1_2y,,2016-02-01,0.773652,""
island_finnland,baseline_expected_hicp_1_2y,,2016-03-01,0.773652,""
island_finnland,baseline_expected_hicp_1_2y,,2016-04-01,0.80321,""
island_finnland,baseline_expected_hicp_1_2y,,2016-05-01,0.80321,""
island_finnland,baseline_expected_hicp_1_2y,,2016-06-01,0.80321,""
island_finnland,baseline_expected_hicp_1_2y,,2016-07-01,0.80321,""
island_finnland,baseline_expected_hicp_1_2y,,2016-08-01,0.80321,""
island_finnland,baseline_expected_hicp_1_2y,,2016-09-01,0.80321,""
island_finnland,baseline_expected_hicp_1_2y,,2016-10-01,0.80321,""
island_finnland,baseline_expected_hicp_1_2y,,2016-11-01,0.80321,""
island_finnland,baseline_expected_hicp_1_2y,,2016-12-01,0.80321,""
island_finnland,baseline_expected_hicp_1_2y,,2017-01-01,0.80321,""
island_finnland,baseline_expected_hicp_1_2y,,2017-02-01,0.80321,""
island_finnland,baseline_expected_hicp_1_2y,,2017-03-01,0.80321,""
island_finnland,baseline_expected_hicp_1_2y,,2017-04-01,1.475126,""
island_finnland,baseline_expected_hicp_1_2y,,2017-05-01,1.475126,""
island_finnland,baseline_expected_hicp_1_2y,,2017-06-01,1.475126,""
island_finnland,baseline_expected_hicp_1_2y,,2017-07-01,1.475126,""
island_finnland,baseline_expected_hicp_1_2y,,2017-08-01,1.475126,""
island_finnland,baseline_expected_hicp_1_2y,,2017-09-01,1.475126,""
island_finnland,baseline_expected_hicp_1_2y,,2017-10-01,1.475126,""
island_finnland,baseline_expected_hicp_1_2y,,2017-11-01,1.475126,""
island_finnland,baseline_expected_hicp_1_2y,,2017-12-01,1.475126,""
island_finnland,baseline_expected_hicp_1_2y,,2018-01-01,1.475126,""
island_finnland,baseline_expected_hicp_1_2y,,2018-02-01,1.475126,""
island_finnland,baseline_expected_hicp_1_2y,,2018-03-01,1.475126,""
island_finnland,baseline_expected_hicp_1_2y,,2018-04-01,1.550816,""
island_finnland,baseline_expected_hicp_1_2y,,2018-05-01,1.550816,""
island_finnland,baseline_expected_hicp_1_2y,,2018-06-01,1.550816,""
island_finnland,baseline_expected_hicp_1_2y,,2018-07-01,1.550816,""
island_finnland,baseline_expected_hicp_1_2y,,2018-08-01,1.550816,""
island_finnland,baseline_expected_hicp_1_2y,,2018-09-01,1.550816,""
island_finnland,baseline_expected_hicp_1_2y,,2018-10-01,1.550816,""
island_finnland,baseline_expected_hicp_1_2y,,2018-11-01,1.550816,""
island_finnland,baseline_expected_hicp_1_2y,,2018-12-01,1.550816,""
island_finnland,baseline_expected_hicp_1_2y,,2019-01-01,1.550816,""
island_finnland,baseline_expected_hicp_1_2y,,2019-02-01,1.550816,""
island_finnland,baseline_expected_hicp_1_2y,,2019-03-01,1.550816,""
island_finnland,baseline_expected_hicp_1_2y,,2019-04-01,1.393824,""
island_finnland,baseline_expected_hicp_1_2y,,2019-05-01,1.393824,""
island_finnland,baseline_expected_hicp_1_2y,,2019-06-01,1.393824,""
island_finnland,baseline_expected_hicp_1_2y,,2019-07-01,1.393824,""
island_finnland,baseline_expected_hicp_1_2y,,2019-08-01,1.393824,""
island_finnland,baseline_expected_hicp_1_2y,,2019-09-01,1.393824,""
island_finnland,baseline_expected_hicp_1_2y,,2019-10-01,1.393824,""
island_finnland,baseline_expected_hicp_1_2y,,2019-11-01,1.393824,""
island_finnland,baseline_expected_hicp_1_2y,,2019-12-01,1.393824,""
island_finnland,baseline_expected_hicp_1_2y,,2020-01-01,1.393824,""
island_finnland,baseline_expected_hicp_1_2y,,2020-02-01,1.393824,""
island_finnland,baseline_expected_hicp_1_2y,,2020-03-01,1.393824,""
island_finnland,baseline_expected_hicp_1_2y,,2020-04-01,0.679018,""
island_finnland,baseline_expected_hicp_1_2y,,2020-05-01,0.679018,""
island_finnland,baseline_expected_hicp_1_2y,,2020-06-01,0.679018,""
island_finnland,baseline_expected_hicp_1_2y,,2020-07-01,0.679018,""
island_finnland,baseline_expected_hicp_1_2y,,2020-08-01,0.679018,""
island_finnland,baseline_expected_hicp_1_2y,,2020-09-01,0.679018,""
island_finnland,baseline_expected_hicp_1_2y,,2020-10-01,0.679018,""
island_finnland,baseline_expected_hicp_1_2y,,2020-11-01,0.679018,""
island_finnland,baseline_expected_hicp_1_2y,,2020-12-01,0.679018,""
island_finnland,baseline_expected_hicp_1_2y,,2021-01-01,0.679018,""
island_finnland,baseline_expected_hicp_1_2y,,2021-02-01,0.679018,""
island_finnland,baseline_expected_hicp_1_2y,,2021-03-01,0.679018,""
island_finnland,baseline_expected_hicp_1_2y,,2021-04-01,1.466628,""
island_finnland,baseline_expected_hicp_1_2y,,2021-05-01,1.466628,""
island_finnland,baseline_expected_hicp_1_2y,,2021-06-01,1.466628,""
island_finnland,baseline_expected_hicp_1_2y,,2021-07-01,1.466628,""
island_finnland,baseline_expected_hicp_1_2y,,2021-08-01,1.466628,""
island_finnland,baseline_expected_hicp_1_2y,,2021-09-01,1.466628,""
island_finnland,baseline_expected_hicp_1_2y,,2021-10-01,1.466628,""
island_finnland,baseline_expected_hicp_1_2y,,2021-11-01,1.466628,""
island_finnland,baseline_expected_hicp_1_2y,,2021-12-01,1.466628,""
island_finnland,baseline_expected_hicp_1_2y,,2022-01-01,1.466628,""
island_finnland,baseline_expected_hicp_1_2y,,2022-02-01,1.466628,""
island_finnland,baseline_expected_hicp_1_2y,,2022-03-01,1.466628,""
island_finnland,baseline_expected_hicp_1_2y,,2022-04-01,4.427368,""
island_finnland,baseline_expected_hicp_1_2y,,2022-05-01,4.427368,""
island_finnland,baseline_expected_hicp_1_2y,,2022-06-01,4.427368,""
island_finnland,baseline_expected_hicp_1_2y,,2022-07-01,4.427368,""
island_finnland,baseline_expected_hicp_1_2y,,2022-08-01,4.427368,""
island_finnland,baseline_expected_hicp_1_2y,,2022-09-01,4.427368,""
island_finnland,baseline_expected_hicp_1_2y,,2022-10-01,4.427368,""
island_finnland,baseline_expected_hicp_1_2y,,2022-11-01,4.427368,""
island_finnland,baseline_expected_hicp_1_2y,,2022-12-01,4.427368,""
island_finnland,baseline_expected_hicp_1_2y,,2023-01-01,4.427368,""
island_finnland,baseline_expected_hicp_1_2y,,2023-02-01,4.427368,""
island_finnland,baseline_expected_hicp_1_2y,,2023-03-01,4.427368,""
island_finnland,baseline_expected_hicp_1_2y,,2023-04-01,4.2918,""
island_finnland,baseline_expected_hicp_1_2y,,2023-05-01,4.2918,""
island_finnland,baseline_expected_hicp_1_2y,,2023-06-01,4.2918,""
island_finnland,baseline_expected_hicp_1_2y,,2023-07-01,4.2918,""
island_finnland,baseline_expected_hicp_1_2y,,2023-08-01,4.2918,""
island_finnland,baseline_expected_hicp_1_2y,,2023-09-01,4.2918,""
island_finnland,baseline_expected_hicp_1_2y,,2023-10-01,4.2918,""
island_finnland,baseline_expected_hicp_1_2y,,2023-11-01,4.2918,""
island_finnland,baseline_expected_hicp_1_2y,,2023-12-01,4.2918,""
island_finnland,baseline_expected_hicp_1_2y,,2024-01-01,4.2918,""
island_finnland,baseline_expected_hicp_1_2y,,2024-02-01,4.2918,""
island_finnland,baseline_expected_hicp_1_2y,,2024-03-01,4.2918,""
island_finnland,baseline_expected_hicp_1_2y,,2024-04-01,2.265556,""
island_finnland,baseline_expected_hicp_1_2y,,2024-05-01,2.265556,""
island_finnland,baseline_expected_hicp_1_2y,,2024-06-01,2.265556,""
island_finnland,baseline_expected_hicp_1_2y,,2024-07-01,2.265556,""
island_finnland,baseline_expected_hicp_1_2y,,2024-08-01,2.265556,""
island_finnland,baseline_expected_hicp_1_2y,,2024-09-01,2.265556,""
island_finnland,baseline_expected_hicp_1_2y,,2024-10-01,2.265556,""
island_finnland,baseline_expected_hicp_1_2y,,2024-11-01,2.265556,""
island_finnland,baseline_expected_hicp_1_2y,,2024-12-01,2.265556,""
island_finnland,baseline_expected_hicp_1_2y,,2025-01-01,2.265556,""
island_finnland,baseline_expected_hicp_1_2y,,2025-02-01,2.265556,""
island_finnland,baseline_expected_hicp_1_2y,,2025-03-01,2.265556,""
island_finnland,baseline_expected_hicp_1_2y,,2025-04-01,1.8781,""
island_finnland,baseline_expected_hicp_1_2y,,2025-05-01,1.8781,""
island_finnland,baseline_expected_hicp_1_2y,,2025-06-01,1.8781,""
island_finnland,baseline_expected_hicp_1_2y,,2025-07-01,1.8781,""
island_finnland,baseline_expected_hicp_1_2y,,2025-08-01,1.8781,""
island_finnland,baseline_expected_hicp_1_2y,,2025-09-01,1.8781,""
island_finnland,baseline_expected_hicp_1_2y,,2025-10-01,1.8781,""
island_finnland,baseline_expected_hicp_1_2y,,2025-11-01,1.8781,""
island_finnland,baseline_expected_hicp_1_2y,,2025-12-01,1.8781,""
island_finnland,baseline_expected_hicp_1_2y,,2026-01-01,1.8781,""
island_finnland,baseline_expected_hicp_1_2y,,2026-02-01,1.8781,""
island_finnland,baseline_expected_hicp_1_2y,,2026-03-01,1.8781,""
island_finnland,baseline_expected_hicp_1_2y,,2026-04-01,2.642951,""
island_finnland,baseline_expected_hicp_1_2y,,2026-05-01,2.396357,""
island_finnland,baseline_expected_hicp_1_2y,,2026-06-01,2.396357,""
island_finnland,finland_nominal_mortgage_rate,,1999-01-01,NaN,""
island_finnland,finland_nominal_mortgage_rate,,1999-02-01,NaN,""
island_finnland,finland_nominal_mortgage_rate,,1999-03-01,NaN,""
island_finnland,finland_nominal_mortgage_rate,,1999-04-01,NaN,""
island_finnland,finland_nominal_mortgage_rate,,1999-05-01,NaN,""
island_finnland,finland_nominal_mortgage_rate,,1999-06-01,NaN,""
island_finnland,finland_nominal_mortgage_rate,,1999-07-01,NaN,""
island_finnland,finland_nominal_mortgage_rate,,1999-08-01,NaN,""
island_finnland,finland_nominal_mortgage_rate,,1999-09-01,NaN,""
island_finnland,finland_nominal_mortgage_rate,,1999-10-01,NaN,""
island_finnland,finland_nominal_mortgage_rate,,1999-11-01,NaN,""
island_finnland,finland_nominal_mortgage_rate,,1999-12-01,NaN,""
island_finnland,finland_nominal_mortgage_rate,,2000-01-01,NaN,""
island_finnland,finland_nominal_mortgage_rate,,2000-02-01,NaN,""
island_finnland,finland_nominal_mortgage_rate,,2000-03-01,NaN,""
island_finnland,finland_nominal_mortgage_rate,,2000-04-01,NaN,""
island_finnland,finland_nominal_mortgage_rate,,2000-05-01,NaN,""
island_finnland,finland_nominal_mortgage_rate,,2000-06-01,NaN,""
island_finnland,finland_nominal_mortgage_rate,,2000-07-01,NaN,""
island_finnland,finland_nominal_mortgage_rate,,2000-08-01,NaN,""
island_finnland,finland_nominal_mortgage_rate,,2000-09-01,NaN,""
island_finnland,finland_nominal_mortgage_rate,,2000-10-01,NaN,""
island_finnland,finland_nominal_mortgage_rate,,2000-11-01,NaN,""
island_finnland,finland_nominal_mortgage_rate,,2000-12-01,NaN,""
island_finnland,finland_nominal_mortgage_rate,,2001-01-01,NaN,""
island_finnland,finland_nominal_mortgage_rate,,2001-02-01,NaN,""
island_finnland,finland_nominal_mortgage_rate,,2001-03-01,NaN,""
island_finnland,finland_nominal_mortgage_rate,,2001-04-01,NaN,""
island_finnland,finland_nominal_mortgage_rate,,2001-05-01,NaN,""
island_finnland,finland_nominal_mortgage_rate,,2001-06-01,NaN,""
island_finnland,finland_nominal_mortgage_rate,,2001-07-01,NaN,""
island_finnland,finland_nominal_mortgage_rate,,2001-08-01,NaN,""
island_finnland,finland_nominal_mortgage_rate,,2001-09-01,NaN,""
island_finnland,finland_nominal_mortgage_rate,,2001-10-01,NaN,""
island_finnland,finland_nominal_mortgage_rate,,2001-11-01,NaN,""
island_finnland,finland_nominal_mortgage_rate,,2001-12-01,NaN,""
island_finnland,finland_nominal_mortgage_rate,,2002-01-01,NaN,""
island_finnland,finland_nominal_mortgage_rate,,2002-02-01,NaN,""
island_finnland,finland_nominal_mortgage_rate,,2002-03-01,NaN,""
island_finnland,finland_nominal_mortgage_rate,,2002-04-01,NaN,""
island_finnland,finland_nominal_mortgage_rate,,2002-05-01,NaN,""
island_finnland,finland_nominal_mortgage_rate,,2002-06-01,NaN,""
island_finnland,finland_nominal_mortgage_rate,,2002-07-01,NaN,""
island_finnland,finland_nominal_mortgage_rate,,2002-08-01,NaN,""
island_finnland,finland_nominal_mortgage_rate,,2002-09-01,NaN,""
island_finnland,finland_nominal_mortgage_rate,,2002-10-01,NaN,""
island_finnland,finland_nominal_mortgage_rate,,2002-11-01,NaN,""
island_finnland,finland_nominal_mortgage_rate,,2002-12-01,NaN,""
island_finnland,finland_nominal_mortgage_rate,,2003-01-01,NaN,""
island_finnland,finland_nominal_mortgage_rate,,2003-02-01,NaN,""
island_finnland,finland_nominal_mortgage_rate,,2003-03-01,NaN,""
island_finnland,finland_nominal_mortgage_rate,,2003-04-01,NaN,""
island_finnland,finland_nominal_mortgage_rate,,2003-05-01,NaN,""
island_finnland,finland_nominal_mortgage_rate,,2003-06-01,NaN,""
island_finnland,finland_nominal_mortgage_rate,,2003-07-01,NaN,""
island_finnland,finland_nominal_mortgage_rate,,2003-08-01,NaN,""
island_finnland,finland_nominal_mortgage_rate,,2003-09-01,NaN,""
island_finnland,finland_nominal_mortgage_rate,,2003-10-01,NaN,""
island_finnland,finland_nominal_mortgage_rate,,2003-11-01,NaN,""
island_finnland,finland_nominal_mortgage_rate,,2003-12-01,NaN,""
island_finnland,finland_nominal_mortgage_rate,,2004-01-01,NaN,""
island_finnland,finland_nominal_mortgage_rate,,2004-02-01,NaN,""
island_finnland,finland_nominal_mortgage_rate,,2004-03-01,NaN,""
island_finnland,finland_nominal_mortgage_rate,,2004-04-01,NaN,""
island_finnland,finland_nominal_mortgage_rate,,2004-05-01,NaN,""
island_finnland,finland_nominal_mortgage_rate,,2004-06-01,NaN,""
island_finnland,finland_nominal_mortgage_rate,,2004-07-01,NaN,""
island_finnland,finland_nominal_mortgage_rate,,2004-08-01,NaN,""
island_finnland,finland_nominal_mortgage_rate,,2004-09-01,3.2,""
island_finnland,finland_nominal_mortgage_rate,,2004-10-01,3.14,""
island_finnland,finland_nominal_mortgage_rate,,2004-11-01,3.13,""
island_finnland,finland_nominal_mortgage_rate,,2004-12-01,3.11,""
island_finnland,finland_nominal_mortgage_rate,,2005-01-01,3.1,""
island_finnland,finland_nominal_mortgage_rate,,2005-02-01,3.08,""
island_finnland,finland_nominal_mortgage_rate,,2005-03-01,3.06,""
island_finnland,finland_nominal_mortgage_rate,,2005-04-01,3.01,""
island_finnland,finland_nominal_mortgage_rate,,2005-05-01,2.92,""
island_finnland,finland_nominal_mortgage_rate,,2005-06-01,2.83,""
island_finnland,finland_nominal_mortgage_rate,,2005-07-01,2.86,""
island_finnland,finland_nominal_mortgage_rate,,2005-08-01,2.9,""
island_finnland,finland_nominal_mortgage_rate,,2005-09-01,2.9,""
island_finnland,finland_nominal_mortgage_rate,,2005-10-01,2.97,""
island_finnland,finland_nominal_mortgage_rate,,2005-11-01,3.21,""
island_finnland,finland_nominal_mortgage_rate,,2005-12-01,3.25,""
island_finnland,finland_nominal_mortgage_rate,,2006-01-01,3.27,""
island_finnland,finland_nominal_mortgage_rate,,2006-02-01,3.31,""
island_finnland,finland_nominal_mortgage_rate,,2006-03-01,3.41,""
island_finnland,finland_nominal_mortgage_rate,,2006-04-01,3.5,""
island_finnland,finland_nominal_mortgage_rate,,2006-05-01,3.54,""
island_finnland,finland_nominal_mortgage_rate,,2006-06-01,3.63,""
island_finnland,finland_nominal_mortgage_rate,,2006-07-01,3.77,""
island_finnland,finland_nominal_mortgage_rate,,2006-08-01,3.82,""
island_finnland,finland_nominal_mortgage_rate,,2006-09-01,3.94,""
island_finnland,finland_nominal_mortgage_rate,,2006-10-01,4.02,""
island_finnland,finland_nominal_mortgage_rate,,2006-11-01,4.1,""
island_finnland,finland_nominal_mortgage_rate,,2006-12-01,4.17,""
island_finnland,finland_nominal_mortgage_rate,,2007-01-01,4.33,""
island_finnland,finland_nominal_mortgage_rate,,2007-02-01,4.41,""
island_finnland,finland_nominal_mortgage_rate,,2007-03-01,4.45,""
island_finnland,finland_nominal_mortgage_rate,,2007-04-01,4.55,""
island_finnland,finland_nominal_mortgage_rate,,2007-05-01,4.64,""
island_finnland,finland_nominal_mortgage_rate,,2007-06-01,4.75,""
island_finnland,finland_nominal_mortgage_rate,,2007-07-01,4.86,""
island_finnland,finland_nominal_mortgage_rate,,2007-08-01,4.91,""
island_finnland,finland_nominal_mortgage_rate,,2007-09-01,4.94,""
island_finnland,finland_nominal_mortgage_rate,,2007-10-01,4.91,""
island_finnland,finland_nominal_mortgage_rate,,2007-11-01,4.89,""
island_finnland,finland_nominal_mortgage_rate,,2007-12-01,4.93,""
island_finnland,finland_nominal_mortgage_rate,,2008-01-01,4.83,""
island_finnland,finland_nominal_mortgage_rate,,2008-02-01,4.79,""
island_finnland,finland_nominal_mortgage_rate,,2008-03-01,4.84,""
island_finnland,finland_nominal_mortgage_rate,,2008-04-01,4.85,""
island_finnland,finland_nominal_mortgage_rate,,2008-05-01,4.95,""
island_finnland,finland_nominal_mortgage_rate,,2008-06-01,5.11,""
island_finnland,finland_nominal_mortgage_rate,,2008-07-01,5.43,""
island_finnland,finland_nominal_mortgage_rate,,2008-08-01,5.44,""
island_finnland,finland_nominal_mortgage_rate,,2008-09-01,5.47,""
island_finnland,finland_nominal_mortgage_rate,,2008-10-01,5.53,""
island_finnland,finland_nominal_mortgage_rate,,2008-11-01,4.96,""
island_finnland,finland_nominal_mortgage_rate,,2008-12-01,4.06,""
island_finnland,finland_nominal_mortgage_rate,,2009-01-01,3.2,""
island_finnland,finland_nominal_mortgage_rate,,2009-02-01,2.83,""
island_finnland,finland_nominal_mortgage_rate,,2009-03-01,2.6,""
island_finnland,finland_nominal_mortgage_rate,,2009-04-01,2.59,""
island_finnland,finland_nominal_mortgage_rate,,2009-05-01,2.55,""
island_finnland,finland_nominal_mortgage_rate,,2009-06-01,2.58,""
island_finnland,finland_nominal_mortgage_rate,,2009-07-01,2.34,""
island_finnland,finland_nominal_mortgage_rate,,2009-08-01,2.24,""
island_finnland,finland_nominal_mortgage_rate,,2009-09-01,2.12,""
island_finnland,finland_nominal_mortgage_rate,,2009-10-01,2.05,""
island_finnland,finland_nominal_mortgage_rate,,2009-11-01,2,""
island_finnland,finland_nominal_mortgage_rate,,2009-12-01,1.95,""
island_finnland,finland_nominal_mortgage_rate,,2010-01-01,1.94,""
island_finnland,finland_nominal_mortgage_rate,,2010-02-01,1.91,""
island_finnland,finland_nominal_mortgage_rate,,2010-03-01,1.85,""
island_finnland,finland_nominal_mortgage_rate,,2010-04-01,1.84,""
island_finnland,finland_nominal_mortgage_rate,,2010-05-01,1.85,""
island_finnland,finland_nominal_mortgage_rate,,2010-06-01,1.86,""
island_finnland,finland_nominal_mortgage_rate,,2010-07-01,2,""
island_finnland,finland_nominal_mortgage_rate,,2010-08-01,2.05,""
island_finnland,finland_nominal_mortgage_rate,,2010-09-01,2.06,""
island_finnland,finland_nominal_mortgage_rate,,2010-10-01,2.13,""
island_finnland,finland_nominal_mortgage_rate,,2010-11-01,2.18,""
island_finnland,finland_nominal_mortgage_rate,,2010-12-01,2.15,""
island_finnland,finland_nominal_mortgage_rate,,2011-01-01,2.14,""
island_finnland,finland_nominal_mortgage_rate,,2011-02-01,2.23,""
island_finnland,finland_nominal_mortgage_rate,,2011-03-01,2.38,""
island_finnland,finland_nominal_mortgage_rate,,2011-04-01,2.52,""
island_finnland,finland_nominal_mortgage_rate,,2011-05-01,2.56,""
island_finnland,finland_nominal_mortgage_rate,,2011-06-01,2.57,""
island_finnland,finland_nominal_mortgage_rate,,2011-07-01,2.65,""
island_finnland,finland_nominal_mortgage_rate,,2011-08-01,2.55,""
island_finnland,finland_nominal_mortgage_rate,,2011-09-01,2.54,""
island_finnland,finland_nominal_mortgage_rate,,2011-10-01,2.59,""
island_finnland,finland_nominal_mortgage_rate,,2011-11-01,2.57,""
island_finnland,finland_nominal_mortgage_rate,,2011-12-01,2.55,""
island_finnland,finland_nominal_mortgage_rate,,2012-01-01,2.4,""
island_finnland,finland_nominal_mortgage_rate,,2012-02-01,2.31,""
island_finnland,finland_nominal_mortgage_rate,,2012-03-01,2.16,""
island_finnland,finland_nominal_mortgage_rate,,2012-04-01,2.04,""
island_finnland,finland_nominal_mortgage_rate,,2012-05-01,1.98,""
island_finnland,finland_nominal_mortgage_rate,,2012-06-01,1.98,""
island_finnland,finland_nominal_mortgage_rate,,2012-07-01,1.9,""
island_finnland,finland_nominal_mortgage_rate,,2012-08-01,1.78,""
island_finnland,finland_nominal_mortgage_rate,,2012-09-01,1.76,""
island_finnland,finland_nominal_mortgage_rate,,2012-10-01,1.77,""
island_finnland,finland_nominal_mortgage_rate,,2012-11-01,1.79,""
island_finnland,finland_nominal_mortgage_rate,,2012-12-01,1.81,""
island_finnland,finland_nominal_mortgage_rate,,2013-01-01,1.92,""
island_finnland,finland_nominal_mortgage_rate,,2013-02-01,1.98,""
island_finnland,finland_nominal_mortgage_rate,,2013-03-01,1.98,""
island_finnland,finland_nominal_mortgage_rate,,2013-04-01,1.99,""
island_finnland,finland_nominal_mortgage_rate,,2013-05-01,1.96,""
island_finnland,finland_nominal_mortgage_rate,,2013-06-01,1.99,""
island_finnland,finland_nominal_mortgage_rate,,2013-07-01,2.03,""
island_finnland,finland_nominal_mortgage_rate,,2013-08-01,2.03,""
island_finnland,finland_nominal_mortgage_rate,,2013-09-01,1.99,""
island_finnland,finland_nominal_mortgage_rate,,2013-10-01,1.97,""
island_finnland,finland_nominal_mortgage_rate,,2013-11-01,1.94,""
island_finnland,finland_nominal_mortgage_rate,,2013-12-01,1.97,""
island_finnland,finland_nominal_mortgage_rate,,2014-01-01,1.95,""
island_finnland,finland_nominal_mortgage_rate,,2014-02-01,1.94,""
island_finnland,finland_nominal_mortgage_rate,,2014-03-01,1.94,""
island_finnland,finland_nominal_mortgage_rate,,2014-04-01,1.94,""
island_finnland,finland_nominal_mortgage_rate,,2014-05-01,1.93,""
island_finnland,finland_nominal_mortgage_rate,,2014-06-01,1.83,""
island_finnland,finland_nominal_mortgage_rate,,2014-07-01,1.82,""
island_finnland,finland_nominal_mortgage_rate,,2014-08-01,1.77,""
island_finnland,finland_nominal_mortgage_rate,,2014-09-01,1.66,""
island_finnland,finland_nominal_mortgage_rate,,2014-10-01,1.65,""
island_finnland,finland_nominal_mortgage_rate,,2014-11-01,1.63,""
island_finnland,finland_nominal_mortgage_rate,,2014-12-01,1.63,""
island_finnland,finland_nominal_mortgage_rate,,2015-01-01,1.56,""
island_finnland,finland_nominal_mortgage_rate,,2015-02-01,1.33,""
island_finnland,finland_nominal_mortgage_rate,,2015-03-01,1.38,""
island_finnland,finland_nominal_mortgage_rate,,2015-04-01,1.33,""
island_finnland,finland_nominal_mortgage_rate,,2015-05-01,1.36,""
island_finnland,finland_nominal_mortgage_rate,,2015-06-01,1.36,""
island_finnland,finland_nominal_mortgage_rate,,2015-07-01,1.38,""
island_finnland,finland_nominal_mortgage_rate,,2015-08-01,1.39,""
island_finnland,finland_nominal_mortgage_rate,,2015-09-01,1.34,""
island_finnland,finland_nominal_mortgage_rate,,2015-10-01,1.33,""
island_finnland,finland_nominal_mortgage_rate,,2015-11-01,1.28,""
island_finnland,finland_nominal_mortgage_rate,,2015-12-01,1.27,""
island_finnland,finland_nominal_mortgage_rate,,2016-01-01,1.24,""
island_finnland,finland_nominal_mortgage_rate,,2016-02-01,1.19,""
island_finnland,finland_nominal_mortgage_rate,,2016-03-01,1.18,""
island_finnland,finland_nominal_mortgage_rate,,2016-04-01,1.17,""
island_finnland,finland_nominal_mortgage_rate,,2016-05-01,1.16,""
island_finnland,finland_nominal_mortgage_rate,,2016-06-01,1.15,""
island_finnland,finland_nominal_mortgage_rate,,2016-07-01,1.14,""
island_finnland,finland_nominal_mortgage_rate,,2016-08-01,1.14,""
island_finnland,finland_nominal_mortgage_rate,,2016-09-01,1.12,""
island_finnland,finland_nominal_mortgage_rate,,2016-10-01,1.12,""
island_finnland,finland_nominal_mortgage_rate,,2016-11-01,1.12,""
island_finnland,finland_nominal_mortgage_rate,,2016-12-01,1.11,""
island_finnland,finland_nominal_mortgage_rate,,2017-01-01,1.1,""
island_finnland,finland_nominal_mortgage_rate,,2017-02-01,1.1,""
island_finnland,finland_nominal_mortgage_rate,,2017-03-01,1.09,""
island_finnland,finland_nominal_mortgage_rate,,2017-04-01,1.06,""
island_finnland,finland_nominal_mortgage_rate,,2017-05-01,1.04,""
island_finnland,finland_nominal_mortgage_rate,,2017-06-01,1.03,""
island_finnland,finland_nominal_mortgage_rate,,2017-07-01,1.05,""
island_finnland,finland_nominal_mortgage_rate,,2017-08-01,1.03,""
island_finnland,finland_nominal_mortgage_rate,,2017-09-01,0.99,""
island_finnland,finland_nominal_mortgage_rate,,2017-10-01,0.97,""
island_finnland,finland_nominal_mortgage_rate,,2017-11-01,0.97,""
island_finnland,finland_nominal_mortgage_rate,,2017-12-01,0.95,""
island_finnland,finland_nominal_mortgage_rate,,2018-01-01,0.94,""
island_finnland,finland_nominal_mortgage_rate,,2018-02-01,0.93,""
island_finnland,finland_nominal_mortgage_rate,,2018-03-01,0.92,""
island_finnland,finland_nominal_mortgage_rate,,2018-04-01,0.89,""
island_finnland,finland_nominal_mortgage_rate,,2018-05-01,0.87,""
island_finnland,finland_nominal_mortgage_rate,,2018-06-01,0.86,""
island_finnland,finland_nominal_mortgage_rate,,2018-07-01,0.88,""
island_finnland,finland_nominal_mortgage_rate,,2018-08-01,0.88,""
island_finnland,finland_nominal_mortgage_rate,,2018-09-01,0.87,""
island_finnland,finland_nominal_mortgage_rate,,2018-10-01,0.89,""
island_finnland,finland_nominal_mortgage_rate,,2018-11-01,0.89,""
island_finnland,finland_nominal_mortgage_rate,,2018-12-01,0.88,""
island_finnland,finland_nominal_mortgage_rate,,2019-01-01,0.89,""
island_finnland,finland_nominal_mortgage_rate,,2019-02-01,0.85,""
island_finnland,finland_nominal_mortgage_rate,,2019-03-01,0.85,""
island_finnland,finland_nominal_mortgage_rate,,2019-04-01,0.83,""
island_finnland,finland_nominal_mortgage_rate,,2019-05-01,0.82,""
island_finnland,finland_nominal_mortgage_rate,,2019-06-01,0.79,""
island_finnland,finland_nominal_mortgage_rate,,2019-07-01,0.78,""
island_finnland,finland_nominal_mortgage_rate,,2019-08-01,0.76,""
island_finnland,finland_nominal_mortgage_rate,,2019-09-01,0.75,""
island_finnland,finland_nominal_mortgage_rate,,2019-10-01,0.75,""
island_finnland,finland_nominal_mortgage_rate,,2019-11-01,0.78,""
island_finnland,finland_nominal_mortgage_rate,,2019-12-01,0.78,""
island_finnland,finland_nominal_mortgage_rate,,2020-01-01,0.8,""
island_finnland,finland_nominal_mortgage_rate,,2020-02-01,0.77,""
island_finnland,finland_nominal_mortgage_rate,,2020-03-01,0.82,""
island_finnland,finland_nominal_mortgage_rate,,2020-04-01,0.89,""
island_finnland,finland_nominal_mortgage_rate,,2020-05-01,0.83,""
island_finnland,finland_nominal_mortgage_rate,,2020-06-01,0.79,""
island_finnland,finland_nominal_mortgage_rate,,2020-07-01,0.78,""
island_finnland,finland_nominal_mortgage_rate,,2020-08-01,0.77,""
island_finnland,finland_nominal_mortgage_rate,,2020-09-01,0.75,""
island_finnland,finland_nominal_mortgage_rate,,2020-10-01,0.75,""
island_finnland,finland_nominal_mortgage_rate,,2020-11-01,0.73,""
island_finnland,finland_nominal_mortgage_rate,,2020-12-01,0.74,""
island_finnland,finland_nominal_mortgage_rate,,2021-01-01,0.75,""
island_finnland,finland_nominal_mortgage_rate,,2021-02-01,0.74,""
island_finnland,finland_nominal_mortgage_rate,,2021-03-01,0.74,""
island_finnland,finland_nominal_mortgage_rate,,2021-04-01,0.73,""
island_finnland,finland_nominal_mortgage_rate,,2021-05-01,0.73,""
island_finnland,finland_nominal_mortgage_rate,,2021-06-01,0.73,""
island_finnland,finland_nominal_mortgage_rate,,2021-07-01,0.75,""
island_finnland,finland_nominal_mortgage_rate,,2021-08-01,0.73,""
island_finnland,finland_nominal_mortgage_rate,,2021-09-01,0.74,""
island_finnland,finland_nominal_mortgage_rate,,2021-10-01,0.75,""
island_finnland,finland_nominal_mortgage_rate,,2021-11-01,0.78,""
island_finnland,finland_nominal_mortgage_rate,,2021-12-01,0.8,""
island_finnland,finland_nominal_mortgage_rate,,2022-01-01,0.8,""
island_finnland,finland_nominal_mortgage_rate,,2022-02-01,0.89,""
island_finnland,finland_nominal_mortgage_rate,,2022-03-01,0.91,""
island_finnland,finland_nominal_mortgage_rate,,2022-04-01,0.97,""
island_finnland,finland_nominal_mortgage_rate,,2022-05-01,1.13,""
island_finnland,finland_nominal_mortgage_rate,,2022-06-01,1.58,""
island_finnland,finland_nominal_mortgage_rate,,2022-07-01,1.66,""
island_finnland,finland_nominal_mortgage_rate,,2022-08-01,1.84,""
island_finnland,finland_nominal_mortgage_rate,,2022-09-01,2.54,""
island_finnland,finland_nominal_mortgage_rate,,2022-10-01,2.74,""
island_finnland,finland_nominal_mortgage_rate,,2022-11-01,2.83,""
island_finnland,finland_nominal_mortgage_rate,,2022-12-01,2.94,""
island_finnland,finland_nominal_mortgage_rate,,2023-01-01,3.02,""
island_finnland,finland_nominal_mortgage_rate,,2023-02-01,3.28,""
island_finnland,finland_nominal_mortgage_rate,,2023-03-01,3.48,""
island_finnland,finland_nominal_mortgage_rate,,2023-04-01,3.69,""
island_finnland,finland_nominal_mortgage_rate,,2023-05-01,3.85,""
island_finnland,finland_nominal_mortgage_rate,,2023-06-01,4.03,""
island_finnland,finland_nominal_mortgage_rate,,2023-07-01,4.15,""
island_finnland,finland_nominal_mortgage_rate,,2023-08-01,4.25,""
island_finnland,finland_nominal_mortgage_rate,,2023-09-01,4.37,""
island_finnland,finland_nominal_mortgage_rate,,2023-10-01,4.43,""
island_finnland,finland_nominal_mortgage_rate,,2023-11-01,4.39,""
island_finnland,finland_nominal_mortgage_rate,,2023-12-01,4.28,""
island_finnland,finland_nominal_mortgage_rate,,2024-01-01,4.12,""
island_finnland,finland_nominal_mortgage_rate,,2024-02-01,4.19,""
island_finnland,finland_nominal_mortgage_rate,,2024-03-01,4.21,""
island_finnland,finland_nominal_mortgage_rate,,2024-04-01,4.2,""
island_finnland,finland_nominal_mortgage_rate,,2024-05-01,4.2,""
island_finnland,finland_nominal_mortgage_rate,,2024-06-01,4.17,""
island_finnland,finland_nominal_mortgage_rate,,2024-07-01,4.1,""
island_finnland,finland_nominal_mortgage_rate,,2024-08-01,3.85,""
island_finnland,finland_nominal_mortgage_rate,,2024-09-01,3.67,""
island_finnland,finland_nominal_mortgage_rate,,2024-10-01,3.45,""
island_finnland,finland_nominal_mortgage_rate,,2024-11-01,3.31,""
island_finnland,finland_nominal_mortgage_rate,,2024-12-01,3.21,""
island_finnland,finland_nominal_mortgage_rate,,2025-01-01,3.23,""
island_finnland,finland_nominal_mortgage_rate,,2025-02-01,3.13,""
island_finnland,finland_nominal_mortgage_rate,,2025-03-01,3.09,""
island_finnland,finland_nominal_mortgage_rate,,2025-04-01,2.86,""
island_finnland,finland_nominal_mortgage_rate,,2025-05-01,2.81,""
island_finnland,finland_nominal_mortgage_rate,,2025-06-01,2.74,""
island_finnland,finland_nominal_mortgage_rate,,2025-07-01,2.76,""
island_finnland,finland_nominal_mortgage_rate,,2025-08-01,2.77,""
island_finnland,finland_nominal_mortgage_rate,,2025-09-01,2.78,""
island_finnland,finland_nominal_mortgage_rate,,2025-10-01,2.78,""
island_finnland,finland_nominal_mortgage_rate,,2025-11-01,2.81,""
island_finnland,finland_nominal_mortgage_rate,,2025-12-01,2.82,""
island_finnland,finland_nominal_mortgage_rate,,2026-01-01,2.78,""
island_finnland,finland_nominal_mortgage_rate,,2026-02-01,2.77,""
island_finnland,finland_nominal_mortgage_rate,,2026-03-01,2.97,""
island_finnland,finland_nominal_mortgage_rate,,2026-04-01,3.03,""
island_finnland,finland_nominal_mortgage_rate,,2026-05-01,NaN,""
island_finnland,finland_nominal_mortgage_rate,,2026-06-01,NaN,""
island_finnland,finland_real_mortgage_rate_ec_forecast,,1999-01-01,NaN,""
island_finnland,finland_real_mortgage_rate_ec_forecast,,1999-02-01,NaN,""
island_finnland,finland_real_mortgage_rate_ec_forecast,,1999-03-01,NaN,""
island_finnland,finland_real_mortgage_rate_ec_forecast,,1999-04-01,NaN,""
island_finnland,finland_real_mortgage_rate_ec_forecast,,1999-05-01,NaN,""
island_finnland,finland_real_mortgage_rate_ec_forecast,,1999-06-01,NaN,""
island_finnland,finland_real_mortgage_rate_ec_forecast,,1999-07-01,NaN,""
island_finnland,finland_real_mortgage_rate_ec_forecast,,1999-08-01,NaN,""
island_finnland,finland_real_mortgage_rate_ec_forecast,,1999-09-01,NaN,""
island_finnland,finland_real_mortgage_rate_ec_forecast,,1999-10-01,NaN,""
island_finnland,finland_real_mortgage_rate_ec_forecast,,1999-11-01,NaN,""
island_finnland,finland_real_mortgage_rate_ec_forecast,,1999-12-01,NaN,""
island_finnland,finland_real_mortgage_rate_ec_forecast,,2000-01-01,NaN,""
island_finnland,finland_real_mortgage_rate_ec_forecast,,2000-02-01,NaN,""
island_finnland,finland_real_mortgage_rate_ec_forecast,,2000-03-01,NaN,""
island_finnland,finland_real_mortgage_rate_ec_forecast,,2000-04-01,NaN,""
island_finnland,finland_real_mortgage_rate_ec_forecast,,2000-05-01,NaN,""
island_finnland,finland_real_mortgage_rate_ec_forecast,,2000-06-01,NaN,""
island_finnland,finland_real_mortgage_rate_ec_forecast,,2000-07-01,NaN,""
island_finnland,finland_real_mortgage_rate_ec_forecast,,2000-08-01,NaN,""
island_finnland,finland_real_mortgage_rate_ec_forecast,,2000-09-01,NaN,""
island_finnland,finland_real_mortgage_rate_ec_forecast,,2000-10-01,NaN,""
island_finnland,finland_real_mortgage_rate_ec_forecast,,2000-11-01,NaN,""
island_finnland,finland_real_mortgage_rate_ec_forecast,,2000-12-01,NaN,""
island_finnland,finland_real_mortgage_rate_ec_forecast,,2001-01-01,NaN,""
island_finnland,finland_real_mortgage_rate_ec_forecast,,2001-02-01,NaN,""
island_finnland,finland_real_mortgage_rate_ec_forecast,,2001-03-01,NaN,""
island_finnland,finland_real_mortgage_rate_ec_forecast,,2001-04-01,NaN,""
island_finnland,finland_real_mortgage_rate_ec_forecast,,2001-05-01,NaN,""
island_finnland,finland_real_mortgage_rate_ec_forecast,,2001-06-01,NaN,""
island_finnland,finland_real_mortgage_rate_ec_forecast,,2001-07-01,NaN,""
island_finnland,finland_real_mortgage_rate_ec_forecast,,2001-08-01,NaN,""
island_finnland,finland_real_mortgage_rate_ec_forecast,,2001-09-01,NaN,""
island_finnland,finland_real_mortgage_rate_ec_forecast,,2001-10-01,NaN,""
island_finnland,finland_real_mortgage_rate_ec_forecast,,2001-11-01,NaN,""
island_finnland,finland_real_mortgage_rate_ec_forecast,,2001-12-01,NaN,""
island_finnland,finland_real_mortgage_rate_ec_forecast,,2002-01-01,NaN,""
island_finnland,finland_real_mortgage_rate_ec_forecast,,2002-02-01,NaN,""
island_finnland,finland_real_mortgage_rate_ec_forecast,,2002-03-01,NaN,""
island_finnland,finland_real_mortgage_rate_ec_forecast,,2002-04-01,NaN,""
island_finnland,finland_real_mortgage_rate_ec_forecast,,2002-05-01,NaN,""
island_finnland,finland_real_mortgage_rate_ec_forecast,,2002-06-01,NaN,""
island_finnland,finland_real_mortgage_rate_ec_forecast,,2002-07-01,NaN,""
island_finnland,finland_real_mortgage_rate_ec_forecast,,2002-08-01,NaN,""
island_finnland,finland_real_mortgage_rate_ec_forecast,,2002-09-01,NaN,""
island_finnland,finland_real_mortgage_rate_ec_forecast,,2002-10-01,NaN,""
island_finnland,finland_real_mortgage_rate_ec_forecast,,2002-11-01,NaN,""
island_finnland,finland_real_mortgage_rate_ec_forecast,,2002-12-01,NaN,""
island_finnland,finland_real_mortgage_rate_ec_forecast,,2003-01-01,NaN,""
island_finnland,finland_real_mortgage_rate_ec_forecast,,2003-02-01,NaN,""
island_finnland,finland_real_mortgage_rate_ec_forecast,,2003-03-01,NaN,""
island_finnland,finland_real_mortgage_rate_ec_forecast,,2003-04-01,NaN,""
island_finnland,finland_real_mortgage_rate_ec_forecast,,2003-05-01,NaN,""
island_finnland,finland_real_mortgage_rate_ec_forecast,,2003-06-01,NaN,""
island_finnland,finland_real_mortgage_rate_ec_forecast,,2003-07-01,NaN,""
island_finnland,finland_real_mortgage_rate_ec_forecast,,2003-08-01,NaN,""
island_finnland,finland_real_mortgage_rate_ec_forecast,,2003-09-01,NaN,""
island_finnland,finland_real_mortgage_rate_ec_forecast,,2003-10-01,NaN,""
island_finnland,finland_real_mortgage_rate_ec_forecast,,2003-11-01,NaN,""
island_finnland,finland_real_mortgage_rate_ec_forecast,,2003-12-01,NaN,""
island_finnland,finland_real_mortgage_rate_ec_forecast,,2004-01-01,NaN,""
island_finnland,finland_real_mortgage_rate_ec_forecast,,2004-02-01,NaN,""
island_finnland,finland_real_mortgage_rate_ec_forecast,,2004-03-01,NaN,""
island_finnland,finland_real_mortgage_rate_ec_forecast,,2004-04-01,NaN,""
island_finnland,finland_real_mortgage_rate_ec_forecast,,2004-05-01,NaN,""
island_finnland,finland_real_mortgage_rate_ec_forecast,,2004-06-01,NaN,""
island_finnland,finland_real_mortgage_rate_ec_forecast,,2004-07-01,NaN,""
island_finnland,finland_real_mortgage_rate_ec_forecast,,2004-08-01,NaN,""
island_finnland,finland_real_mortgage_rate_ec_forecast,,2004-09-01,NaN,""
island_finnland,finland_real_mortgage_rate_ec_forecast,,2004-10-01,NaN,""
island_finnland,finland_real_mortgage_rate_ec_forecast,,2004-11-01,NaN,""
island_finnland,finland_real_mortgage_rate_ec_forecast,,2004-12-01,NaN,""
island_finnland,finland_real_mortgage_rate_ec_forecast,,2005-01-01,NaN,""
island_finnland,finland_real_mortgage_rate_ec_forecast,,2005-02-01,NaN,""
island_finnland,finland_real_mortgage_rate_ec_forecast,,2005-03-01,NaN,""
island_finnland,finland_real_mortgage_rate_ec_forecast,,2005-04-01,NaN,""
island_finnland,finland_real_mortgage_rate_ec_forecast,,2005-05-01,NaN,""
island_finnland,finland_real_mortgage_rate_ec_forecast,,2005-06-01,NaN,""
island_finnland,finland_real_mortgage_rate_ec_forecast,,2005-07-01,NaN,""
island_finnland,finland_real_mortgage_rate_ec_forecast,,2005-08-01,NaN,""
island_finnland,finland_real_mortgage_rate_ec_forecast,,2005-09-01,NaN,""
island_finnland,finland_real_mortgage_rate_ec_forecast,,2005-10-01,NaN,""
island_finnland,finland_real_mortgage_rate_ec_forecast,,2005-11-01,NaN,""
island_finnland,finland_real_mortgage_rate_ec_forecast,,2005-12-01,NaN,""
island_finnland,finland_real_mortgage_rate_ec_forecast,,2006-01-01,NaN,""
island_finnland,finland_real_mortgage_rate_ec_forecast,,2006-02-01,NaN,""
island_finnland,finland_real_mortgage_rate_ec_forecast,,2006-03-01,NaN,""
island_finnland,finland_real_mortgage_rate_ec_forecast,,2006-04-01,NaN,""
island_finnland,finland_real_mortgage_rate_ec_forecast,,2006-05-01,NaN,""
island_finnland,finland_real_mortgage_rate_ec_forecast,,2006-06-01,NaN,""
island_finnland,finland_real_mortgage_rate_ec_forecast,,2006-07-01,NaN,""
island_finnland,finland_real_mortgage_rate_ec_forecast,,2006-08-01,NaN,""
island_finnland,finland_real_mortgage_rate_ec_forecast,,2006-09-01,NaN,""
island_finnland,finland_real_mortgage_rate_ec_forecast,,2006-10-01,NaN,""
island_finnland,finland_real_mortgage_rate_ec_forecast,,2006-11-01,NaN,""
island_finnland,finland_real_mortgage_rate_ec_forecast,,2006-12-01,NaN,""
island_finnland,finland_real_mortgage_rate_ec_forecast,,2007-01-01,NaN,""
island_finnland,finland_real_mortgage_rate_ec_forecast,,2007-02-01,NaN,""
island_finnland,finland_real_mortgage_rate_ec_forecast,,2007-03-01,NaN,""
island_finnland,finland_real_mortgage_rate_ec_forecast,,2007-04-01,NaN,""
island_finnland,finland_real_mortgage_rate_ec_forecast,,2007-05-01,NaN,""
island_finnland,finland_real_mortgage_rate_ec_forecast,,2007-06-01,NaN,""
island_finnland,finland_real_mortgage_rate_ec_forecast,,2007-07-01,NaN,""
island_finnland,finland_real_mortgage_rate_ec_forecast,,2007-08-01,NaN,""
island_finnland,finland_real_mortgage_rate_ec_forecast,,2007-09-01,NaN,""
island_finnland,finland_real_mortgage_rate_ec_forecast,,2007-10-01,NaN,""
island_finnland,finland_real_mortgage_rate_ec_forecast,,2007-11-01,NaN,""
island_finnland,finland_real_mortgage_rate_ec_forecast,,2007-12-01,NaN,""
island_finnland,finland_real_mortgage_rate_ec_forecast,,2008-01-01,NaN,""
island_finnland,finland_real_mortgage_rate_ec_forecast,,2008-02-01,NaN,""
island_finnland,finland_real_mortgage_rate_ec_forecast,,2008-03-01,NaN,""
island_finnland,finland_real_mortgage_rate_ec_forecast,,2008-04-01,NaN,""
island_finnland,finland_real_mortgage_rate_ec_forecast,,2008-05-01,NaN,""
island_finnland,finland_real_mortgage_rate_ec_forecast,,2008-06-01,NaN,""
island_finnland,finland_real_mortgage_rate_ec_forecast,,2008-07-01,NaN,""
island_finnland,finland_real_mortgage_rate_ec_forecast,,2008-08-01,NaN,""
island_finnland,finland_real_mortgage_rate_ec_forecast,,2008-09-01,NaN,""
island_finnland,finland_real_mortgage_rate_ec_forecast,,2008-10-01,NaN,""
island_finnland,finland_real_mortgage_rate_ec_forecast,,2008-11-01,NaN,""
island_finnland,finland_real_mortgage_rate_ec_forecast,,2008-12-01,NaN,""
island_finnland,finland_real_mortgage_rate_ec_forecast,,2009-01-01,NaN,""
island_finnland,finland_real_mortgage_rate_ec_forecast,,2009-02-01,NaN,""
island_finnland,finland_real_mortgage_rate_ec_forecast,,2009-03-01,NaN,""
island_finnland,finland_real_mortgage_rate_ec_forecast,,2009-04-01,NaN,""
island_finnland,finland_real_mortgage_rate_ec_forecast,,2009-05-01,NaN,""
island_finnland,finland_real_mortgage_rate_ec_forecast,,2009-06-01,NaN,""
island_finnland,finland_real_mortgage_rate_ec_forecast,,2009-07-01,NaN,""
island_finnland,finland_real_mortgage_rate_ec_forecast,,2009-08-01,NaN,""
island_finnland,finland_real_mortgage_rate_ec_forecast,,2009-09-01,NaN,""
island_finnland,finland_real_mortgage_rate_ec_forecast,,2009-10-01,NaN,""
island_finnland,finland_real_mortgage_rate_ec_forecast,,2009-11-01,NaN,""
island_finnland,finland_real_mortgage_rate_ec_forecast,,2009-12-01,NaN,""
island_finnland,finland_real_mortgage_rate_ec_forecast,,2010-01-01,NaN,""
island_finnland,finland_real_mortgage_rate_ec_forecast,,2010-02-01,NaN,""
island_finnland,finland_real_mortgage_rate_ec_forecast,,2010-03-01,NaN,""
island_finnland,finland_real_mortgage_rate_ec_forecast,,2010-04-01,NaN,""
island_finnland,finland_real_mortgage_rate_ec_forecast,,2010-05-01,NaN,""
island_finnland,finland_real_mortgage_rate_ec_forecast,,2010-06-01,NaN,""
island_finnland,finland_real_mortgage_rate_ec_forecast,,2010-07-01,NaN,""
island_finnland,finland_real_mortgage_rate_ec_forecast,,2010-08-01,NaN,""
island_finnland,finland_real_mortgage_rate_ec_forecast,,2010-09-01,NaN,""
island_finnland,finland_real_mortgage_rate_ec_forecast,,2010-10-01,NaN,""
island_finnland,finland_real_mortgage_rate_ec_forecast,,2010-11-01,NaN,""
island_finnland,finland_real_mortgage_rate_ec_forecast,,2010-12-01,NaN,""
island_finnland,finland_real_mortgage_rate_ec_forecast,,2011-01-01,NaN,""
island_finnland,finland_real_mortgage_rate_ec_forecast,,2011-02-01,NaN,""
island_finnland,finland_real_mortgage_rate_ec_forecast,,2011-03-01,NaN,""
island_finnland,finland_real_mortgage_rate_ec_forecast,,2011-04-01,0.311407,""
island_finnland,finland_real_mortgage_rate_ec_forecast,,2011-05-01,0.350545,""
island_finnland,finland_real_mortgage_rate_ec_forecast,,2011-06-01,0.360329,""
island_finnland,finland_real_mortgage_rate_ec_forecast,,2011-07-01,0.438606,""
island_finnland,finland_real_mortgage_rate_ec_forecast,,2011-08-01,0.34076,""
island_finnland,finland_real_mortgage_rate_ec_forecast,,2011-09-01,0.330976,""
island_finnland,finland_real_mortgage_rate_ec_forecast,,2011-10-01,0.379899,""
island_finnland,finland_real_mortgage_rate_ec_forecast,,2011-11-01,0.360329,""
island_finnland,finland_real_mortgage_rate_ec_forecast,,2011-12-01,0.34076,""
island_finnland,finland_real_mortgage_rate_ec_forecast,,2012-01-01,0.193992,""
island_finnland,finland_real_mortgage_rate_ec_forecast,,2012-02-01,0.105931,""
island_finnland,finland_real_mortgage_rate_ec_forecast,,2012-03-01,-0.040838,""
island_finnland,finland_real_mortgage_rate_ec_forecast,,2012-04-01,-0.033939,""
island_finnland,finland_real_mortgage_rate_ec_forecast,,2012-05-01,-0.092719,""
island_finnland,finland_real_mortgage_rate_ec_forecast,,2012-06-01,-0.092719,""
island_finnland,finland_real_mortgage_rate_ec_forecast,,2012-07-01,-0.171093,""
island_finnland,finland_real_mortgage_rate_ec_forecast,,2012-08-01,-0.288654,""
island_finnland,finland_real_mortgage_rate_ec_forecast,,2012-09-01,-0.308248,""
island_finnland,finland_real_mortgage_rate_ec_forecast,,2012-10-01,-0.298451,""
island_finnland,finland_real_mortgage_rate_ec_forecast,,2012-11-01,-0.278858,""
island_finnland,finland_real_mortgage_rate_ec_forecast,,2012-12-01,-0.259264,""
island_finnland,finland_real_mortgage_rate_ec_forecast,,2013-01-01,-0.1515,""
island_finnland,finland_real_mortgage_rate_ec_forecast,,2013-02-01,-0.092719,""
island_finnland,finland_real_mortgage_rate_ec_forecast,,2013-03-01,-0.092719,""
island_finnland,finland_real_mortgage_rate_ec_forecast,,2013-04-01,0.463388,""
island_finnland,finland_real_mortgage_rate_ec_forecast,,2013-05-01,0.433837,""
island_finnland,finland_real_mortgage_rate_ec_forecast,,2013-06-01,0.463388,""
island_finnland,finland_real_mortgage_rate_ec_forecast,,2013-07-01,0.502789,""
island_finnland,finland_real_mortgage_rate_ec_forecast,,2013-08-01,0.502789,""
island_finnland,finland_real_mortgage_rate_ec_forecast,,2013-09-01,0.463388,""
island_finnland,finland_real_mortgage_rate_ec_forecast,,2013-10-01,0.443687,""
island_finnland,finland_real_mortgage_rate_ec_forecast,,2013-11-01,0.414136,""
island_finnland,finland_real_mortgage_rate_ec_forecast,,2013-12-01,0.443687,""
island_finnland,finland_real_mortgage_rate_ec_forecast,,2014-01-01,0.423987,""
island_finnland,finland_real_mortgage_rate_ec_forecast,,2014-02-01,0.414136,""
island_finnland,finland_real_mortgage_rate_ec_forecast,,2014-03-01,0.414136,""
island_finnland,finland_real_mortgage_rate_ec_forecast,,2014-04-01,0.900517,""
island_finnland,finland_real_mortgage_rate_ec_forecast,,2014-05-01,0.890619,""
island_finnland,finland_real_mortgage_rate_ec_forecast,,2014-06-01,0.791638,""
island_finnland,finland_real_mortgage_rate_ec_forecast,,2014-07-01,0.78174,""
island_finnland,finland_real_mortgage_rate_ec_forecast,,2014-08-01,0.73225,""
island_finnland,finland_real_mortgage_rate_ec_forecast,,2014-09-01,0.623372,""
island_finnland,finland_real_mortgage_rate_ec_forecast,,2014-10-01,0.613474,""
island_finnland,finland_real_mortgage_rate_ec_forecast,,2014-11-01,0.593678,""
island_finnland,finland_real_mortgage_rate_ec_forecast,,2014-12-01,0.593678,""
island_finnland,finland_real_mortgage_rate_ec_forecast,,2015-01-01,0.524392,""
island_finnland,finland_real_mortgage_rate_ec_forecast,,2015-02-01,0.296737,""
island_finnland,finland_real_mortgage_rate_ec_forecast,,2015-03-01,0.346227,""
island_finnland,finland_real_mortgage_rate_ec_forecast,,2015-04-01,0.552077,""
island_finnland,finland_real_mortgage_rate_ec_forecast,,2015-05-01,0.581847,""
island_finnland,finland_real_mortgage_rate_ec_forecast,,2015-06-01,0.581847,""
island_finnland,finland_real_mortgage_rate_ec_forecast,,2015-07-01,0.601693,""
island_finnland,finland_real_mortgage_rate_ec_forecast,,2015-08-01,0.611617,""
island_finnland,finland_real_mortgage_rate_ec_forecast,,2015-09-01,0.562,""
island_finnland,finland_real_mortgage_rate_ec_forecast,,2015-10-01,0.552077,""
island_finnland,finland_real_mortgage_rate_ec_forecast,,2015-11-01,0.502461,""
island_finnland,finland_real_mortgage_rate_ec_forecast,,2015-12-01,0.492538,""
island_finnland,finland_real_mortgage_rate_ec_forecast,,2016-01-01,0.462768,""
island_finnland,finland_real_mortgage_rate_ec_forecast,,2016-02-01,0.413152,""
island_finnland,finland_real_mortgage_rate_ec_forecast,,2016-03-01,0.403229,""
island_finnland,finland_real_mortgage_rate_ec_forecast,,2016-04-01,0.363867,""
island_finnland,finland_real_mortgage_rate_ec_forecast,,2016-05-01,0.353947,""
island_finnland,finland_real_mortgage_rate_ec_forecast,,2016-06-01,0.344026,""
island_finnland,finland_real_mortgage_rate_ec_forecast,,2016-07-01,0.334106,""
island_finnland,finland_real_mortgage_rate_ec_forecast,,2016-08-01,0.334106,""
island_finnland,finland_real_mortgage_rate_ec_forecast,,2016-09-01,0.314265,""
island_finnland,finland_real_mortgage_rate_ec_forecast,,2016-10-01,0.314265,""
island_finnland,finland_real_mortgage_rate_ec_forecast,,2016-11-01,0.314265,""
island_finnland,finland_real_mortgage_rate_ec_forecast,,2016-12-01,0.304345,""
island_finnland,finland_real_mortgage_rate_ec_forecast,,2017-01-01,0.294425,""
island_finnland,finland_real_mortgage_rate_ec_forecast,,2017-02-01,0.294425,""
island_finnland,finland_real_mortgage_rate_ec_forecast,,2017-03-01,0.284504,""
island_finnland,finland_real_mortgage_rate_ec_forecast,,2017-04-01,-0.409092,""
island_finnland,finland_real_mortgage_rate_ec_forecast,,2017-05-01,-0.428801,""
island_finnland,finland_real_mortgage_rate_ec_forecast,,2017-06-01,-0.438656,""
island_finnland,finland_real_mortgage_rate_ec_forecast,,2017-07-01,-0.418946,""
island_finnland,finland_real_mortgage_rate_ec_forecast,,2017-08-01,-0.438656,""
island_finnland,finland_real_mortgage_rate_ec_forecast,,2017-09-01,-0.478074,""
island_finnland,finland_real_mortgage_rate_ec_forecast,,2017-10-01,-0.497783,""
island_finnland,finland_real_mortgage_rate_ec_forecast,,2017-11-01,-0.497783,""
island_finnland,finland_real_mortgage_rate_ec_forecast,,2017-12-01,-0.517493,""
island_finnland,finland_real_mortgage_rate_ec_forecast,,2018-01-01,-0.527347,""
island_finnland,finland_real_mortgage_rate_ec_forecast,,2018-02-01,-0.537202,""
island_finnland,finland_real_mortgage_rate_ec_forecast,,2018-03-01,-0.547057,""
island_finnland,finland_real_mortgage_rate_ec_forecast,,2018-04-01,-0.650724,""
island_finnland,finland_real_mortgage_rate_ec_forecast,,2018-05-01,-0.670419,""
island_finnland,finland_real_mortgage_rate_ec_forecast,,2018-06-01,-0.680266,""
island_finnland,finland_real_mortgage_rate_ec_forecast,,2018-07-01,-0.660572,""
island_finnland,finland_real_mortgage_rate_ec_forecast,,2018-08-01,-0.660572,""
island_finnland,finland_real_mortgage_rate_ec_forecast,,2018-09-01,-0.670419,""
island_finnland,finland_real_mortgage_rate_ec_forecast,,2018-10-01,-0.650724,""
island_finnland,finland_real_mortgage_rate_ec_forecast,,2018-11-01,-0.650724,""
island_finnland,finland_real_mortgage_rate_ec_forecast,,2018-12-01,-0.660572,""
island_finnland,finland_real_mortgage_rate_ec_forecast,,2019-01-01,-0.650724,""
island_finnland,finland_real_mortgage_rate_ec_forecast,,2019-02-01,-0.690113,""
island_finnland,finland_real_mortgage_rate_ec_forecast,,2019-03-01,-0.690113,""
island_finnland,finland_real_mortgage_rate_ec_forecast,,2019-04-01,-0.556074,""
island_finnland,finland_real_mortgage_rate_ec_forecast,,2019-05-01,-0.565936,""
island_finnland,finland_real_mortgage_rate_ec_forecast,,2019-06-01,-0.595524,""
island_finnland,finland_real_mortgage_rate_ec_forecast,,2019-07-01,-0.605386,""
island_finnland,finland_real_mortgage_rate_ec_forecast,,2019-08-01,-0.625112,""
island_finnland,finland_real_mortgage_rate_ec_forecast,,2019-09-01,-0.634974,""
island_finnland,finland_real_mortgage_rate_ec_forecast,,2019-10-01,-0.634974,""
island_finnland,finland_real_mortgage_rate_ec_forecast,,2019-11-01,-0.605386,""
island_finnland,finland_real_mortgage_rate_ec_forecast,,2019-12-01,-0.605386,""
island_finnland,finland_real_mortgage_rate_ec_forecast,,2020-01-01,-0.585661,""
island_finnland,finland_real_mortgage_rate_ec_forecast,,2020-02-01,-0.615249,""
island_finnland,finland_real_mortgage_rate_ec_forecast,,2020-03-01,-0.565936,""
island_finnland,finland_real_mortgage_rate_ec_forecast,,2020-04-01,0.209559,""
island_finnland,finland_real_mortgage_rate_ec_forecast,,2020-05-01,0.149963,""
island_finnland,finland_real_mortgage_rate_ec_forecast,,2020-06-01,0.110233,""
island_finnland,finland_real_mortgage_rate_ec_forecast,,2020-07-01,0.100301,""
island_finnland,finland_real_mortgage_rate_ec_forecast,,2020-08-01,0.090368,""
island_finnland,finland_real_mortgage_rate_ec_forecast,,2020-09-01,0.070503,""
island_finnland,finland_real_mortgage_rate_ec_forecast,,2020-10-01,0.070503,""
island_finnland,finland_real_mortgage_rate_ec_forecast,,2020-11-01,0.050638,""
island_finnland,finland_real_mortgage_rate_ec_forecast,,2020-12-01,0.06057,""
island_finnland,finland_real_mortgage_rate_ec_forecast,,2021-01-01,0.070503,""
island_finnland,finland_real_mortgage_rate_ec_forecast,,2021-02-01,0.06057,""
island_finnland,finland_real_mortgage_rate_ec_forecast,,2021-03-01,0.06057,""
island_finnland,finland_real_mortgage_rate_ec_forecast,,2021-04-01,-0.72598,""
island_finnland,finland_real_mortgage_rate_ec_forecast,,2021-05-01,-0.72598,""
island_finnland,finland_real_mortgage_rate_ec_forecast,,2021-06-01,-0.72598,""
island_finnland,finland_real_mortgage_rate_ec_forecast,,2021-07-01,-0.706269,""
island_finnland,finland_real_mortgage_rate_ec_forecast,,2021-08-01,-0.72598,""
island_finnland,finland_real_mortgage_rate_ec_forecast,,2021-09-01,-0.716125,""
island_finnland,finland_real_mortgage_rate_ec_forecast,,2021-10-01,-0.706269,""
island_finnland,finland_real_mortgage_rate_ec_forecast,,2021-11-01,-0.676703,""
island_finnland,finland_real_mortgage_rate_ec_forecast,,2021-12-01,-0.656992,""
island_finnland,finland_real_mortgage_rate_ec_forecast,,2022-01-01,-0.656992,""
island_finnland,finland_real_mortgage_rate_ec_forecast,,2022-02-01,-0.568293,""
island_finnland,finland_real_mortgage_rate_ec_forecast,,2022-03-01,-0.548582,""
island_finnland,finland_real_mortgage_rate_ec_forecast,,2022-04-01,-3.310787,""
island_finnland,finland_real_mortgage_rate_ec_forecast,,2022-05-01,-3.157571,""
island_finnland,finland_real_mortgage_rate_ec_forecast,,2022-06-01,-2.726649,""
island_finnland,finland_real_mortgage_rate_ec_forecast,,2022-07-01,-2.650041,""
island_finnland,finland_real_mortgage_rate_ec_forecast,,2022-08-01,-2.477672,""
island_finnland,finland_real_mortgage_rate_ec_forecast,,2022-09-01,-1.80735,""
island_finnland,finland_real_mortgage_rate_ec_forecast,,2022-10-01,-1.615829,""
island_finnland,finland_real_mortgage_rate_ec_forecast,,2022-11-01,-1.529645,""
island_finnland,finland_real_mortgage_rate_ec_forecast,,2022-12-01,-1.424309,""
island_finnland,finland_real_mortgage_rate_ec_forecast,,2023-01-01,-1.3477,""
island_finnland,finland_real_mortgage_rate_ec_forecast,,2023-02-01,-1.098724,""
island_finnland,finland_real_mortgage_rate_ec_forecast,,2023-03-01,-0.907203,""
island_finnland,finland_real_mortgage_rate_ec_forecast,,2023-04-01,-0.577034,""
island_finnland,finland_real_mortgage_rate_ec_forecast,,2023-05-01,-0.423619,""
island_finnland,finland_real_mortgage_rate_ec_forecast,,2023-06-01,-0.251026,""
island_finnland,finland_real_mortgage_rate_ec_forecast,,2023-07-01,-0.135964,""
island_finnland,finland_real_mortgage_rate_ec_forecast,,2023-08-01,-0.040079,""
island_finnland,finland_real_mortgage_rate_ec_forecast,,2023-09-01,0.074982,""
island_finnland,finland_real_mortgage_rate_ec_forecast,,2023-10-01,0.132513,""
island_finnland,finland_real_mortgage_rate_ec_forecast,,2023-11-01,0.094159,""
island_finnland,finland_real_mortgage_rate_ec_forecast,,2023-12-01,-0.011314,""
island_finnland,finland_real_mortgage_rate_ec_forecast,,2024-01-01,-0.16473,""
island_finnland,finland_real_mortgage_rate_ec_forecast,,2024-02-01,-0.09761,""
island_finnland,finland_real_mortgage_rate_ec_forecast,,2024-03-01,-0.078433,""
island_finnland,finland_real_mortgage_rate_ec_forecast,,2024-04-01,1.891589,""
island_finnland,finland_real_mortgage_rate_ec_forecast,,2024-05-01,1.891589,""
island_finnland,finland_real_mortgage_rate_ec_forecast,,2024-06-01,1.862254,""
island_finnland,finland_real_mortgage_rate_ec_forecast,,2024-07-01,1.793804,""
island_finnland,finland_real_mortgage_rate_ec_forecast,,2024-08-01,1.549343,""
island_finnland,finland_real_mortgage_rate_ec_forecast,,2024-09-01,1.37333,""
island_finnland,finland_real_mortgage_rate_ec_forecast,,2024-10-01,1.158204,""
island_finnland,finland_real_mortgage_rate_ec_forecast,,2024-11-01,1.021306,""
island_finnland,finland_real_mortgage_rate_ec_forecast,,2024-12-01,0.923521,""
island_finnland,finland_real_mortgage_rate_ec_forecast,,2025-01-01,0.943078,""
island_finnland,finland_real_mortgage_rate_ec_forecast,,2025-02-01,0.845293,""
island_finnland,finland_real_mortgage_rate_ec_forecast,,2025-03-01,0.80618,""
island_finnland,finland_real_mortgage_rate_ec_forecast,,2025-04-01,0.963799,""
island_finnland,finland_real_mortgage_rate_ec_forecast,,2025-05-01,0.914721,""
island_finnland,finland_real_mortgage_rate_ec_forecast,,2025-06-01,0.846011,""
island_finnland,finland_real_mortgage_rate_ec_forecast,,2025-07-01,0.865642,""
island_finnland,finland_real_mortgage_rate_ec_forecast,,2025-08-01,0.875458,""
island_finnland,finland_real_mortgage_rate_ec_forecast,,2025-09-01,0.885274,""
island_finnland,finland_real_mortgage_rate_ec_forecast,,2025-10-01,0.885274,""
island_finnland,finland_real_mortgage_rate_ec_forecast,,2025-11-01,0.914721,""
island_finnland,finland_real_mortgage_rate_ec_forecast,,2025-12-01,0.924536,""
island_finnland,finland_real_mortgage_rate_ec_forecast,,2026-01-01,0.885274,""
island_finnland,finland_real_mortgage_rate_ec_forecast,,2026-02-01,0.875458,""
island_finnland,finland_real_mortgage_rate_ec_forecast,,2026-03-01,1.071771,""
island_finnland,finland_real_mortgage_rate_ec_forecast,,2026-04-01,0.377082,""
island_finnland,finland_real_mortgage_rate_ec_forecast,,2026-05-01,NaN,""
island_finnland,finland_real_mortgage_rate_ec_forecast,,2026-06-01,NaN,""
island_finnland,finland_real_mortgage_rate_baseline,,1999-01-01,NaN,""
island_finnland,finland_real_mortgage_rate_baseline,,1999-02-01,NaN,""
island_finnland,finland_real_mortgage_rate_baseline,,1999-03-01,NaN,""
island_finnland,finland_real_mortgage_rate_baseline,,1999-04-01,NaN,""
island_finnland,finland_real_mortgage_rate_baseline,,1999-05-01,NaN,""
island_finnland,finland_real_mortgage_rate_baseline,,1999-06-01,NaN,""
island_finnland,finland_real_mortgage_rate_baseline,,1999-07-01,NaN,""
island_finnland,finland_real_mortgage_rate_baseline,,1999-08-01,NaN,""
island_finnland,finland_real_mortgage_rate_baseline,,1999-09-01,NaN,""
island_finnland,finland_real_mortgage_rate_baseline,,1999-10-01,NaN,""
island_finnland,finland_real_mortgage_rate_baseline,,1999-11-01,NaN,""
island_finnland,finland_real_mortgage_rate_baseline,,1999-12-01,NaN,""
island_finnland,finland_real_mortgage_rate_baseline,,2000-01-01,NaN,""
island_finnland,finland_real_mortgage_rate_baseline,,2000-02-01,NaN,""
island_finnland,finland_real_mortgage_rate_baseline,,2000-03-01,NaN,""
island_finnland,finland_real_mortgage_rate_baseline,,2000-04-01,NaN,""
island_finnland,finland_real_mortgage_rate_baseline,,2000-05-01,NaN,""
island_finnland,finland_real_mortgage_rate_baseline,,2000-06-01,NaN,""
island_finnland,finland_real_mortgage_rate_baseline,,2000-07-01,NaN,""
island_finnland,finland_real_mortgage_rate_baseline,,2000-08-01,NaN,""
island_finnland,finland_real_mortgage_rate_baseline,,2000-09-01,NaN,""
island_finnland,finland_real_mortgage_rate_baseline,,2000-10-01,NaN,""
island_finnland,finland_real_mortgage_rate_baseline,,2000-11-01,NaN,""
island_finnland,finland_real_mortgage_rate_baseline,,2000-12-01,NaN,""
island_finnland,finland_real_mortgage_rate_baseline,,2001-01-01,NaN,""
island_finnland,finland_real_mortgage_rate_baseline,,2001-02-01,NaN,""
island_finnland,finland_real_mortgage_rate_baseline,,2001-03-01,NaN,""
island_finnland,finland_real_mortgage_rate_baseline,,2001-04-01,NaN,""
island_finnland,finland_real_mortgage_rate_baseline,,2001-05-01,NaN,""
island_finnland,finland_real_mortgage_rate_baseline,,2001-06-01,NaN,""
island_finnland,finland_real_mortgage_rate_baseline,,2001-07-01,NaN,""
island_finnland,finland_real_mortgage_rate_baseline,,2001-08-01,NaN,""
island_finnland,finland_real_mortgage_rate_baseline,,2001-09-01,NaN,""
island_finnland,finland_real_mortgage_rate_baseline,,2001-10-01,NaN,""
island_finnland,finland_real_mortgage_rate_baseline,,2001-11-01,NaN,""
island_finnland,finland_real_mortgage_rate_baseline,,2001-12-01,NaN,""
island_finnland,finland_real_mortgage_rate_baseline,,2002-01-01,NaN,""
island_finnland,finland_real_mortgage_rate_baseline,,2002-02-01,NaN,""
island_finnland,finland_real_mortgage_rate_baseline,,2002-03-01,NaN,""
island_finnland,finland_real_mortgage_rate_baseline,,2002-04-01,NaN,""
island_finnland,finland_real_mortgage_rate_baseline,,2002-05-01,NaN,""
island_finnland,finland_real_mortgage_rate_baseline,,2002-06-01,NaN,""
island_finnland,finland_real_mortgage_rate_baseline,,2002-07-01,NaN,""
island_finnland,finland_real_mortgage_rate_baseline,,2002-08-01,NaN,""
island_finnland,finland_real_mortgage_rate_baseline,,2002-09-01,NaN,""
island_finnland,finland_real_mortgage_rate_baseline,,2002-10-01,NaN,""
island_finnland,finland_real_mortgage_rate_baseline,,2002-11-01,NaN,""
island_finnland,finland_real_mortgage_rate_baseline,,2002-12-01,NaN,""
island_finnland,finland_real_mortgage_rate_baseline,,2003-01-01,NaN,""
island_finnland,finland_real_mortgage_rate_baseline,,2003-02-01,NaN,""
island_finnland,finland_real_mortgage_rate_baseline,,2003-03-01,NaN,""
island_finnland,finland_real_mortgage_rate_baseline,,2003-04-01,NaN,""
island_finnland,finland_real_mortgage_rate_baseline,,2003-05-01,NaN,""
island_finnland,finland_real_mortgage_rate_baseline,,2003-06-01,NaN,""
island_finnland,finland_real_mortgage_rate_baseline,,2003-07-01,NaN,""
island_finnland,finland_real_mortgage_rate_baseline,,2003-08-01,NaN,""
island_finnland,finland_real_mortgage_rate_baseline,,2003-09-01,NaN,""
island_finnland,finland_real_mortgage_rate_baseline,,2003-10-01,NaN,""
island_finnland,finland_real_mortgage_rate_baseline,,2003-11-01,NaN,""
island_finnland,finland_real_mortgage_rate_baseline,,2003-12-01,NaN,""
island_finnland,finland_real_mortgage_rate_baseline,,2004-01-01,NaN,""
island_finnland,finland_real_mortgage_rate_baseline,,2004-02-01,NaN,""
island_finnland,finland_real_mortgage_rate_baseline,,2004-03-01,NaN,""
island_finnland,finland_real_mortgage_rate_baseline,,2004-04-01,NaN,""
island_finnland,finland_real_mortgage_rate_baseline,,2004-05-01,NaN,""
island_finnland,finland_real_mortgage_rate_baseline,,2004-06-01,NaN,""
island_finnland,finland_real_mortgage_rate_baseline,,2004-07-01,NaN,""
island_finnland,finland_real_mortgage_rate_baseline,,2004-08-01,NaN,""
island_finnland,finland_real_mortgage_rate_baseline,,2004-09-01,1.169135,""
island_finnland,finland_real_mortgage_rate_baseline,,2004-10-01,1.097674,""
island_finnland,finland_real_mortgage_rate_baseline,,2004-11-01,1.149113,""
island_finnland,finland_real_mortgage_rate_baseline,,2004-12-01,1.188822,""
island_finnland,finland_real_mortgage_rate_baseline,,2005-01-01,1.240378,""
island_finnland,finland_real_mortgage_rate_baseline,,2005-02-01,1.216509,""
island_finnland,finland_real_mortgage_rate_baseline,,2005-03-01,1.193052,""
island_finnland,finland_real_mortgage_rate_baseline,,2005-04-01,1.139732,""
island_finnland,finland_real_mortgage_rate_baseline,,2005-05-01,1.031606,""
island_finnland,finland_real_mortgage_rate_baseline,,2005-06-01,0.922865,""
island_finnland,finland_real_mortgage_rate_baseline,,2005-07-01,0.932576,""
island_finnland,finland_real_mortgage_rate_baseline,,2005-08-01,0.906293,""
island_finnland,finland_real_mortgage_rate_baseline,,2005-09-01,0.840845,""
island_finnland,finland_real_mortgage_rate_baseline,,2005-10-01,0.846145,""
island_finnland,finland_real_mortgage_rate_baseline,,2005-11-01,1.11173,""
island_finnland,finland_real_mortgage_rate_baseline,,2005-12-01,1.180496,""
island_finnland,finland_real_mortgage_rate_baseline,,2006-01-01,1.230684,""
island_finnland,finland_real_mortgage_rate_baseline,,2006-02-01,1.239157,""
island_finnland,finland_real_mortgage_rate_baseline,,2006-03-01,1.30938,""
island_finnland,finland_real_mortgage_rate_baseline,,2006-04-01,1.366795,""
island_finnland,finland_real_mortgage_rate_baseline,,2006-05-01,1.370598,""
island_finnland,finland_real_mortgage_rate_baseline,,2006-06-01,1.422156,""
island_finnland,finland_real_mortgage_rate_baseline,,2006-07-01,1.523772,""
island_finnland,finland_real_mortgage_rate_baseline,,2006-08-01,1.588722,""
island_finnland,finland_real_mortgage_rate_baseline,,2006-09-01,1.722199,""
island_finnland,finland_real_mortgage_rate_baseline,,2006-10-01,1.816047,""
island_finnland,finland_real_mortgage_rate_baseline,,2006-11-01,1.968696,""
island_finnland,finland_real_mortgage_rate_baseline,,2006-12-01,2.10936,""
island_finnland,finland_real_mortgage_rate_baseline,,2007-01-01,2.340917,""
island_finnland,finland_real_mortgage_rate_baseline,,2007-02-01,2.427852,""
island_finnland,finland_real_mortgage_rate_baseline,,2007-03-01,2.474738,""
island_finnland,finland_real_mortgage_rate_baseline,,2007-04-01,2.581321,""
island_finnland,finland_real_mortgage_rate_baseline,,2007-05-01,2.639689,""
island_finnland,finland_real_mortgage_rate_baseline,,2007-06-01,2.716635,""
island_finnland,finland_real_mortgage_rate_baseline,,2007-07-01,2.794535,""
island_finnland,finland_real_mortgage_rate_baseline,,2007-08-01,2.845065,""
island_finnland,finland_real_mortgage_rate_baseline,,2007-09-01,2.875991,""
island_finnland,finland_real_mortgage_rate_baseline,,2007-10-01,2.848047,""
island_finnland,finland_real_mortgage_rate_baseline,,2007-11-01,2.755061,""
island_finnland,finland_real_mortgage_rate_baseline,,2007-12-01,2.723306,""
island_finnland,finland_real_mortgage_rate_baseline,,2008-01-01,2.552277,""
island_finnland,finland_real_mortgage_rate_baseline,,2008-02-01,2.391119,""
island_finnland,finland_real_mortgage_rate_baseline,,2008-03-01,2.326028,""
island_finnland,finland_real_mortgage_rate_baseline,,2008-04-01,2.214252,""
island_finnland,finland_real_mortgage_rate_baseline,,2008-05-01,2.151245,""
island_finnland,finland_real_mortgage_rate_baseline,,2008-06-01,2.141412,""
island_finnland,finland_real_mortgage_rate_baseline,,2008-07-01,2.292171,""
island_finnland,finland_real_mortgage_rate_baseline,,2008-08-01,2.393751,""
island_finnland,finland_real_mortgage_rate_baseline,,2008-09-01,2.514952,""
island_finnland,finland_real_mortgage_rate_baseline,,2008-10-01,2.662578,""
island_finnland,finland_real_mortgage_rate_baseline,,2008-11-01,2.631127,""
island_finnland,finland_real_mortgage_rate_baseline,,2008-12-01,2.258027,""
island_finnland,finland_real_mortgage_rate_baseline,,2009-01-01,1.937709,""
island_finnland,finland_real_mortgage_rate_baseline,,2009-02-01,1.703172,""
island_finnland,finland_real_mortgage_rate_baseline,,2009-03-01,1.593984,""
island_finnland,finland_real_mortgage_rate_baseline,,2009-04-01,1.715357,""
island_finnland,finland_real_mortgage_rate_baseline,,2009-05-01,1.709463,""
island_finnland,finland_real_mortgage_rate_baseline,,2009-06-01,1.774142,""
island_finnland,finland_real_mortgage_rate_baseline,,2009-07-01,1.569769,""
island_finnland,finland_real_mortgage_rate_baseline,,2009-08-01,1.483335,""
island_finnland,finland_real_mortgage_rate_baseline,,2009-09-01,1.377024,""
island_finnland,finland_real_mortgage_rate_baseline,,2009-10-01,1.319917,""
island_finnland,finland_real_mortgage_rate_baseline,,2009-11-01,1.04408,""
island_finnland,finland_real_mortgage_rate_baseline,,2009-12-01,0.776717,""
island_finnland,finland_real_mortgage_rate_baseline,,2010-01-01,0.542747,""
island_finnland,finland_real_mortgage_rate_baseline,,2010-02-01,0.499245,""
island_finnland,finland_real_mortgage_rate_baseline,,2010-03-01,0.42752,""
island_finnland,finland_real_mortgage_rate_baseline,,2010-04-01,0.403764,""
island_finnland,finland_real_mortgage_rate_baseline,,2010-05-01,0.396397,""
island_finnland,finland_real_mortgage_rate_baseline,,2010-06-01,0.388459,""
island_finnland,finland_real_mortgage_rate_baseline,,2010-07-01,0.509197,""
island_finnland,finland_real_mortgage_rate_baseline,,2010-08-01,0.551436,""
island_finnland,finland_real_mortgage_rate_baseline,,2010-09-01,0.554259,""
island_finnland,finland_real_mortgage_rate_baseline,,2010-10-01,0.61642,""
island_finnland,finland_real_mortgage_rate_baseline,,2010-11-01,0.544318,""
island_finnland,finland_real_mortgage_rate_baseline,,2010-12-01,0.397665,""
island_finnland,finland_real_mortgage_rate_baseline,,2011-01-01,0.267098,""
island_finnland,finland_real_mortgage_rate_baseline,,2011-02-01,0.232752,""
island_finnland,finland_real_mortgage_rate_baseline,,2011-03-01,0.269095,""
island_finnland,finland_real_mortgage_rate_baseline,,2011-04-01,0.311407,""
island_finnland,finland_real_mortgage_rate_baseline,,2011-05-01,0.350545,""
island_finnland,finland_real_mortgage_rate_baseline,,2011-06-01,0.360329,""
island_finnland,finland_real_mortgage_rate_baseline,,2011-07-01,0.438606,""
island_finnland,finland_real_mortgage_rate_baseline,,2011-08-01,0.34076,""
island_finnland,finland_real_mortgage_rate_baseline,,2011-09-01,0.330976,""
island_finnland,finland_real_mortgage_rate_baseline,,2011-10-01,0.379899,""
island_finnland,finland_real_mortgage_rate_baseline,,2011-11-01,0.360329,""
island_finnland,finland_real_mortgage_rate_baseline,,2011-12-01,0.34076,""
island_finnland,finland_real_mortgage_rate_baseline,,2012-01-01,0.193992,""
island_finnland,finland_real_mortgage_rate_baseline,,2012-02-01,0.105931,""
island_finnland,finland_real_mortgage_rate_baseline,,2012-03-01,-0.040838,""
island_finnland,finland_real_mortgage_rate_baseline,,2012-04-01,-0.033939,""
island_finnland,finland_real_mortgage_rate_baseline,,2012-05-01,-0.092719,""
island_finnland,finland_real_mortgage_rate_baseline,,2012-06-01,-0.092719,""
island_finnland,finland_real_mortgage_rate_baseline,,2012-07-01,-0.171093,""
island_finnland,finland_real_mortgage_rate_baseline,,2012-08-01,-0.288654,""
island_finnland,finland_real_mortgage_rate_baseline,,2012-09-01,-0.308248,""
island_finnland,finland_real_mortgage_rate_baseline,,2012-10-01,-0.298451,""
island_finnland,finland_real_mortgage_rate_baseline,,2012-11-01,-0.278858,""
island_finnland,finland_real_mortgage_rate_baseline,,2012-12-01,-0.259264,""
island_finnland,finland_real_mortgage_rate_baseline,,2013-01-01,-0.1515,""
island_finnland,finland_real_mortgage_rate_baseline,,2013-02-01,-0.092719,""
island_finnland,finland_real_mortgage_rate_baseline,,2013-03-01,-0.092719,""
island_finnland,finland_real_mortgage_rate_baseline,,2013-04-01,0.463388,""
island_finnland,finland_real_mortgage_rate_baseline,,2013-05-01,0.433838,""
island_finnland,finland_real_mortgage_rate_baseline,,2013-06-01,0.463388,""
island_finnland,finland_real_mortgage_rate_baseline,,2013-07-01,0.50279,""
island_finnland,finland_real_mortgage_rate_baseline,,2013-08-01,0.50279,""
island_finnland,finland_real_mortgage_rate_baseline,,2013-09-01,0.463388,""
island_finnland,finland_real_mortgage_rate_baseline,,2013-10-01,0.443688,""
island_finnland,finland_real_mortgage_rate_baseline,,2013-11-01,0.414137,""
island_finnland,finland_real_mortgage_rate_baseline,,2013-12-01,0.443688,""
island_finnland,finland_real_mortgage_rate_baseline,,2014-01-01,0.423987,""
island_finnland,finland_real_mortgage_rate_baseline,,2014-02-01,0.414137,""
island_finnland,finland_real_mortgage_rate_baseline,,2014-03-01,0.414137,""
island_finnland,finland_real_mortgage_rate_baseline,,2014-04-01,0.900517,""
island_finnland,finland_real_mortgage_rate_baseline,,2014-05-01,0.890619,""
island_finnland,finland_real_mortgage_rate_baseline,,2014-06-01,0.791638,""
island_finnland,finland_real_mortgage_rate_baseline,,2014-07-01,0.78174,""
island_finnland,finland_real_mortgage_rate_baseline,,2014-08-01,0.73225,""
island_finnland,finland_real_mortgage_rate_baseline,,2014-09-01,0.623372,""
island_finnland,finland_real_mortgage_rate_baseline,,2014-10-01,0.613474,""
island_finnland,finland_real_mortgage_rate_baseline,,2014-11-01,0.593678,""
island_finnland,finland_real_mortgage_rate_baseline,,2014-12-01,0.593678,""
island_finnland,finland_real_mortgage_rate_baseline,,2015-01-01,0.524392,""
island_finnland,finland_real_mortgage_rate_baseline,,2015-02-01,0.296737,""
island_finnland,finland_real_mortgage_rate_baseline,,2015-03-01,0.346227,""
island_finnland,finland_real_mortgage_rate_baseline,,2015-04-01,0.552077,""
island_finnland,finland_real_mortgage_rate_baseline,,2015-05-01,0.581847,""
island_finnland,finland_real_mortgage_rate_baseline,,2015-06-01,0.581847,""
island_finnland,finland_real_mortgage_rate_baseline,,2015-07-01,0.601693,""
island_finnland,finland_real_mortgage_rate_baseline,,2015-08-01,0.611616,""
island_finnland,finland_real_mortgage_rate_baseline,,2015-09-01,0.562,""
island_finnland,finland_real_mortgage_rate_baseline,,2015-10-01,0.552077,""
island_finnland,finland_real_mortgage_rate_baseline,,2015-11-01,0.502461,""
island_finnland,finland_real_mortgage_rate_baseline,,2015-12-01,0.492537,""
island_finnland,finland_real_mortgage_rate_baseline,,2016-01-01,0.462768,""
island_finnland,finland_real_mortgage_rate_baseline,,2016-02-01,0.413152,""
island_finnland,finland_real_mortgage_rate_baseline,,2016-03-01,0.403228,""
island_finnland,finland_real_mortgage_rate_baseline,,2016-04-01,0.363867,""
island_finnland,finland_real_mortgage_rate_baseline,,2016-05-01,0.353947,""
island_finnland,finland_real_mortgage_rate_baseline,,2016-06-01,0.344027,""
island_finnland,finland_real_mortgage_rate_baseline,,2016-07-01,0.334106,""
island_finnland,finland_real_mortgage_rate_baseline,,2016-08-01,0.334106,""
island_finnland,finland_real_mortgage_rate_baseline,,2016-09-01,0.314266,""
island_finnland,finland_real_mortgage_rate_baseline,,2016-10-01,0.314266,""
island_finnland,finland_real_mortgage_rate_baseline,,2016-11-01,0.314266,""
island_finnland,finland_real_mortgage_rate_baseline,,2016-12-01,0.304345,""
island_finnland,finland_real_mortgage_rate_baseline,,2017-01-01,0.294425,""
island_finnland,finland_real_mortgage_rate_baseline,,2017-02-01,0.294425,""
island_finnland,finland_real_mortgage_rate_baseline,,2017-03-01,0.284505,""
island_finnland,finland_real_mortgage_rate_baseline,,2017-04-01,-0.409091,""
island_finnland,finland_real_mortgage_rate_baseline,,2017-05-01,-0.428801,""
island_finnland,finland_real_mortgage_rate_baseline,,2017-06-01,-0.438655,""
island_finnland,finland_real_mortgage_rate_baseline,,2017-07-01,-0.418946,""
island_finnland,finland_real_mortgage_rate_baseline,,2017-08-01,-0.438655,""
island_finnland,finland_real_mortgage_rate_baseline,,2017-09-01,-0.478074,""
island_finnland,finland_real_mortgage_rate_baseline,,2017-10-01,-0.497783,""
island_finnland,finland_real_mortgage_rate_baseline,,2017-11-01,-0.497783,""
island_finnland,finland_real_mortgage_rate_baseline,,2017-12-01,-0.517492,""
island_finnland,finland_real_mortgage_rate_baseline,,2018-01-01,-0.527347,""
island_finnland,finland_real_mortgage_rate_baseline,,2018-02-01,-0.537202,""
island_finnland,finland_real_mortgage_rate_baseline,,2018-03-01,-0.547056,""
island_finnland,finland_real_mortgage_rate_baseline,,2018-04-01,-0.650724,""
island_finnland,finland_real_mortgage_rate_baseline,,2018-05-01,-0.670419,""
island_finnland,finland_real_mortgage_rate_baseline,,2018-06-01,-0.680266,""
island_finnland,finland_real_mortgage_rate_baseline,,2018-07-01,-0.660572,""
island_finnland,finland_real_mortgage_rate_baseline,,2018-08-01,-0.660572,""
island_finnland,finland_real_mortgage_rate_baseline,,2018-09-01,-0.670419,""
island_finnland,finland_real_mortgage_rate_baseline,,2018-10-01,-0.650724,""
island_finnland,finland_real_mortgage_rate_baseline,,2018-11-01,-0.650724,""
island_finnland,finland_real_mortgage_rate_baseline,,2018-12-01,-0.660572,""
island_finnland,finland_real_mortgage_rate_baseline,,2019-01-01,-0.650724,""
island_finnland,finland_real_mortgage_rate_baseline,,2019-02-01,-0.690114,""
island_finnland,finland_real_mortgage_rate_baseline,,2019-03-01,-0.690114,""
island_finnland,finland_real_mortgage_rate_baseline,,2019-04-01,-0.556073,""
island_finnland,finland_real_mortgage_rate_baseline,,2019-05-01,-0.565936,""
island_finnland,finland_real_mortgage_rate_baseline,,2019-06-01,-0.595523,""
island_finnland,finland_real_mortgage_rate_baseline,,2019-07-01,-0.605386,""
island_finnland,finland_real_mortgage_rate_baseline,,2019-08-01,-0.625111,""
island_finnland,finland_real_mortgage_rate_baseline,,2019-09-01,-0.634974,""
island_finnland,finland_real_mortgage_rate_baseline,,2019-10-01,-0.634974,""
island_finnland,finland_real_mortgage_rate_baseline,,2019-11-01,-0.605386,""
island_finnland,finland_real_mortgage_rate_baseline,,2019-12-01,-0.605386,""
island_finnland,finland_real_mortgage_rate_baseline,,2020-01-01,-0.585661,""
island_finnland,finland_real_mortgage_rate_baseline,,2020-02-01,-0.615249,""
island_finnland,finland_real_mortgage_rate_baseline,,2020-03-01,-0.565936,""
island_finnland,finland_real_mortgage_rate_baseline,,2020-04-01,0.209559,""
island_finnland,finland_real_mortgage_rate_baseline,,2020-05-01,0.149964,""
island_finnland,finland_real_mortgage_rate_baseline,,2020-06-01,0.110233,""
island_finnland,finland_real_mortgage_rate_baseline,,2020-07-01,0.100301,""
island_finnland,finland_real_mortgage_rate_baseline,,2020-08-01,0.090368,""
island_finnland,finland_real_mortgage_rate_baseline,,2020-09-01,0.070503,""
island_finnland,finland_real_mortgage_rate_baseline,,2020-10-01,0.070503,""
island_finnland,finland_real_mortgage_rate_baseline,,2020-11-01,0.050638,""
island_finnland,finland_real_mortgage_rate_baseline,,2020-12-01,0.060571,""
island_finnland,finland_real_mortgage_rate_baseline,,2021-01-01,0.070503,""
island_finnland,finland_real_mortgage_rate_baseline,,2021-02-01,0.060571,""
island_finnland,finland_real_mortgage_rate_baseline,,2021-03-01,0.060571,""
island_finnland,finland_real_mortgage_rate_baseline,,2021-04-01,-0.725981,""
island_finnland,finland_real_mortgage_rate_baseline,,2021-05-01,-0.725981,""
island_finnland,finland_real_mortgage_rate_baseline,,2021-06-01,-0.725981,""
island_finnland,finland_real_mortgage_rate_baseline,,2021-07-01,-0.70627,""
island_finnland,finland_real_mortgage_rate_baseline,,2021-08-01,-0.725981,""
island_finnland,finland_real_mortgage_rate_baseline,,2021-09-01,-0.716125,""
island_finnland,finland_real_mortgage_rate_baseline,,2021-10-01,-0.70627,""
island_finnland,finland_real_mortgage_rate_baseline,,2021-11-01,-0.676703,""
island_finnland,finland_real_mortgage_rate_baseline,,2021-12-01,-0.656992,""
island_finnland,finland_real_mortgage_rate_baseline,,2022-01-01,-0.656992,""
island_finnland,finland_real_mortgage_rate_baseline,,2022-02-01,-0.568293,""
island_finnland,finland_real_mortgage_rate_baseline,,2022-03-01,-0.548582,""
island_finnland,finland_real_mortgage_rate_baseline,,2022-04-01,-3.310787,""
island_finnland,finland_real_mortgage_rate_baseline,,2022-05-01,-3.157571,""
island_finnland,finland_real_mortgage_rate_baseline,,2022-06-01,-2.726649,""
island_finnland,finland_real_mortgage_rate_baseline,,2022-07-01,-2.650041,""
island_finnland,finland_real_mortgage_rate_baseline,,2022-08-01,-2.477672,""
island_finnland,finland_real_mortgage_rate_baseline,,2022-09-01,-1.80735,""
island_finnland,finland_real_mortgage_rate_baseline,,2022-10-01,-1.615829,""
island_finnland,finland_real_mortgage_rate_baseline,,2022-11-01,-1.529645,""
island_finnland,finland_real_mortgage_rate_baseline,,2022-12-01,-1.424309,""
island_finnland,finland_real_mortgage_rate_baseline,,2023-01-01,-1.3477,""
island_finnland,finland_real_mortgage_rate_baseline,,2023-02-01,-1.098723,""
island_finnland,finland_real_mortgage_rate_baseline,,2023-03-01,-0.907203,""
island_finnland,finland_real_mortgage_rate_baseline,,2023-04-01,-0.577035,""
island_finnland,finland_real_mortgage_rate_baseline,,2023-05-01,-0.423619,""
island_finnland,finland_real_mortgage_rate_baseline,,2023-06-01,-0.251026,""
island_finnland,finland_real_mortgage_rate_baseline,,2023-07-01,-0.135965,""
island_finnland,finland_real_mortgage_rate_baseline,,2023-08-01,-0.04008,""
island_finnland,finland_real_mortgage_rate_baseline,,2023-09-01,0.074982,""
island_finnland,finland_real_mortgage_rate_baseline,,2023-10-01,0.132513,""
island_finnland,finland_real_mortgage_rate_baseline,,2023-11-01,0.094159,""
island_finnland,finland_real_mortgage_rate_baseline,,2023-12-01,-0.011314,""
island_finnland,finland_real_mortgage_rate_baseline,,2024-01-01,-0.16473,""
island_finnland,finland_real_mortgage_rate_baseline,,2024-02-01,-0.097611,""
island_finnland,finland_real_mortgage_rate_baseline,,2024-03-01,-0.078434,""
island_finnland,finland_real_mortgage_rate_baseline,,2024-04-01,1.891589,""
island_finnland,finland_real_mortgage_rate_baseline,,2024-05-01,1.891589,""
island_finnland,finland_real_mortgage_rate_baseline,,2024-06-01,1.862254,""
island_finnland,finland_real_mortgage_rate_baseline,,2024-07-01,1.793804,""
island_finnland,finland_real_mortgage_rate_baseline,,2024-08-01,1.549343,""
island_finnland,finland_real_mortgage_rate_baseline,,2024-09-01,1.37333,""
island_finnland,finland_real_mortgage_rate_baseline,,2024-10-01,1.158204,""
island_finnland,finland_real_mortgage_rate_baseline,,2024-11-01,1.021306,""
island_finnland,finland_real_mortgage_rate_baseline,,2024-12-01,0.923521,""
island_finnland,finland_real_mortgage_rate_baseline,,2025-01-01,0.943078,""
island_finnland,finland_real_mortgage_rate_baseline,,2025-02-01,0.845293,""
island_finnland,finland_real_mortgage_rate_baseline,,2025-03-01,0.80618,""
island_finnland,finland_real_mortgage_rate_baseline,,2025-04-01,0.963799,""
island_finnland,finland_real_mortgage_rate_baseline,,2025-05-01,0.914721,""
island_finnland,finland_real_mortgage_rate_baseline,,2025-06-01,0.846011,""
island_finnland,finland_real_mortgage_rate_baseline,,2025-07-01,0.865642,""
island_finnland,finland_real_mortgage_rate_baseline,,2025-08-01,0.875458,""
island_finnland,finland_real_mortgage_rate_baseline,,2025-09-01,0.885274,""
island_finnland,finland_real_mortgage_rate_baseline,,2025-10-01,0.885274,""
island_finnland,finland_real_mortgage_rate_baseline,,2025-11-01,0.914721,""
island_finnland,finland_real_mortgage_rate_baseline,,2025-12-01,0.924536,""
island_finnland,finland_real_mortgage_rate_baseline,,2026-01-01,0.885274,""
island_finnland,finland_real_mortgage_rate_baseline,,2026-02-01,0.875458,""
island_finnland,finland_real_mortgage_rate_baseline,,2026-03-01,1.071771,""
island_finnland,finland_real_mortgage_rate_baseline,,2026-04-01,0.377083,""
island_finnland,finland_real_mortgage_rate_baseline,,2026-05-01,NaN,""
island_finnland,finland_real_mortgage_rate_baseline,,2026-06-01,NaN,""
island_finnland,iceland_indexed_real_mortgage_rate,,1999-01-01,NaN,""
island_finnland,iceland_indexed_real_mortgage_rate,,1999-02-01,NaN,""
island_finnland,iceland_indexed_real_mortgage_rate,,1999-03-01,NaN,""
island_finnland,iceland_indexed_real_mortgage_rate,,1999-04-01,NaN,""
island_finnland,iceland_indexed_real_mortgage_rate,,1999-05-01,NaN,""
island_finnland,iceland_indexed_real_mortgage_rate,,1999-06-01,NaN,""
island_finnland,iceland_indexed_real_mortgage_rate,,1999-07-01,NaN,""
island_finnland,iceland_indexed_real_mortgage_rate,,1999-08-01,NaN,""
island_finnland,iceland_indexed_real_mortgage_rate,,1999-09-01,NaN,""
island_finnland,iceland_indexed_real_mortgage_rate,,1999-10-01,NaN,""
island_finnland,iceland_indexed_real_mortgage_rate,,1999-11-01,NaN,""
island_finnland,iceland_indexed_real_mortgage_rate,,1999-12-01,NaN,""
island_finnland,iceland_indexed_real_mortgage_rate,,2000-01-01,NaN,""
island_finnland,iceland_indexed_real_mortgage_rate,,2000-02-01,NaN,""
island_finnland,iceland_indexed_real_mortgage_rate,,2000-03-01,NaN,""
island_finnland,iceland_indexed_real_mortgage_rate,,2000-04-01,NaN,""
island_finnland,iceland_indexed_real_mortgage_rate,,2000-05-01,NaN,""
island_finnland,iceland_indexed_real_mortgage_rate,,2000-06-01,NaN,""
island_finnland,iceland_indexed_real_mortgage_rate,,2000-07-01,NaN,""
island_finnland,iceland_indexed_real_mortgage_rate,,2000-08-01,NaN,""
island_finnland,iceland_indexed_real_mortgage_rate,,2000-09-01,NaN,""
island_finnland,iceland_indexed_real_mortgage_rate,,2000-10-01,NaN,""
island_finnland,iceland_indexed_real_mortgage_rate,,2000-11-01,NaN,""
island_finnland,iceland_indexed_real_mortgage_rate,,2000-12-01,NaN,""
island_finnland,iceland_indexed_real_mortgage_rate,,2001-01-01,NaN,""
island_finnland,iceland_indexed_real_mortgage_rate,,2001-02-01,NaN,""
island_finnland,iceland_indexed_real_mortgage_rate,,2001-03-01,NaN,""
island_finnland,iceland_indexed_real_mortgage_rate,,2001-04-01,NaN,""
island_finnland,iceland_indexed_real_mortgage_rate,,2001-05-01,NaN,""
island_finnland,iceland_indexed_real_mortgage_rate,,2001-06-01,NaN,""
island_finnland,iceland_indexed_real_mortgage_rate,,2001-07-01,NaN,""
island_finnland,iceland_indexed_real_mortgage_rate,,2001-08-01,NaN,""
island_finnland,iceland_indexed_real_mortgage_rate,,2001-09-01,NaN,""
island_finnland,iceland_indexed_real_mortgage_rate,,2001-10-01,NaN,""
island_finnland,iceland_indexed_real_mortgage_rate,,2001-11-01,NaN,""
island_finnland,iceland_indexed_real_mortgage_rate,,2001-12-01,NaN,""
island_finnland,iceland_indexed_real_mortgage_rate,,2002-01-01,NaN,""
island_finnland,iceland_indexed_real_mortgage_rate,,2002-02-01,NaN,""
island_finnland,iceland_indexed_real_mortgage_rate,,2002-03-01,NaN,""
island_finnland,iceland_indexed_real_mortgage_rate,,2002-04-01,NaN,""
island_finnland,iceland_indexed_real_mortgage_rate,,2002-05-01,NaN,""
island_finnland,iceland_indexed_real_mortgage_rate,,2002-06-01,NaN,""
island_finnland,iceland_indexed_real_mortgage_rate,,2002-07-01,NaN,""
island_finnland,iceland_indexed_real_mortgage_rate,,2002-08-01,NaN,""
island_finnland,iceland_indexed_real_mortgage_rate,,2002-09-01,NaN,""
island_finnland,iceland_indexed_real_mortgage_rate,,2002-10-01,NaN,""
island_finnland,iceland_indexed_real_mortgage_rate,,2002-11-01,NaN,""
island_finnland,iceland_indexed_real_mortgage_rate,,2002-12-01,NaN,""
island_finnland,iceland_indexed_real_mortgage_rate,,2003-01-01,NaN,""
island_finnland,iceland_indexed_real_mortgage_rate,,2003-02-01,NaN,""
island_finnland,iceland_indexed_real_mortgage_rate,,2003-03-01,NaN,""
island_finnland,iceland_indexed_real_mortgage_rate,,2003-04-01,NaN,""
island_finnland,iceland_indexed_real_mortgage_rate,,2003-05-01,NaN,""
island_finnland,iceland_indexed_real_mortgage_rate,,2003-06-01,NaN,""
island_finnland,iceland_indexed_real_mortgage_rate,,2003-07-01,NaN,""
island_finnland,iceland_indexed_real_mortgage_rate,,2003-08-01,NaN,""
island_finnland,iceland_indexed_real_mortgage_rate,,2003-09-01,NaN,""
island_finnland,iceland_indexed_real_mortgage_rate,,2003-10-01,NaN,""
island_finnland,iceland_indexed_real_mortgage_rate,,2003-11-01,NaN,""
island_finnland,iceland_indexed_real_mortgage_rate,,2003-12-01,NaN,""
island_finnland,iceland_indexed_real_mortgage_rate,,2004-01-01,NaN,""
island_finnland,iceland_indexed_real_mortgage_rate,,2004-02-01,NaN,""
island_finnland,iceland_indexed_real_mortgage_rate,,2004-03-01,NaN,""
island_finnland,iceland_indexed_real_mortgage_rate,,2004-04-01,NaN,""
island_finnland,iceland_indexed_real_mortgage_rate,,2004-05-01,NaN,""
island_finnland,iceland_indexed_real_mortgage_rate,,2004-06-01,NaN,""
island_finnland,iceland_indexed_real_mortgage_rate,,2004-07-01,NaN,""
island_finnland,iceland_indexed_real_mortgage_rate,,2004-08-01,NaN,""
island_finnland,iceland_indexed_real_mortgage_rate,,2004-09-01,4.2,""
island_finnland,iceland_indexed_real_mortgage_rate,,2004-10-01,4.2,""
island_finnland,iceland_indexed_real_mortgage_rate,,2004-11-01,4.188889,""
island_finnland,iceland_indexed_real_mortgage_rate,,2004-12-01,4.166667,""
island_finnland,iceland_indexed_real_mortgage_rate,,2005-01-01,4.15,""
island_finnland,iceland_indexed_real_mortgage_rate,,2005-02-01,4.15,""
island_finnland,iceland_indexed_real_mortgage_rate,,2005-03-01,4.15,""
island_finnland,iceland_indexed_real_mortgage_rate,,2005-04-01,4.15,""
island_finnland,iceland_indexed_real_mortgage_rate,,2005-05-01,4.15,""
island_finnland,iceland_indexed_real_mortgage_rate,,2005-06-01,4.15,""
island_finnland,iceland_indexed_real_mortgage_rate,,2005-07-01,4.15,""
island_finnland,iceland_indexed_real_mortgage_rate,,2005-08-01,4.15,""
island_finnland,iceland_indexed_real_mortgage_rate,,2005-09-01,4.15,""
island_finnland,iceland_indexed_real_mortgage_rate,,2005-10-01,4.15,""
island_finnland,iceland_indexed_real_mortgage_rate,,2005-11-01,4.216667,""
island_finnland,iceland_indexed_real_mortgage_rate,,2005-12-01,4.316667,""
island_finnland,iceland_indexed_real_mortgage_rate,,2006-01-01,4.316667,""
island_finnland,iceland_indexed_real_mortgage_rate,,2006-02-01,4.316667,""
island_finnland,iceland_indexed_real_mortgage_rate,,2006-03-01,4.347778,""
island_finnland,iceland_indexed_real_mortgage_rate,,2006-04-01,4.633333,""
island_finnland,iceland_indexed_real_mortgage_rate,,2006-05-01,4.688889,""
island_finnland,iceland_indexed_real_mortgage_rate,,2006-06-01,4.85,""
island_finnland,iceland_indexed_real_mortgage_rate,,2006-07-01,4.905556,""
island_finnland,iceland_indexed_real_mortgage_rate,,2006-08-01,4.893333,""
island_finnland,iceland_indexed_real_mortgage_rate,,2006-09-01,4.893333,""
island_finnland,iceland_indexed_real_mortgage_rate,,2006-10-01,4.893333,""
island_finnland,iceland_indexed_real_mortgage_rate,,2006-11-01,4.893333,""
island_finnland,iceland_indexed_real_mortgage_rate,,2006-12-01,4.931111,""
island_finnland,iceland_indexed_real_mortgage_rate,,2007-01-01,4.966667,""
island_finnland,iceland_indexed_real_mortgage_rate,,2007-02-01,4.966667,""
island_finnland,iceland_indexed_real_mortgage_rate,,2007-03-01,4.966667,""
island_finnland,iceland_indexed_real_mortgage_rate,,2007-04-01,4.966667,""
island_finnland,iceland_indexed_real_mortgage_rate,,2007-05-01,4.95,""
island_finnland,iceland_indexed_real_mortgage_rate,,2007-06-01,4.95,""
island_finnland,iceland_indexed_real_mortgage_rate,,2007-07-01,5.116667,""
island_finnland,iceland_indexed_real_mortgage_rate,,2007-08-01,5.538889,""
island_finnland,iceland_indexed_real_mortgage_rate,,2007-09-01,5.716667,""
island_finnland,iceland_indexed_real_mortgage_rate,,2007-10-01,5.833333,""
island_finnland,iceland_indexed_real_mortgage_rate,,2007-11-01,6.177778,""
island_finnland,iceland_indexed_real_mortgage_rate,,2007-12-01,6.35,""
island_finnland,iceland_indexed_real_mortgage_rate,,2008-01-01,6.35,""
island_finnland,iceland_indexed_real_mortgage_rate,,2008-02-01,6.35,""
island_finnland,iceland_indexed_real_mortgage_rate,,2008-03-01,6.366667,""
island_finnland,iceland_indexed_real_mortgage_rate,,2008-04-01,6.4,""
island_finnland,iceland_indexed_real_mortgage_rate,,2008-05-01,6.4,""
island_finnland,iceland_indexed_real_mortgage_rate,,2008-06-01,6.4,""
island_finnland,iceland_indexed_real_mortgage_rate,,2008-07-01,6.322222,""
island_finnland,iceland_indexed_real_mortgage_rate,,2008-08-01,6.283333,""
island_finnland,iceland_indexed_real_mortgage_rate,,2008-09-01,6.283333,""
island_finnland,iceland_indexed_real_mortgage_rate,,2008-10-01,6.233333,""
island_finnland,iceland_indexed_real_mortgage_rate,,2008-11-01,6.233333,""
island_finnland,iceland_indexed_real_mortgage_rate,,2008-12-01,6.233333,""
island_finnland,iceland_indexed_real_mortgage_rate,,2009-01-01,6.233333,""
island_finnland,iceland_indexed_real_mortgage_rate,,2009-02-01,6.233333,""
island_finnland,iceland_indexed_real_mortgage_rate,,2009-03-01,6.233333,""
island_finnland,iceland_indexed_real_mortgage_rate,,2009-04-01,6.144444,""
island_finnland,iceland_indexed_real_mortgage_rate,,2009-05-01,6.1,""
island_finnland,iceland_indexed_real_mortgage_rate,,2009-06-01,6.1,""
island_finnland,iceland_indexed_real_mortgage_rate,,2009-07-01,5.988889,""
island_finnland,iceland_indexed_real_mortgage_rate,,2009-08-01,5.766667,""
island_finnland,iceland_indexed_real_mortgage_rate,,2009-09-01,5.766667,""
island_finnland,iceland_indexed_real_mortgage_rate,,2009-10-01,5.766667,""
island_finnland,iceland_indexed_real_mortgage_rate,,2009-11-01,5.944444,""
island_finnland,iceland_indexed_real_mortgage_rate,,2009-12-01,5.741667,""
island_finnland,iceland_indexed_real_mortgage_rate,,2010-01-01,5.466667,""
island_finnland,iceland_indexed_real_mortgage_rate,,2010-02-01,5.466667,""
island_finnland,iceland_indexed_real_mortgage_rate,,2010-03-01,5.488889,""
island_finnland,iceland_indexed_real_mortgage_rate,,2010-04-01,5.5,""
island_finnland,iceland_indexed_real_mortgage_rate,,2010-05-01,5.5,""
island_finnland,iceland_indexed_real_mortgage_rate,,2010-06-01,5.5,""
island_finnland,iceland_indexed_real_mortgage_rate,,2010-07-01,5.5,""
island_finnland,iceland_indexed_real_mortgage_rate,,2010-08-01,5.5,""
island_finnland,iceland_indexed_real_mortgage_rate,,2010-09-01,5.5,""
island_finnland,iceland_indexed_real_mortgage_rate,,2010-10-01,5.5,""
island_finnland,iceland_indexed_real_mortgage_rate,,2010-11-01,5.5,""
island_finnland,iceland_indexed_real_mortgage_rate,,2010-12-01,5.5,""
island_finnland,iceland_indexed_real_mortgage_rate,,2011-01-01,5.5,""
island_finnland,iceland_indexed_real_mortgage_rate,,2011-02-01,5.5,""
island_finnland,iceland_indexed_real_mortgage_rate,,2011-03-01,NaN,""
island_finnland,iceland_indexed_real_mortgage_rate,,2011-04-01,NaN,""
island_finnland,iceland_indexed_real_mortgage_rate,,2011-05-01,4.95,""
island_finnland,iceland_indexed_real_mortgage_rate,,2011-06-01,4.95,""
island_finnland,iceland_indexed_real_mortgage_rate,,2011-07-01,4.95,""
island_finnland,iceland_indexed_real_mortgage_rate,,2011-08-01,4.95,""
island_finnland,iceland_indexed_real_mortgage_rate,,2011-09-01,4.95,""
island_finnland,iceland_indexed_real_mortgage_rate,,2011-10-01,4.95,""
island_finnland,iceland_indexed_real_mortgage_rate,,2011-11-01,4.95,""
island_finnland,iceland_indexed_real_mortgage_rate,,2011-12-01,4.95,""
island_finnland,iceland_indexed_real_mortgage_rate,,2012-01-01,4.95,""
island_finnland,iceland_indexed_real_mortgage_rate,,2012-02-01,4.95,""
island_finnland,iceland_indexed_real_mortgage_rate,,2012-03-01,4.95,""
island_finnland,iceland_indexed_real_mortgage_rate,,2012-04-01,4.2,""
island_finnland,iceland_indexed_real_mortgage_rate,,2012-05-01,4.183333,""
island_finnland,iceland_indexed_real_mortgage_rate,,2012-06-01,4.15,""
island_finnland,iceland_indexed_real_mortgage_rate,,2012-07-01,4.15,""
island_finnland,iceland_indexed_real_mortgage_rate,,2012-08-01,4.091667,""
island_finnland,iceland_indexed_real_mortgage_rate,,2012-09-01,3.975,""
island_finnland,iceland_indexed_real_mortgage_rate,,2012-10-01,3.975,""
island_finnland,iceland_indexed_real_mortgage_rate,,2012-11-01,3.975,""
island_finnland,iceland_indexed_real_mortgage_rate,,2012-12-01,3.975,""
island_finnland,iceland_indexed_real_mortgage_rate,,2013-01-01,3.975,""
island_finnland,iceland_indexed_real_mortgage_rate,,2013-02-01,3.85,""
island_finnland,iceland_indexed_real_mortgage_rate,,2013-03-01,3.85,""
island_finnland,iceland_indexed_real_mortgage_rate,,2013-04-01,3.775,""
island_finnland,iceland_indexed_real_mortgage_rate,,2013-05-01,3.775,""
island_finnland,iceland_indexed_real_mortgage_rate,,2013-06-01,3.775,""
island_finnland,iceland_indexed_real_mortgage_rate,,2013-07-01,3.725,""
island_finnland,iceland_indexed_real_mortgage_rate,,2013-08-01,3.725,""
island_finnland,iceland_indexed_real_mortgage_rate,,2013-09-01,3.725,""
island_finnland,iceland_indexed_real_mortgage_rate,,2013-10-01,3.725,""
island_finnland,iceland_indexed_real_mortgage_rate,,2013-11-01,3.725,""
island_finnland,iceland_indexed_real_mortgage_rate,,2013-12-01,3.725,""
island_finnland,iceland_indexed_real_mortgage_rate,,2014-01-01,3.725,""
island_finnland,iceland_indexed_real_mortgage_rate,,2014-02-01,3.725,""
island_finnland,iceland_indexed_real_mortgage_rate,,2014-03-01,3.75,""
island_finnland,iceland_indexed_real_mortgage_rate,,2014-04-01,3.75,""
island_finnland,iceland_indexed_real_mortgage_rate,,2014-05-01,3.75,""
island_finnland,iceland_indexed_real_mortgage_rate,,2014-06-01,3.75,""
island_finnland,iceland_indexed_real_mortgage_rate,,2014-07-01,3.75,""
island_finnland,iceland_indexed_real_mortgage_rate,,2014-08-01,3.75,""
island_finnland,iceland_indexed_real_mortgage_rate,,2014-09-01,3.75,""
island_finnland,iceland_indexed_real_mortgage_rate,,2014-10-01,3.766667,""
island_finnland,iceland_indexed_real_mortgage_rate,,2014-11-01,3.8,""
island_finnland,iceland_indexed_real_mortgage_rate,,2014-12-01,3.8,""
island_finnland,iceland_indexed_real_mortgage_rate,,2015-01-01,4.1,""
island_finnland,iceland_indexed_real_mortgage_rate,,2015-02-01,4.1,""
island_finnland,iceland_indexed_real_mortgage_rate,,2015-03-01,4.077778,""
island_finnland,iceland_indexed_real_mortgage_rate,,2015-04-01,4.033333,""
island_finnland,iceland_indexed_real_mortgage_rate,,2015-05-01,4.033333,""
island_finnland,iceland_indexed_real_mortgage_rate,,2015-06-01,4.033333,""
island_finnland,iceland_indexed_real_mortgage_rate,,2015-07-01,3.9,""
island_finnland,iceland_indexed_real_mortgage_rate,,2015-08-01,3.9,""
island_finnland,iceland_indexed_real_mortgage_rate,,2015-09-01,3.9,""
island_finnland,iceland_indexed_real_mortgage_rate,,2015-10-01,3.877778,""
island_finnland,iceland_indexed_real_mortgage_rate,,2015-11-01,3.866667,""
island_finnland,iceland_indexed_real_mortgage_rate,,2015-12-01,3.866667,""
island_finnland,iceland_indexed_real_mortgage_rate,,2016-01-01,3.866667,""
island_finnland,iceland_indexed_real_mortgage_rate,,2016-02-01,3.866667,""
island_finnland,iceland_indexed_real_mortgage_rate,,2016-03-01,3.866667,""
island_finnland,iceland_indexed_real_mortgage_rate,,2016-04-01,3.833333,""
island_finnland,iceland_indexed_real_mortgage_rate,,2016-05-01,3.833333,""
island_finnland,iceland_indexed_real_mortgage_rate,,2016-06-01,3.833333,""
island_finnland,iceland_indexed_real_mortgage_rate,,2016-07-01,3.833333,""
island_finnland,iceland_indexed_real_mortgage_rate,,2016-08-01,3.833333,""
island_finnland,iceland_indexed_real_mortgage_rate,,2016-09-01,3.833333,""
island_finnland,iceland_indexed_real_mortgage_rate,,2016-10-01,3.833333,""
island_finnland,iceland_indexed_real_mortgage_rate,,2016-11-01,3.833333,""
island_finnland,iceland_indexed_real_mortgage_rate,,2016-12-01,3.833333,""
island_finnland,iceland_indexed_real_mortgage_rate,,2017-01-01,3.833333,""
island_finnland,iceland_indexed_real_mortgage_rate,,2017-02-01,3.855556,""
island_finnland,iceland_indexed_real_mortgage_rate,,2017-03-01,3.866667,""
island_finnland,iceland_indexed_real_mortgage_rate,,2017-04-01,3.866667,""
island_finnland,iceland_indexed_real_mortgage_rate,,2017-05-01,3.866667,""
island_finnland,iceland_indexed_real_mortgage_rate,,2017-06-01,3.866667,""
island_finnland,iceland_indexed_real_mortgage_rate,,2017-07-01,3.866667,""
island_finnland,iceland_indexed_real_mortgage_rate,,2017-08-01,3.866667,""
island_finnland,iceland_indexed_real_mortgage_rate,,2017-09-01,3.855556,""
island_finnland,iceland_indexed_real_mortgage_rate,,2017-10-01,3.833333,""
island_finnland,iceland_indexed_real_mortgage_rate,,2017-11-01,3.833333,""
island_finnland,iceland_indexed_real_mortgage_rate,,2017-12-01,3.833333,""
island_finnland,iceland_indexed_real_mortgage_rate,,2018-01-01,3.833333,""
island_finnland,iceland_indexed_real_mortgage_rate,,2018-02-01,3.833333,""
island_finnland,iceland_indexed_real_mortgage_rate,,2018-03-01,3.833333,""
island_finnland,iceland_indexed_real_mortgage_rate,,2018-04-01,3.833333,""
island_finnland,iceland_indexed_real_mortgage_rate,,2018-05-01,3.833333,""
island_finnland,iceland_indexed_real_mortgage_rate,,2018-06-01,3.833333,""
island_finnland,iceland_indexed_real_mortgage_rate,,2018-07-01,3.816667,""
island_finnland,iceland_indexed_real_mortgage_rate,,2018-08-01,3.816667,""
island_finnland,iceland_indexed_real_mortgage_rate,,2018-09-01,3.816667,""
island_finnland,iceland_indexed_real_mortgage_rate,,2018-10-01,3.816667,""
island_finnland,iceland_indexed_real_mortgage_rate,,2018-11-01,3.821111,""
island_finnland,iceland_indexed_real_mortgage_rate,,2018-12-01,3.79,""
island_finnland,iceland_indexed_real_mortgage_rate,,2019-01-01,3.778889,""
island_finnland,iceland_indexed_real_mortgage_rate,,2019-02-01,3.756667,""
island_finnland,iceland_indexed_real_mortgage_rate,,2019-03-01,3.646667,""
island_finnland,iceland_indexed_real_mortgage_rate,,2019-04-01,3.618889,""
island_finnland,iceland_indexed_real_mortgage_rate,,2019-05-01,3.613333,""
island_finnland,iceland_indexed_real_mortgage_rate,,2019-06-01,3.374444,""
island_finnland,iceland_indexed_real_mortgage_rate,,2019-07-01,3.307778,""
island_finnland,iceland_indexed_real_mortgage_rate,,2019-08-01,3.296667,""
island_finnland,iceland_indexed_real_mortgage_rate,,2019-09-01,3.252222,""
island_finnland,iceland_indexed_real_mortgage_rate,,2019-10-01,3.163333,""
island_finnland,iceland_indexed_real_mortgage_rate,,2019-11-01,3.163333,""
island_finnland,iceland_indexed_real_mortgage_rate,,2019-12-01,3.163333,""
island_finnland,iceland_indexed_real_mortgage_rate,,2020-01-01,3.163333,""
island_finnland,iceland_indexed_real_mortgage_rate,,2020-02-01,3.13,""
island_finnland,iceland_indexed_real_mortgage_rate,,2020-03-01,3.018889,""
island_finnland,iceland_indexed_real_mortgage_rate,,2020-04-01,2.668889,""
island_finnland,iceland_indexed_real_mortgage_rate,,2020-05-01,2.596667,""
island_finnland,iceland_indexed_real_mortgage_rate,,2020-06-01,2.346667,""
island_finnland,iceland_indexed_real_mortgage_rate,,2020-07-01,2.346667,""
island_finnland,iceland_indexed_real_mortgage_rate,,2020-08-01,2.346667,""
island_finnland,iceland_indexed_real_mortgage_rate,,2020-09-01,2.268889,""
island_finnland,iceland_indexed_real_mortgage_rate,,2020-10-01,2.163333,""
island_finnland,iceland_indexed_real_mortgage_rate,,2020-11-01,2.196667,""
island_finnland,iceland_indexed_real_mortgage_rate,,2020-12-01,2.196667,""
island_finnland,iceland_indexed_real_mortgage_rate,,2021-01-01,2.196667,""
island_finnland,iceland_indexed_real_mortgage_rate,,2021-02-01,2.196667,""
island_finnland,iceland_indexed_real_mortgage_rate,,2021-03-01,2.196667,""
island_finnland,iceland_indexed_real_mortgage_rate,,2021-04-01,2.196667,""
island_finnland,iceland_indexed_real_mortgage_rate,,2021-05-01,2.163333,""
island_finnland,iceland_indexed_real_mortgage_rate,,2021-06-01,2.163333,""
island_finnland,iceland_indexed_real_mortgage_rate,,2021-07-01,2.163333,""
island_finnland,iceland_indexed_real_mortgage_rate,,2021-08-01,2.163333,""
island_finnland,iceland_indexed_real_mortgage_rate,,2021-09-01,2.163333,""
island_finnland,iceland_indexed_real_mortgage_rate,,2021-10-01,2.163333,""
island_finnland,iceland_indexed_real_mortgage_rate,,2021-11-01,2.163333,""
island_finnland,iceland_indexed_real_mortgage_rate,,2021-12-01,1.913333,""
island_finnland,iceland_indexed_real_mortgage_rate,,2022-01-01,1.913333,""
island_finnland,iceland_indexed_real_mortgage_rate,,2022-02-01,1.913333,""
island_finnland,iceland_indexed_real_mortgage_rate,,2022-03-01,1.663333,""
island_finnland,iceland_indexed_real_mortgage_rate,,2022-04-01,1.618889,""
island_finnland,iceland_indexed_real_mortgage_rate,,2022-05-01,1.446667,""
island_finnland,iceland_indexed_real_mortgage_rate,,2022-06-01,1.568889,""
island_finnland,iceland_indexed_real_mortgage_rate,,2022-07-01,2.03,""
island_finnland,iceland_indexed_real_mortgage_rate,,2022-08-01,2.052222,""
island_finnland,iceland_indexed_real_mortgage_rate,,2022-09-01,2.218889,""
island_finnland,iceland_indexed_real_mortgage_rate,,2022-10-01,2.48,""
island_finnland,iceland_indexed_real_mortgage_rate,,2022-11-01,2.802222,""
island_finnland,iceland_indexed_real_mortgage_rate,,2022-12-01,2.863333,""
island_finnland,iceland_indexed_real_mortgage_rate,,2023-01-01,2.896667,""
island_finnland,iceland_indexed_real_mortgage_rate,,2023-02-01,2.896667,""
island_finnland,iceland_indexed_real_mortgage_rate,,2023-03-01,2.996667,""
island_finnland,iceland_indexed_real_mortgage_rate,,2023-04-01,3.113333,""
island_finnland,iceland_indexed_real_mortgage_rate,,2023-05-01,3.113333,""
island_finnland,iceland_indexed_real_mortgage_rate,,2023-06-01,3.113333,""
island_finnland,iceland_indexed_real_mortgage_rate,,2023-07-01,3.113333,""
island_finnland,iceland_indexed_real_mortgage_rate,,2023-08-01,3.113333,""
island_finnland,iceland_indexed_real_mortgage_rate,,2023-09-01,3.457778,""
island_finnland,iceland_indexed_real_mortgage_rate,,2023-10-01,3.707778,""
island_finnland,iceland_indexed_real_mortgage_rate,,2023-11-01,4.041111,""
island_finnland,iceland_indexed_real_mortgage_rate,,2023-12-01,3.813333,""
island_finnland,iceland_indexed_real_mortgage_rate,,2024-01-01,3.841111,""
island_finnland,iceland_indexed_real_mortgage_rate,,2024-02-01,3.896667,""
island_finnland,iceland_indexed_real_mortgage_rate,,2024-03-01,3.896667,""
island_finnland,iceland_indexed_real_mortgage_rate,,2024-04-01,3.907778,""
island_finnland,iceland_indexed_real_mortgage_rate,,2024-05-01,4.096667,""
island_finnland,iceland_indexed_real_mortgage_rate,,2024-06-01,4.096667,""
island_finnland,iceland_indexed_real_mortgage_rate,,2024-07-01,4.096667,""
island_finnland,iceland_indexed_real_mortgage_rate,,2024-08-01,4.096667,""
island_finnland,iceland_indexed_real_mortgage_rate,,2024-09-01,4.252222,""
island_finnland,iceland_indexed_real_mortgage_rate,,2024-10-01,4.507778,""
island_finnland,iceland_indexed_real_mortgage_rate,,2024-11-01,4.48,""
island_finnland,iceland_indexed_real_mortgage_rate,,2024-12-01,4.546667,""
island_finnland,iceland_indexed_real_mortgage_rate,,2025-01-01,4.546667,""
island_finnland,iceland_indexed_real_mortgage_rate,,2025-02-01,4.546667,""
island_finnland,iceland_indexed_real_mortgage_rate,,2025-03-01,4.546667,""
island_finnland,iceland_indexed_real_mortgage_rate,,2025-04-01,4.546667,""
island_finnland,iceland_indexed_real_mortgage_rate,,2025-05-01,4.546667,""
island_finnland,iceland_indexed_real_mortgage_rate,,2025-06-01,4.535556,""
island_finnland,iceland_indexed_real_mortgage_rate,,2025-07-01,4.53,""
island_finnland,iceland_indexed_real_mortgage_rate,,2025-08-01,4.53,""
island_finnland,iceland_indexed_real_mortgage_rate,,2025-09-01,4.53,""
island_finnland,iceland_indexed_real_mortgage_rate,,2025-10-01,4.53,""
island_finnland,iceland_indexed_real_mortgage_rate,,2025-11-01,4.707778,""
island_finnland,iceland_indexed_real_mortgage_rate,,2025-12-01,4.624444,""
island_finnland,iceland_indexed_real_mortgage_rate,,2026-01-01,4.617778,""
island_finnland,iceland_indexed_real_mortgage_rate,,2026-02-01,4.613333,""
island_finnland,iceland_indexed_real_mortgage_rate,,2026-03-01,4.63,""
island_finnland,iceland_indexed_real_mortgage_rate,,2026-04-01,4.563333,""
island_finnland,iceland_indexed_real_mortgage_rate,,2026-05-01,NaN,""
island_finnland,iceland_indexed_real_mortgage_rate,,2026-06-01,NaN,""
island_finnland,mortgage_real_spread_ec_forecast,,1999-01-01,NaN,""
island_finnland,mortgage_real_spread_ec_forecast,,1999-02-01,NaN,""
island_finnland,mortgage_real_spread_ec_forecast,,1999-03-01,NaN,""
island_finnland,mortgage_real_spread_ec_forecast,,1999-04-01,NaN,""
island_finnland,mortgage_real_spread_ec_forecast,,1999-05-01,NaN,""
island_finnland,mortgage_real_spread_ec_forecast,,1999-06-01,NaN,""
island_finnland,mortgage_real_spread_ec_forecast,,1999-07-01,NaN,""
island_finnland,mortgage_real_spread_ec_forecast,,1999-08-01,NaN,""
island_finnland,mortgage_real_spread_ec_forecast,,1999-09-01,NaN,""
island_finnland,mortgage_real_spread_ec_forecast,,1999-10-01,NaN,""
island_finnland,mortgage_real_spread_ec_forecast,,1999-11-01,NaN,""
island_finnland,mortgage_real_spread_ec_forecast,,1999-12-01,NaN,""
island_finnland,mortgage_real_spread_ec_forecast,,2000-01-01,NaN,""
island_finnland,mortgage_real_spread_ec_forecast,,2000-02-01,NaN,""
island_finnland,mortgage_real_spread_ec_forecast,,2000-03-01,NaN,""
island_finnland,mortgage_real_spread_ec_forecast,,2000-04-01,NaN,""
island_finnland,mortgage_real_spread_ec_forecast,,2000-05-01,NaN,""
island_finnland,mortgage_real_spread_ec_forecast,,2000-06-01,NaN,""
island_finnland,mortgage_real_spread_ec_forecast,,2000-07-01,NaN,""
island_finnland,mortgage_real_spread_ec_forecast,,2000-08-01,NaN,""
island_finnland,mortgage_real_spread_ec_forecast,,2000-09-01,NaN,""
island_finnland,mortgage_real_spread_ec_forecast,,2000-10-01,NaN,""
island_finnland,mortgage_real_spread_ec_forecast,,2000-11-01,NaN,""
island_finnland,mortgage_real_spread_ec_forecast,,2000-12-01,NaN,""
island_finnland,mortgage_real_spread_ec_forecast,,2001-01-01,NaN,""
island_finnland,mortgage_real_spread_ec_forecast,,2001-02-01,NaN,""
island_finnland,mortgage_real_spread_ec_forecast,,2001-03-01,NaN,""
island_finnland,mortgage_real_spread_ec_forecast,,2001-04-01,NaN,""
island_finnland,mortgage_real_spread_ec_forecast,,2001-05-01,NaN,""
island_finnland,mortgage_real_spread_ec_forecast,,2001-06-01,NaN,""
island_finnland,mortgage_real_spread_ec_forecast,,2001-07-01,NaN,""
island_finnland,mortgage_real_spread_ec_forecast,,2001-08-01,NaN,""
island_finnland,mortgage_real_spread_ec_forecast,,2001-09-01,NaN,""
island_finnland,mortgage_real_spread_ec_forecast,,2001-10-01,NaN,""
island_finnland,mortgage_real_spread_ec_forecast,,2001-11-01,NaN,""
island_finnland,mortgage_real_spread_ec_forecast,,2001-12-01,NaN,""
island_finnland,mortgage_real_spread_ec_forecast,,2002-01-01,NaN,""
island_finnland,mortgage_real_spread_ec_forecast,,2002-02-01,NaN,""
island_finnland,mortgage_real_spread_ec_forecast,,2002-03-01,NaN,""
island_finnland,mortgage_real_spread_ec_forecast,,2002-04-01,NaN,""
island_finnland,mortgage_real_spread_ec_forecast,,2002-05-01,NaN,""
island_finnland,mortgage_real_spread_ec_forecast,,2002-06-01,NaN,""
island_finnland,mortgage_real_spread_ec_forecast,,2002-07-01,NaN,""
island_finnland,mortgage_real_spread_ec_forecast,,2002-08-01,NaN,""
island_finnland,mortgage_real_spread_ec_forecast,,2002-09-01,NaN,""
island_finnland,mortgage_real_spread_ec_forecast,,2002-10-01,NaN,""
island_finnland,mortgage_real_spread_ec_forecast,,2002-11-01,NaN,""
island_finnland,mortgage_real_spread_ec_forecast,,2002-12-01,NaN,""
island_finnland,mortgage_real_spread_ec_forecast,,2003-01-01,NaN,""
island_finnland,mortgage_real_spread_ec_forecast,,2003-02-01,NaN,""
island_finnland,mortgage_real_spread_ec_forecast,,2003-03-01,NaN,""
island_finnland,mortgage_real_spread_ec_forecast,,2003-04-01,NaN,""
island_finnland,mortgage_real_spread_ec_forecast,,2003-05-01,NaN,""
island_finnland,mortgage_real_spread_ec_forecast,,2003-06-01,NaN,""
island_finnland,mortgage_real_spread_ec_forecast,,2003-07-01,NaN,""
island_finnland,mortgage_real_spread_ec_forecast,,2003-08-01,NaN,""
island_finnland,mortgage_real_spread_ec_forecast,,2003-09-01,NaN,""
island_finnland,mortgage_real_spread_ec_forecast,,2003-10-01,NaN,""
island_finnland,mortgage_real_spread_ec_forecast,,2003-11-01,NaN,""
island_finnland,mortgage_real_spread_ec_forecast,,2003-12-01,NaN,""
island_finnland,mortgage_real_spread_ec_forecast,,2004-01-01,NaN,""
island_finnland,mortgage_real_spread_ec_forecast,,2004-02-01,NaN,""
island_finnland,mortgage_real_spread_ec_forecast,,2004-03-01,NaN,""
island_finnland,mortgage_real_spread_ec_forecast,,2004-04-01,NaN,""
island_finnland,mortgage_real_spread_ec_forecast,,2004-05-01,NaN,""
island_finnland,mortgage_real_spread_ec_forecast,,2004-06-01,NaN,""
island_finnland,mortgage_real_spread_ec_forecast,,2004-07-01,NaN,""
island_finnland,mortgage_real_spread_ec_forecast,,2004-08-01,NaN,""
island_finnland,mortgage_real_spread_ec_forecast,,2004-09-01,NaN,""
island_finnland,mortgage_real_spread_ec_forecast,,2004-10-01,NaN,""
island_finnland,mortgage_real_spread_ec_forecast,,2004-11-01,NaN,""
island_finnland,mortgage_real_spread_ec_forecast,,2004-12-01,NaN,""
island_finnland,mortgage_real_spread_ec_forecast,,2005-01-01,NaN,""
island_finnland,mortgage_real_spread_ec_forecast,,2005-02-01,NaN,""
island_finnland,mortgage_real_spread_ec_forecast,,2005-03-01,NaN,""
island_finnland,mortgage_real_spread_ec_forecast,,2005-04-01,NaN,""
island_finnland,mortgage_real_spread_ec_forecast,,2005-05-01,NaN,""
island_finnland,mortgage_real_spread_ec_forecast,,2005-06-01,NaN,""
island_finnland,mortgage_real_spread_ec_forecast,,2005-07-01,NaN,""
island_finnland,mortgage_real_spread_ec_forecast,,2005-08-01,NaN,""
island_finnland,mortgage_real_spread_ec_forecast,,2005-09-01,NaN,""
island_finnland,mortgage_real_spread_ec_forecast,,2005-10-01,NaN,""
island_finnland,mortgage_real_spread_ec_forecast,,2005-11-01,NaN,""
island_finnland,mortgage_real_spread_ec_forecast,,2005-12-01,NaN,""
island_finnland,mortgage_real_spread_ec_forecast,,2006-01-01,NaN,""
island_finnland,mortgage_real_spread_ec_forecast,,2006-02-01,NaN,""
island_finnland,mortgage_real_spread_ec_forecast,,2006-03-01,NaN,""
island_finnland,mortgage_real_spread_ec_forecast,,2006-04-01,NaN,""
island_finnland,mortgage_real_spread_ec_forecast,,2006-05-01,NaN,""
island_finnland,mortgage_real_spread_ec_forecast,,2006-06-01,NaN,""
island_finnland,mortgage_real_spread_ec_forecast,,2006-07-01,NaN,""
island_finnland,mortgage_real_spread_ec_forecast,,2006-08-01,NaN,""
island_finnland,mortgage_real_spread_ec_forecast,,2006-09-01,NaN,""
island_finnland,mortgage_real_spread_ec_forecast,,2006-10-01,NaN,""
island_finnland,mortgage_real_spread_ec_forecast,,2006-11-01,NaN,""
island_finnland,mortgage_real_spread_ec_forecast,,2006-12-01,NaN,""
island_finnland,mortgage_real_spread_ec_forecast,,2007-01-01,NaN,""
island_finnland,mortgage_real_spread_ec_forecast,,2007-02-01,NaN,""
island_finnland,mortgage_real_spread_ec_forecast,,2007-03-01,NaN,""
island_finnland,mortgage_real_spread_ec_forecast,,2007-04-01,NaN,""
island_finnland,mortgage_real_spread_ec_forecast,,2007-05-01,NaN,""
island_finnland,mortgage_real_spread_ec_forecast,,2007-06-01,NaN,""
island_finnland,mortgage_real_spread_ec_forecast,,2007-07-01,NaN,""
island_finnland,mortgage_real_spread_ec_forecast,,2007-08-01,NaN,""
island_finnland,mortgage_real_spread_ec_forecast,,2007-09-01,NaN,""
island_finnland,mortgage_real_spread_ec_forecast,,2007-10-01,NaN,""
island_finnland,mortgage_real_spread_ec_forecast,,2007-11-01,NaN,""
island_finnland,mortgage_real_spread_ec_forecast,,2007-12-01,NaN,""
island_finnland,mortgage_real_spread_ec_forecast,,2008-01-01,NaN,""
island_finnland,mortgage_real_spread_ec_forecast,,2008-02-01,NaN,""
island_finnland,mortgage_real_spread_ec_forecast,,2008-03-01,NaN,""
island_finnland,mortgage_real_spread_ec_forecast,,2008-04-01,NaN,""
island_finnland,mortgage_real_spread_ec_forecast,,2008-05-01,NaN,""
island_finnland,mortgage_real_spread_ec_forecast,,2008-06-01,NaN,""
island_finnland,mortgage_real_spread_ec_forecast,,2008-07-01,NaN,""
island_finnland,mortgage_real_spread_ec_forecast,,2008-08-01,NaN,""
island_finnland,mortgage_real_spread_ec_forecast,,2008-09-01,NaN,""
island_finnland,mortgage_real_spread_ec_forecast,,2008-10-01,NaN,""
island_finnland,mortgage_real_spread_ec_forecast,,2008-11-01,NaN,""
island_finnland,mortgage_real_spread_ec_forecast,,2008-12-01,NaN,""
island_finnland,mortgage_real_spread_ec_forecast,,2009-01-01,NaN,""
island_finnland,mortgage_real_spread_ec_forecast,,2009-02-01,NaN,""
island_finnland,mortgage_real_spread_ec_forecast,,2009-03-01,NaN,""
island_finnland,mortgage_real_spread_ec_forecast,,2009-04-01,NaN,""
island_finnland,mortgage_real_spread_ec_forecast,,2009-05-01,NaN,""
island_finnland,mortgage_real_spread_ec_forecast,,2009-06-01,NaN,""
island_finnland,mortgage_real_spread_ec_forecast,,2009-07-01,NaN,""
island_finnland,mortgage_real_spread_ec_forecast,,2009-08-01,NaN,""
island_finnland,mortgage_real_spread_ec_forecast,,2009-09-01,NaN,""
island_finnland,mortgage_real_spread_ec_forecast,,2009-10-01,NaN,""
island_finnland,mortgage_real_spread_ec_forecast,,2009-11-01,NaN,""
island_finnland,mortgage_real_spread_ec_forecast,,2009-12-01,NaN,""
island_finnland,mortgage_real_spread_ec_forecast,,2010-01-01,NaN,""
island_finnland,mortgage_real_spread_ec_forecast,,2010-02-01,NaN,""
island_finnland,mortgage_real_spread_ec_forecast,,2010-03-01,NaN,""
island_finnland,mortgage_real_spread_ec_forecast,,2010-04-01,NaN,""
island_finnland,mortgage_real_spread_ec_forecast,,2010-05-01,NaN,""
island_finnland,mortgage_real_spread_ec_forecast,,2010-06-01,NaN,""
island_finnland,mortgage_real_spread_ec_forecast,,2010-07-01,NaN,""
island_finnland,mortgage_real_spread_ec_forecast,,2010-08-01,NaN,""
island_finnland,mortgage_real_spread_ec_forecast,,2010-09-01,NaN,""
island_finnland,mortgage_real_spread_ec_forecast,,2010-10-01,NaN,""
island_finnland,mortgage_real_spread_ec_forecast,,2010-11-01,NaN,""
island_finnland,mortgage_real_spread_ec_forecast,,2010-12-01,NaN,""
island_finnland,mortgage_real_spread_ec_forecast,,2011-01-01,NaN,""
island_finnland,mortgage_real_spread_ec_forecast,,2011-02-01,NaN,""
island_finnland,mortgage_real_spread_ec_forecast,,2011-03-01,NaN,""
island_finnland,mortgage_real_spread_ec_forecast,,2011-04-01,NaN,""
island_finnland,mortgage_real_spread_ec_forecast,,2011-05-01,4.599455,""
island_finnland,mortgage_real_spread_ec_forecast,,2011-06-01,4.589671,""
island_finnland,mortgage_real_spread_ec_forecast,,2011-07-01,4.511394,""
island_finnland,mortgage_real_spread_ec_forecast,,2011-08-01,4.60924,""
island_finnland,mortgage_real_spread_ec_forecast,,2011-09-01,4.619024,""
island_finnland,mortgage_real_spread_ec_forecast,,2011-10-01,4.570101,""
island_finnland,mortgage_real_spread_ec_forecast,,2011-11-01,4.589671,""
island_finnland,mortgage_real_spread_ec_forecast,,2011-12-01,4.60924,""
island_finnland,mortgage_real_spread_ec_forecast,,2012-01-01,4.756008,""
island_finnland,mortgage_real_spread_ec_forecast,,2012-02-01,4.844069,""
island_finnland,mortgage_real_spread_ec_forecast,,2012-03-01,4.990838,""
island_finnland,mortgage_real_spread_ec_forecast,,2012-04-01,4.233939,""
island_finnland,mortgage_real_spread_ec_forecast,,2012-05-01,4.276053,""
island_finnland,mortgage_real_spread_ec_forecast,,2012-06-01,4.242719,""
island_finnland,mortgage_real_spread_ec_forecast,,2012-07-01,4.321093,""
island_finnland,mortgage_real_spread_ec_forecast,,2012-08-01,4.380321,""
island_finnland,mortgage_real_spread_ec_forecast,,2012-09-01,4.283248,""
island_finnland,mortgage_real_spread_ec_forecast,,2012-10-01,4.273451,""
island_finnland,mortgage_real_spread_ec_forecast,,2012-11-01,4.253858,""
island_finnland,mortgage_real_spread_ec_forecast,,2012-12-01,4.234264,""
island_finnland,mortgage_real_spread_ec_forecast,,2013-01-01,4.1265,""
island_finnland,mortgage_real_spread_ec_forecast,,2013-02-01,3.942719,""
island_finnland,mortgage_real_spread_ec_forecast,,2013-03-01,3.942719,""
island_finnland,mortgage_real_spread_ec_forecast,,2013-04-01,3.311612,""
island_finnland,mortgage_real_spread_ec_forecast,,2013-05-01,3.341163,""
island_finnland,mortgage_real_spread_ec_forecast,,2013-06-01,3.311612,""
island_finnland,mortgage_real_spread_ec_forecast,,2013-07-01,3.222211,""
island_finnland,mortgage_real_spread_ec_forecast,,2013-08-01,3.222211,""
island_finnland,mortgage_real_spread_ec_forecast,,2013-09-01,3.261612,""
island_finnland,mortgage_real_spread_ec_forecast,,2013-10-01,3.281313,""
island_finnland,mortgage_real_spread_ec_forecast,,2013-11-01,3.310864,""
island_finnland,mortgage_real_spread_ec_forecast,,2013-12-01,3.281313,""
island_finnland,mortgage_real_spread_ec_forecast,,2014-01-01,3.301013,""
island_finnland,mortgage_real_spread_ec_forecast,,2014-02-01,3.310864,""
island_finnland,mortgage_real_spread_ec_forecast,,2014-03-01,3.335864,""
island_finnland,mortgage_real_spread_ec_forecast,,2014-04-01,2.849483,""
island_finnland,mortgage_real_spread_ec_forecast,,2014-05-01,2.859381,""
island_finnland,mortgage_real_spread_ec_forecast,,2014-06-01,2.958362,""
island_finnland,mortgage_real_spread_ec_forecast,,2014-07-01,2.96826,""
island_finnland,mortgage_real_spread_ec_forecast,,2014-08-01,3.01775,""
island_finnland,mortgage_real_spread_ec_forecast,,2014-09-01,3.126628,""
island_finnland,mortgage_real_spread_ec_forecast,,2014-10-01,3.153193,""
island_finnland,mortgage_real_spread_ec_forecast,,2014-11-01,3.206322,""
island_finnland,mortgage_real_spread_ec_forecast,,2014-12-01,3.206322,""
island_finnland,mortgage_real_spread_ec_forecast,,2015-01-01,3.575608,""
island_finnland,mortgage_real_spread_ec_forecast,,2015-02-01,3.803263,""
island_finnland,mortgage_real_spread_ec_forecast,,2015-03-01,3.731551,""
island_finnland,mortgage_real_spread_ec_forecast,,2015-04-01,3.481256,""
island_finnland,mortgage_real_spread_ec_forecast,,2015-05-01,3.451486,""
island_finnland,mortgage_real_spread_ec_forecast,,2015-06-01,3.451486,""
island_finnland,mortgage_real_spread_ec_forecast,,2015-07-01,3.298307,""
island_finnland,mortgage_real_spread_ec_forecast,,2015-08-01,3.288383,""
island_finnland,mortgage_real_spread_ec_forecast,,2015-09-01,3.338,""
island_finnland,mortgage_real_spread_ec_forecast,,2015-10-01,3.325701,""
island_finnland,mortgage_real_spread_ec_forecast,,2015-11-01,3.364206,""
island_finnland,mortgage_real_spread_ec_forecast,,2015-12-01,3.374129,""
island_finnland,mortgage_real_spread_ec_forecast,,2016-01-01,3.403898,""
island_finnland,mortgage_real_spread_ec_forecast,,2016-02-01,3.453515,""
island_finnland,mortgage_real_spread_ec_forecast,,2016-03-01,3.463438,""
island_finnland,mortgage_real_spread_ec_forecast,,2016-04-01,3.469466,""
island_finnland,mortgage_real_spread_ec_forecast,,2016-05-01,3.479387,""
island_finnland,mortgage_real_spread_ec_forecast,,2016-06-01,3.489307,""
island_finnland,mortgage_real_spread_ec_forecast,,2016-07-01,3.499227,""
island_finnland,mortgage_real_spread_ec_forecast,,2016-08-01,3.499227,""
island_finnland,mortgage_real_spread_ec_forecast,,2016-09-01,3.519068,""
island_finnland,mortgage_real_spread_ec_forecast,,2016-10-01,3.519068,""
island_finnland,mortgage_real_spread_ec_forecast,,2016-11-01,3.519068,""
island_finnland,mortgage_real_spread_ec_forecast,,2016-12-01,3.528988,""
island_finnland,mortgage_real_spread_ec_forecast,,2017-01-01,3.538909,""
island_finnland,mortgage_real_spread_ec_forecast,,2017-02-01,3.561131,""
island_finnland,mortgage_real_spread_ec_forecast,,2017-03-01,3.582162,""
island_finnland,mortgage_real_spread_ec_forecast,,2017-04-01,4.275758,""
island_finnland,mortgage_real_spread_ec_forecast,,2017-05-01,4.295468,""
island_finnland,mortgage_real_spread_ec_forecast,,2017-06-01,4.305322,""
island_finnland,mortgage_real_spread_ec_forecast,,2017-07-01,4.285613,""
island_finnland,mortgage_real_spread_ec_forecast,,2017-08-01,4.305322,""
island_finnland,mortgage_real_spread_ec_forecast,,2017-09-01,4.33363,""
island_finnland,mortgage_real_spread_ec_forecast,,2017-10-01,4.331117,""
island_finnland,mortgage_real_spread_ec_forecast,,2017-11-01,4.331117,""
island_finnland,mortgage_real_spread_ec_forecast,,2017-12-01,4.350826,""
island_finnland,mortgage_real_spread_ec_forecast,,2018-01-01,4.360681,""
island_finnland,mortgage_real_spread_ec_forecast,,2018-02-01,4.370535,""
island_finnland,mortgage_real_spread_ec_forecast,,2018-03-01,4.38039,""
island_finnland,mortgage_real_spread_ec_forecast,,2018-04-01,4.484058,""
island_finnland,mortgage_real_spread_ec_forecast,,2018-05-01,4.503752,""
island_finnland,mortgage_real_spread_ec_forecast,,2018-06-01,4.513599,""
island_finnland,mortgage_real_spread_ec_forecast,,2018-07-01,4.477238,""
island_finnland,mortgage_real_spread_ec_forecast,,2018-08-01,4.477238,""
island_finnland,mortgage_real_spread_ec_forecast,,2018-09-01,4.487086,""
island_finnland,mortgage_real_spread_ec_forecast,,2018-10-01,4.467391,""
island_finnland,mortgage_real_spread_ec_forecast,,2018-11-01,4.471835,""
island_finnland,mortgage_real_spread_ec_forecast,,2018-12-01,4.450572,""
island_finnland,mortgage_real_spread_ec_forecast,,2019-01-01,4.429613,""
island_finnland,mortgage_real_spread_ec_forecast,,2019-02-01,4.44678,""
island_finnland,mortgage_real_spread_ec_forecast,,2019-03-01,4.33678,""
island_finnland,mortgage_real_spread_ec_forecast,,2019-04-01,4.174963,""
island_finnland,mortgage_real_spread_ec_forecast,,2019-05-01,4.17927,""
island_finnland,mortgage_real_spread_ec_forecast,,2019-06-01,3.969968,""
island_finnland,mortgage_real_spread_ec_forecast,,2019-07-01,3.913164,""
island_finnland,mortgage_real_spread_ec_forecast,,2019-08-01,3.921778,""
island_finnland,mortgage_real_spread_ec_forecast,,2019-09-01,3.887196,""
island_finnland,mortgage_real_spread_ec_forecast,,2019-10-01,3.798307,""
island_finnland,mortgage_real_spread_ec_forecast,,2019-11-01,3.76872,""
island_finnland,mortgage_real_spread_ec_forecast,,2019-12-01,3.76872,""
island_finnland,mortgage_real_spread_ec_forecast,,2020-01-01,3.748995,""
island_finnland,mortgage_real_spread_ec_forecast,,2020-02-01,3.745249,""
island_finnland,mortgage_real_spread_ec_forecast,,2020-03-01,3.584825,""
island_finnland,mortgage_real_spread_ec_forecast,,2020-04-01,2.45933,""
island_finnland,mortgage_real_spread_ec_forecast,,2020-05-01,2.446703,""
island_finnland,mortgage_real_spread_ec_forecast,,2020-06-01,2.236434,""
island_finnland,mortgage_real_spread_ec_forecast,,2020-07-01,2.246366,""
island_finnland,mortgage_real_spread_ec_forecast,,2020-08-01,2.256299,""
island_finnland,mortgage_real_spread_ec_forecast,,2020-09-01,2.198386,""
island_finnland,mortgage_real_spread_ec_forecast,,2020-10-01,2.09283,""
island_finnland,mortgage_real_spread_ec_forecast,,2020-11-01,2.146029,""
island_finnland,mortgage_real_spread_ec_forecast,,2020-12-01,2.136096,""
island_finnland,mortgage_real_spread_ec_forecast,,2021-01-01,2.126164,""
island_finnland,mortgage_real_spread_ec_forecast,,2021-02-01,2.136096,""
island_finnland,mortgage_real_spread_ec_forecast,,2021-03-01,2.136096,""
island_finnland,mortgage_real_spread_ec_forecast,,2021-04-01,2.922647,""
island_finnland,mortgage_real_spread_ec_forecast,,2021-05-01,2.889314,""
island_finnland,mortgage_real_spread_ec_forecast,,2021-06-01,2.889314,""
island_finnland,mortgage_real_spread_ec_forecast,,2021-07-01,2.869603,""
island_finnland,mortgage_real_spread_ec_forecast,,2021-08-01,2.889314,""
island_finnland,mortgage_real_spread_ec_forecast,,2021-09-01,2.879458,""
island_finnland,mortgage_real_spread_ec_forecast,,2021-10-01,2.869603,""
island_finnland,mortgage_real_spread_ec_forecast,,2021-11-01,2.840036,""
island_finnland,mortgage_real_spread_ec_forecast,,2021-12-01,2.570325,""
island_finnland,mortgage_real_spread_ec_forecast,,2022-01-01,2.570325,""
island_finnland,mortgage_real_spread_ec_forecast,,2022-02-01,2.481626,""
island_finnland,mortgage_real_spread_ec_forecast,,2022-03-01,2.211915,""
island_finnland,mortgage_real_spread_ec_forecast,,2022-04-01,4.929676,""
island_finnland,mortgage_real_spread_ec_forecast,,2022-05-01,4.604237,""
island_finnland,mortgage_real_spread_ec_forecast,,2022-06-01,4.295538,""
island_finnland,mortgage_real_spread_ec_forecast,,2022-07-01,4.680041,""
island_finnland,mortgage_real_spread_ec_forecast,,2022-08-01,4.529895,""
island_finnland,mortgage_real_spread_ec_forecast,,2022-09-01,4.026239,""
island_finnland,mortgage_real_spread_ec_forecast,,2022-10-01,4.095829,""
island_finnland,mortgage_real_spread_ec_forecast,,2022-11-01,4.331867,""
island_finnland,mortgage_real_spread_ec_forecast,,2022-12-01,4.287642,""
island_finnland,mortgage_real_spread_ec_forecast,,2023-01-01,4.244367,""
island_finnland,mortgage_real_spread_ec_forecast,,2023-02-01,3.99539,""
island_finnland,mortgage_real_spread_ec_forecast,,2023-03-01,3.90387,""
island_finnland,mortgage_real_spread_ec_forecast,,2023-04-01,3.690368,""
island_finnland,mortgage_real_spread_ec_forecast,,2023-05-01,3.536952,""
island_finnland,mortgage_real_spread_ec_forecast,,2023-06-01,3.364359,""
island_finnland,mortgage_real_spread_ec_forecast,,2023-07-01,3.249298,""
island_finnland,mortgage_real_spread_ec_forecast,,2023-08-01,3.153413,""
island_finnland,mortgage_real_spread_ec_forecast,,2023-09-01,3.382795,""
island_finnland,mortgage_real_spread_ec_forecast,,2023-10-01,3.575265,""
island_finnland,mortgage_real_spread_ec_forecast,,2023-11-01,3.946952,""
island_finnland,mortgage_real_spread_ec_forecast,,2023-12-01,3.824647,""
island_finnland,mortgage_real_spread_ec_forecast,,2024-01-01,4.005841,""
island_finnland,mortgage_real_spread_ec_forecast,,2024-02-01,3.994277,""
island_finnland,mortgage_real_spread_ec_forecast,,2024-03-01,3.9751,""
island_finnland,mortgage_real_spread_ec_forecast,,2024-04-01,2.016189,""
island_finnland,mortgage_real_spread_ec_forecast,,2024-05-01,2.205078,""
island_finnland,mortgage_real_spread_ec_forecast,,2024-06-01,2.234413,""
island_finnland,mortgage_real_spread_ec_forecast,,2024-07-01,2.302862,""
island_finnland,mortgage_real_spread_ec_forecast,,2024-08-01,2.547324,""
island_finnland,mortgage_real_spread_ec_forecast,,2024-09-01,2.878892,""
island_finnland,mortgage_real_spread_ec_forecast,,2024-10-01,3.349574,""
island_finnland,mortgage_real_spread_ec_forecast,,2024-11-01,3.458694,""
island_finnland,mortgage_real_spread_ec_forecast,,2024-12-01,3.623146,""
island_finnland,mortgage_real_spread_ec_forecast,,2025-01-01,3.603589,""
island_finnland,mortgage_real_spread_ec_forecast,,2025-02-01,3.701373,""
island_finnland,mortgage_real_spread_ec_forecast,,2025-03-01,3.740487,""
island_finnland,mortgage_real_spread_ec_forecast,,2025-04-01,3.582868,""
island_finnland,mortgage_real_spread_ec_forecast,,2025-05-01,3.631946,""
island_finnland,mortgage_real_spread_ec_forecast,,2025-06-01,3.689545,""
island_finnland,mortgage_real_spread_ec_forecast,,2025-07-01,3.664358,""
island_finnland,mortgage_real_spread_ec_forecast,,2025-08-01,3.654542,""
island_finnland,mortgage_real_spread_ec_forecast,,2025-09-01,3.644726,""
island_finnland,mortgage_real_spread_ec_forecast,,2025-10-01,3.644726,""
island_finnland,mortgage_real_spread_ec_forecast,,2025-11-01,3.793057,""
island_finnland,mortgage_real_spread_ec_forecast,,2025-12-01,3.699908,""
island_finnland,mortgage_real_spread_ec_forecast,,2026-01-01,3.732504,""
island_finnland,mortgage_real_spread_ec_forecast,,2026-02-01,3.737875,""
island_finnland,mortgage_real_spread_ec_forecast,,2026-03-01,3.558229,""
island_finnland,mortgage_real_spread_ec_forecast,,2026-04-01,4.186251,""
island_finnland,mortgage_real_spread_ec_forecast,,2026-05-01,NaN,""
island_finnland,mortgage_real_spread_ec_forecast,,2026-06-01,NaN,""
island_finnland,mortgage_real_spread_baseline,,1999-01-01,NaN,""
island_finnland,mortgage_real_spread_baseline,,1999-02-01,NaN,""
island_finnland,mortgage_real_spread_baseline,,1999-03-01,NaN,""
island_finnland,mortgage_real_spread_baseline,,1999-04-01,NaN,""
island_finnland,mortgage_real_spread_baseline,,1999-05-01,NaN,""
island_finnland,mortgage_real_spread_baseline,,1999-06-01,NaN,""
island_finnland,mortgage_real_spread_baseline,,1999-07-01,NaN,""
island_finnland,mortgage_real_spread_baseline,,1999-08-01,NaN,""
island_finnland,mortgage_real_spread_baseline,,1999-09-01,NaN,""
island_finnland,mortgage_real_spread_baseline,,1999-10-01,NaN,""
island_finnland,mortgage_real_spread_baseline,,1999-11-01,NaN,""
island_finnland,mortgage_real_spread_baseline,,1999-12-01,NaN,""
island_finnland,mortgage_real_spread_baseline,,2000-01-01,NaN,""
island_finnland,mortgage_real_spread_baseline,,2000-02-01,NaN,""
island_finnland,mortgage_real_spread_baseline,,2000-03-01,NaN,""
island_finnland,mortgage_real_spread_baseline,,2000-04-01,NaN,""
island_finnland,mortgage_real_spread_baseline,,2000-05-01,NaN,""
island_finnland,mortgage_real_spread_baseline,,2000-06-01,NaN,""
island_finnland,mortgage_real_spread_baseline,,2000-07-01,NaN,""
island_finnland,mortgage_real_spread_baseline,,2000-08-01,NaN,""
island_finnland,mortgage_real_spread_baseline,,2000-09-01,NaN,""
island_finnland,mortgage_real_spread_baseline,,2000-10-01,NaN,""
island_finnland,mortgage_real_spread_baseline,,2000-11-01,NaN,""
island_finnland,mortgage_real_spread_baseline,,2000-12-01,NaN,""
island_finnland,mortgage_real_spread_baseline,,2001-01-01,NaN,""
island_finnland,mortgage_real_spread_baseline,,2001-02-01,NaN,""
island_finnland,mortgage_real_spread_baseline,,2001-03-01,NaN,""
island_finnland,mortgage_real_spread_baseline,,2001-04-01,NaN,""
island_finnland,mortgage_real_spread_baseline,,2001-05-01,NaN,""
island_finnland,mortgage_real_spread_baseline,,2001-06-01,NaN,""
island_finnland,mortgage_real_spread_baseline,,2001-07-01,NaN,""
island_finnland,mortgage_real_spread_baseline,,2001-08-01,NaN,""
island_finnland,mortgage_real_spread_baseline,,2001-09-01,NaN,""
island_finnland,mortgage_real_spread_baseline,,2001-10-01,NaN,""
island_finnland,mortgage_real_spread_baseline,,2001-11-01,NaN,""
island_finnland,mortgage_real_spread_baseline,,2001-12-01,NaN,""
island_finnland,mortgage_real_spread_baseline,,2002-01-01,NaN,""
island_finnland,mortgage_real_spread_baseline,,2002-02-01,NaN,""
island_finnland,mortgage_real_spread_baseline,,2002-03-01,NaN,""
island_finnland,mortgage_real_spread_baseline,,2002-04-01,NaN,""
island_finnland,mortgage_real_spread_baseline,,2002-05-01,NaN,""
island_finnland,mortgage_real_spread_baseline,,2002-06-01,NaN,""
island_finnland,mortgage_real_spread_baseline,,2002-07-01,NaN,""
island_finnland,mortgage_real_spread_baseline,,2002-08-01,NaN,""
island_finnland,mortgage_real_spread_baseline,,2002-09-01,NaN,""
island_finnland,mortgage_real_spread_baseline,,2002-10-01,NaN,""
island_finnland,mortgage_real_spread_baseline,,2002-11-01,NaN,""
island_finnland,mortgage_real_spread_baseline,,2002-12-01,NaN,""
island_finnland,mortgage_real_spread_baseline,,2003-01-01,NaN,""
island_finnland,mortgage_real_spread_baseline,,2003-02-01,NaN,""
island_finnland,mortgage_real_spread_baseline,,2003-03-01,NaN,""
island_finnland,mortgage_real_spread_baseline,,2003-04-01,NaN,""
island_finnland,mortgage_real_spread_baseline,,2003-05-01,NaN,""
island_finnland,mortgage_real_spread_baseline,,2003-06-01,NaN,""
island_finnland,mortgage_real_spread_baseline,,2003-07-01,NaN,""
island_finnland,mortgage_real_spread_baseline,,2003-08-01,NaN,""
island_finnland,mortgage_real_spread_baseline,,2003-09-01,NaN,""
island_finnland,mortgage_real_spread_baseline,,2003-10-01,NaN,""
island_finnland,mortgage_real_spread_baseline,,2003-11-01,NaN,""
island_finnland,mortgage_real_spread_baseline,,2003-12-01,NaN,""
island_finnland,mortgage_real_spread_baseline,,2004-01-01,NaN,""
island_finnland,mortgage_real_spread_baseline,,2004-02-01,NaN,""
island_finnland,mortgage_real_spread_baseline,,2004-03-01,NaN,""
island_finnland,mortgage_real_spread_baseline,,2004-04-01,NaN,""
island_finnland,mortgage_real_spread_baseline,,2004-05-01,NaN,""
island_finnland,mortgage_real_spread_baseline,,2004-06-01,NaN,""
island_finnland,mortgage_real_spread_baseline,,2004-07-01,NaN,""
island_finnland,mortgage_real_spread_baseline,,2004-08-01,NaN,""
island_finnland,mortgage_real_spread_baseline,,2004-09-01,3.030865,""
island_finnland,mortgage_real_spread_baseline,,2004-10-01,3.102326,""
island_finnland,mortgage_real_spread_baseline,,2004-11-01,3.039776,""
island_finnland,mortgage_real_spread_baseline,,2004-12-01,2.977845,""
island_finnland,mortgage_real_spread_baseline,,2005-01-01,2.909622,""
island_finnland,mortgage_real_spread_baseline,,2005-02-01,2.933491,""
island_finnland,mortgage_real_spread_baseline,,2005-03-01,2.956948,""
island_finnland,mortgage_real_spread_baseline,,2005-04-01,3.010268,""
island_finnland,mortgage_real_spread_baseline,,2005-05-01,3.118394,""
island_finnland,mortgage_real_spread_baseline,,2005-06-01,3.227135,""
island_finnland,mortgage_real_spread_baseline,,2005-07-01,3.217424,""
island_finnland,mortgage_real_spread_baseline,,2005-08-01,3.243707,""
island_finnland,mortgage_real_spread_baseline,,2005-09-01,3.309155,""
island_finnland,mortgage_real_spread_baseline,,2005-10-01,3.303855,""
island_finnland,mortgage_real_spread_baseline,,2005-11-01,3.104937,""
island_finnland,mortgage_real_spread_baseline,,2005-12-01,3.136171,""
island_finnland,mortgage_real_spread_baseline,,2006-01-01,3.085983,""
island_finnland,mortgage_real_spread_baseline,,2006-02-01,3.07751,""
island_finnland,mortgage_real_spread_baseline,,2006-03-01,3.038398,""
island_finnland,mortgage_real_spread_baseline,,2006-04-01,3.266538,""
island_finnland,mortgage_real_spread_baseline,,2006-05-01,3.318291,""
island_finnland,mortgage_real_spread_baseline,,2006-06-01,3.427844,""
island_finnland,mortgage_real_spread_baseline,,2006-07-01,3.381784,""
island_finnland,mortgage_real_spread_baseline,,2006-08-01,3.304611,""
island_finnland,mortgage_real_spread_baseline,,2006-09-01,3.171134,""
island_finnland,mortgage_real_spread_baseline,,2006-10-01,3.077286,""
island_finnland,mortgage_real_spread_baseline,,2006-11-01,2.924637,""
island_finnland,mortgage_real_spread_baseline,,2006-12-01,2.821751,""
island_finnland,mortgage_real_spread_baseline,,2007-01-01,2.62575,""
island_finnland,mortgage_real_spread_baseline,,2007-02-01,2.538815,""
island_finnland,mortgage_real_spread_baseline,,2007-03-01,2.491929,""
island_finnland,mortgage_real_spread_baseline,,2007-04-01,2.385346,""
island_finnland,mortgage_real_spread_baseline,,2007-05-01,2.310311,""
island_finnland,mortgage_real_spread_baseline,,2007-06-01,2.233365,""
island_finnland,mortgage_real_spread_baseline,,2007-07-01,2.322132,""
island_finnland,mortgage_real_spread_baseline,,2007-08-01,2.693824,""
island_finnland,mortgage_real_spread_baseline,,2007-09-01,2.840676,""
island_finnland,mortgage_real_spread_baseline,,2007-10-01,2.985286,""
island_finnland,mortgage_real_spread_baseline,,2007-11-01,3.422717,""
island_finnland,mortgage_real_spread_baseline,,2007-12-01,3.626694,""
island_finnland,mortgage_real_spread_baseline,,2008-01-01,3.797723,""
island_finnland,mortgage_real_spread_baseline,,2008-02-01,3.958881,""
island_finnland,mortgage_real_spread_baseline,,2008-03-01,4.040639,""
island_finnland,mortgage_real_spread_baseline,,2008-04-01,4.185748,""
island_finnland,mortgage_real_spread_baseline,,2008-05-01,4.248755,""
island_finnland,mortgage_real_spread_baseline,,2008-06-01,4.258588,""
island_finnland,mortgage_real_spread_baseline,,2008-07-01,4.030051,""
island_finnland,mortgage_real_spread_baseline,,2008-08-01,3.889582,""
island_finnland,mortgage_real_spread_baseline,,2008-09-01,3.768381,""
island_finnland,mortgage_real_spread_baseline,,2008-10-01,3.570755,""
island_finnland,mortgage_real_spread_baseline,,2008-11-01,3.602206,""
island_finnland,mortgage_real_spread_baseline,,2008-12-01,3.975306,""
island_finnland,mortgage_real_spread_baseline,,2009-01-01,4.295624,""
island_finnland,mortgage_real_spread_baseline,,2009-02-01,4.530161,""
island_finnland,mortgage_real_spread_baseline,,2009-03-01,4.639349,""
island_finnland,mortgage_real_spread_baseline,,2009-04-01,4.429087,""
island_finnland,mortgage_real_spread_baseline,,2009-05-01,4.390537,""
island_finnland,mortgage_real_spread_baseline,,2009-06-01,4.325858,""
island_finnland,mortgage_real_spread_baseline,,2009-07-01,4.41912,""
island_finnland,mortgage_real_spread_baseline,,2009-08-01,4.283332,""
island_finnland,mortgage_real_spread_baseline,,2009-09-01,4.389643,""
island_finnland,mortgage_real_spread_baseline,,2009-10-01,4.44675,""
island_finnland,mortgage_real_spread_baseline,,2009-11-01,4.900364,""
island_finnland,mortgage_real_spread_baseline,,2009-12-01,4.96495,""
island_finnland,mortgage_real_spread_baseline,,2010-01-01,4.92392,""
island_finnland,mortgage_real_spread_baseline,,2010-02-01,4.967422,""
island_finnland,mortgage_real_spread_baseline,,2010-03-01,5.061369,""
island_finnland,mortgage_real_spread_baseline,,2010-04-01,5.096236,""
island_finnland,mortgage_real_spread_baseline,,2010-05-01,5.103603,""
island_finnland,mortgage_real_spread_baseline,,2010-06-01,5.111541,""
island_finnland,mortgage_real_spread_baseline,,2010-07-01,4.990803,""
island_finnland,mortgage_real_spread_baseline,,2010-08-01,4.948564,""
island_finnland,mortgage_real_spread_baseline,,2010-09-01,4.945741,""
island_finnland,mortgage_real_spread_baseline,,2010-10-01,4.88358,""
island_finnland,mortgage_real_spread_baseline,,2010-11-01,4.955682,""
island_finnland,mortgage_real_spread_baseline,,2010-12-01,5.102335,""
island_finnland,mortgage_real_spread_baseline,,2011-01-01,5.232902,""
island_finnland,mortgage_real_spread_baseline,,2011-02-01,5.267248,""
island_finnland,mortgage_real_spread_baseline,,2011-03-01,NaN,""
island_finnland,mortgage_real_spread_baseline,,2011-04-01,NaN,""
island_finnland,mortgage_real_spread_baseline,,2011-05-01,4.599455,""
island_finnland,mortgage_real_spread_baseline,,2011-06-01,4.589671,""
island_finnland,mortgage_real_spread_baseline,,2011-07-01,4.511394,""
island_finnland,mortgage_real_spread_baseline,,2011-08-01,4.60924,""
island_finnland,mortgage_real_spread_baseline,,2011-09-01,4.619024,""
island_finnland,mortgage_real_spread_baseline,,2011-10-01,4.570101,""
island_finnland,mortgage_real_spread_baseline,,2011-11-01,4.589671,""
island_finnland,mortgage_real_spread_baseline,,2011-12-01,4.60924,""
island_finnland,mortgage_real_spread_baseline,,2012-01-01,4.756008,""
island_finnland,mortgage_real_spread_baseline,,2012-02-01,4.844069,""
island_finnland,mortgage_real_spread_baseline,,2012-03-01,4.990838,""
island_finnland,mortgage_real_spread_baseline,,2012-04-01,4.233939,""
island_finnland,mortgage_real_spread_baseline,,2012-05-01,4.276052,""
island_finnland,mortgage_real_spread_baseline,,2012-06-01,4.242719,""
island_finnland,mortgage_real_spread_baseline,,2012-07-01,4.321093,""
island_finnland,mortgage_real_spread_baseline,,2012-08-01,4.380321,""
island_finnland,mortgage_real_spread_baseline,,2012-09-01,4.283248,""
island_finnland,mortgage_real_spread_baseline,,2012-10-01,4.273451,""
island_finnland,mortgage_real_spread_baseline,,2012-11-01,4.253858,""
island_finnland,mortgage_real_spread_baseline,,2012-12-01,4.234264,""
island_finnland,mortgage_real_spread_baseline,,2013-01-01,4.1265,""
island_finnland,mortgage_real_spread_baseline,,2013-02-01,3.942719,""
island_finnland,mortgage_real_spread_baseline,,2013-03-01,3.942719,""
island_finnland,mortgage_real_spread_baseline,,2013-04-01,3.311612,""
island_finnland,mortgage_real_spread_baseline,,2013-05-01,3.341162,""
island_finnland,mortgage_real_spread_baseline,,2013-06-01,3.311612,""
island_finnland,mortgage_real_spread_baseline,,2013-07-01,3.22221,""
island_finnland,mortgage_real_spread_baseline,,2013-08-01,3.22221,""
island_finnland,mortgage_real_spread_baseline,,2013-09-01,3.261612,""
island_finnland,mortgage_real_spread_baseline,,2013-10-01,3.281312,""
island_finnland,mortgage_real_spread_baseline,,2013-11-01,3.310863,""
island_finnland,mortgage_real_spread_baseline,,2013-12-01,3.281312,""
island_finnland,mortgage_real_spread_baseline,,2014-01-01,3.301013,""
island_finnland,mortgage_real_spread_baseline,,2014-02-01,3.310863,""
island_finnland,mortgage_real_spread_baseline,,2014-03-01,3.335863,""
island_finnland,mortgage_real_spread_baseline,,2014-04-01,2.849483,""
island_finnland,mortgage_real_spread_baseline,,2014-05-01,2.859381,""
island_finnland,mortgage_real_spread_baseline,,2014-06-01,2.958362,""
island_finnland,mortgage_real_spread_baseline,,2014-07-01,2.96826,""
island_finnland,mortgage_real_spread_baseline,,2014-08-01,3.01775,""
island_finnland,mortgage_real_spread_baseline,,2014-09-01,3.126628,""
island_finnland,mortgage_real_spread_baseline,,2014-10-01,3.153193,""
island_finnland,mortgage_real_spread_baseline,,2014-11-01,3.206322,""
island_finnland,mortgage_real_spread_baseline,,2014-12-01,3.206322,""
island_finnland,mortgage_real_spread_baseline,,2015-01-01,3.575608,""
island_finnland,mortgage_real_spread_baseline,,2015-02-01,3.803263,""
island_finnland,mortgage_real_spread_baseline,,2015-03-01,3.731551,""
island_finnland,mortgage_real_spread_baseline,,2015-04-01,3.481256,""
island_finnland,mortgage_real_spread_baseline,,2015-05-01,3.451486,""
island_finnland,mortgage_real_spread_baseline,,2015-06-01,3.451486,""
island_finnland,mortgage_real_spread_baseline,,2015-07-01,3.298307,""
island_finnland,mortgage_real_spread_baseline,,2015-08-01,3.288384,""
island_finnland,mortgage_real_spread_baseline,,2015-09-01,3.338,""
island_finnland,mortgage_real_spread_baseline,,2015-10-01,3.325701,""
island_finnland,mortgage_real_spread_baseline,,2015-11-01,3.364206,""
island_finnland,mortgage_real_spread_baseline,,2015-12-01,3.37413,""
island_finnland,mortgage_real_spread_baseline,,2016-01-01,3.403899,""
island_finnland,mortgage_real_spread_baseline,,2016-02-01,3.453515,""
island_finnland,mortgage_real_spread_baseline,,2016-03-01,3.463439,""
island_finnland,mortgage_real_spread_baseline,,2016-04-01,3.469466,""
island_finnland,mortgage_real_spread_baseline,,2016-05-01,3.479386,""
island_finnland,mortgage_real_spread_baseline,,2016-06-01,3.489306,""
island_finnland,mortgage_real_spread_baseline,,2016-07-01,3.499227,""
island_finnland,mortgage_real_spread_baseline,,2016-08-01,3.499227,""
island_finnland,mortgage_real_spread_baseline,,2016-09-01,3.519067,""
island_finnland,mortgage_real_spread_baseline,,2016-10-01,3.519067,""
island_finnland,mortgage_real_spread_baseline,,2016-11-01,3.519067,""
island_finnland,mortgage_real_spread_baseline,,2016-12-01,3.528988,""
island_finnland,mortgage_real_spread_baseline,,2017-01-01,3.538908,""
island_finnland,mortgage_real_spread_baseline,,2017-02-01,3.561131,""
island_finnland,mortgage_real_spread_baseline,,2017-03-01,3.582162,""
island_finnland,mortgage_real_spread_baseline,,2017-04-01,4.275758,""
island_finnland,mortgage_real_spread_baseline,,2017-05-01,4.295468,""
island_finnland,mortgage_real_spread_baseline,,2017-06-01,4.305322,""
island_finnland,mortgage_real_spread_baseline,,2017-07-01,4.285613,""
island_finnland,mortgage_real_spread_baseline,,2017-08-01,4.305322,""
island_finnland,mortgage_real_spread_baseline,,2017-09-01,4.33363,""
island_finnland,mortgage_real_spread_baseline,,2017-10-01,4.331116,""
island_finnland,mortgage_real_spread_baseline,,2017-11-01,4.331116,""
island_finnland,mortgage_real_spread_baseline,,2017-12-01,4.350825,""
island_finnland,mortgage_real_spread_baseline,,2018-01-01,4.36068,""
island_finnland,mortgage_real_spread_baseline,,2018-02-01,4.370535,""
island_finnland,mortgage_real_spread_baseline,,2018-03-01,4.380389,""
island_finnland,mortgage_real_spread_baseline,,2018-04-01,4.484057,""
island_finnland,mortgage_real_spread_baseline,,2018-05-01,4.503752,""
island_finnland,mortgage_real_spread_baseline,,2018-06-01,4.513599,""
island_finnland,mortgage_real_spread_baseline,,2018-07-01,4.477239,""
island_finnland,mortgage_real_spread_baseline,,2018-08-01,4.477239,""
island_finnland,mortgage_real_spread_baseline,,2018-09-01,4.487086,""
island_finnland,mortgage_real_spread_baseline,,2018-10-01,4.467391,""
island_finnland,mortgage_real_spread_baseline,,2018-11-01,4.471835,""
island_finnland,mortgage_real_spread_baseline,,2018-12-01,4.450572,""
island_finnland,mortgage_real_spread_baseline,,2019-01-01,4.429613,""
island_finnland,mortgage_real_spread_baseline,,2019-02-01,4.446781,""
island_finnland,mortgage_real_spread_baseline,,2019-03-01,4.336781,""
island_finnland,mortgage_real_spread_baseline,,2019-04-01,4.174962,""
island_finnland,mortgage_real_spread_baseline,,2019-05-01,4.179269,""
island_finnland,mortgage_real_spread_baseline,,2019-06-01,3.969967,""
island_finnland,mortgage_real_spread_baseline,,2019-07-01,3.913164,""
island_finnland,mortgage_real_spread_baseline,,2019-08-01,3.921778,""
island_finnland,mortgage_real_spread_baseline,,2019-09-01,3.887196,""
island_finnland,mortgage_real_spread_baseline,,2019-10-01,3.798307,""
island_finnland,mortgage_real_spread_baseline,,2019-11-01,3.768719,""
island_finnland,mortgage_real_spread_baseline,,2019-12-01,3.768719,""
island_finnland,mortgage_real_spread_baseline,,2020-01-01,3.748994,""
island_finnland,mortgage_real_spread_baseline,,2020-02-01,3.745249,""
island_finnland,mortgage_real_spread_baseline,,2020-03-01,3.584825,""
island_finnland,mortgage_real_spread_baseline,,2020-04-01,2.45933,""
island_finnland,mortgage_real_spread_baseline,,2020-05-01,2.446703,""
island_finnland,mortgage_real_spread_baseline,,2020-06-01,2.236434,""
island_finnland,mortgage_real_spread_baseline,,2020-07-01,2.246366,""
island_finnland,mortgage_real_spread_baseline,,2020-08-01,2.256299,""
island_finnland,mortgage_real_spread_baseline,,2020-09-01,2.198386,""
island_finnland,mortgage_real_spread_baseline,,2020-10-01,2.09283,""
island_finnland,mortgage_real_spread_baseline,,2020-11-01,2.146029,""
island_finnland,mortgage_real_spread_baseline,,2020-12-01,2.136096,""
island_finnland,mortgage_real_spread_baseline,,2021-01-01,2.126164,""
island_finnland,mortgage_real_spread_baseline,,2021-02-01,2.136096,""
island_finnland,mortgage_real_spread_baseline,,2021-03-01,2.136096,""
island_finnland,mortgage_real_spread_baseline,,2021-04-01,2.922648,""
island_finnland,mortgage_real_spread_baseline,,2021-05-01,2.889314,""
island_finnland,mortgage_real_spread_baseline,,2021-06-01,2.889314,""
island_finnland,mortgage_real_spread_baseline,,2021-07-01,2.869603,""
island_finnland,mortgage_real_spread_baseline,,2021-08-01,2.889314,""
island_finnland,mortgage_real_spread_baseline,,2021-09-01,2.879458,""
island_finnland,mortgage_real_spread_baseline,,2021-10-01,2.869603,""
island_finnland,mortgage_real_spread_baseline,,2021-11-01,2.840036,""
island_finnland,mortgage_real_spread_baseline,,2021-12-01,2.570325,""
island_finnland,mortgage_real_spread_baseline,,2022-01-01,2.570325,""
island_finnland,mortgage_real_spread_baseline,,2022-02-01,2.481626,""
island_finnland,mortgage_real_spread_baseline,,2022-03-01,2.211915,""
island_finnland,mortgage_real_spread_baseline,,2022-04-01,4.929676,""
island_finnland,mortgage_real_spread_baseline,,2022-05-01,4.604238,""
island_finnland,mortgage_real_spread_baseline,,2022-06-01,4.295538,""
island_finnland,mortgage_real_spread_baseline,,2022-07-01,4.680041,""
island_finnland,mortgage_real_spread_baseline,,2022-08-01,4.529894,""
island_finnland,mortgage_real_spread_baseline,,2022-09-01,4.026239,""
island_finnland,mortgage_real_spread_baseline,,2022-10-01,4.095829,""
island_finnland,mortgage_real_spread_baseline,,2022-11-01,4.331867,""
island_finnland,mortgage_real_spread_baseline,,2022-12-01,4.287642,""
island_finnland,mortgage_real_spread_baseline,,2023-01-01,4.244367,""
island_finnland,mortgage_real_spread_baseline,,2023-02-01,3.99539,""
island_finnland,mortgage_real_spread_baseline,,2023-03-01,3.90387,""
island_finnland,mortgage_real_spread_baseline,,2023-04-01,3.690368,""
island_finnland,mortgage_real_spread_baseline,,2023-05-01,3.536952,""
island_finnland,mortgage_real_spread_baseline,,2023-06-01,3.364359,""
island_finnland,mortgage_real_spread_baseline,,2023-07-01,3.249298,""
island_finnland,mortgage_real_spread_baseline,,2023-08-01,3.153413,""
island_finnland,mortgage_real_spread_baseline,,2023-09-01,3.382796,""
island_finnland,mortgage_real_spread_baseline,,2023-10-01,3.575265,""
island_finnland,mortgage_real_spread_baseline,,2023-11-01,3.946952,""
island_finnland,mortgage_real_spread_baseline,,2023-12-01,3.824647,""
island_finnland,mortgage_real_spread_baseline,,2024-01-01,4.005841,""
island_finnland,mortgage_real_spread_baseline,,2024-02-01,3.994278,""
island_finnland,mortgage_real_spread_baseline,,2024-03-01,3.975101,""
island_finnland,mortgage_real_spread_baseline,,2024-04-01,2.016189,""
island_finnland,mortgage_real_spread_baseline,,2024-05-01,2.205078,""
island_finnland,mortgage_real_spread_baseline,,2024-06-01,2.234413,""
island_finnland,mortgage_real_spread_baseline,,2024-07-01,2.302863,""
island_finnland,mortgage_real_spread_baseline,,2024-08-01,2.547324,""
island_finnland,mortgage_real_spread_baseline,,2024-09-01,2.878892,""
island_finnland,mortgage_real_spread_baseline,,2024-10-01,3.349574,""
island_finnland,mortgage_real_spread_baseline,,2024-11-01,3.458694,""
island_finnland,mortgage_real_spread_baseline,,2024-12-01,3.623146,""
island_finnland,mortgage_real_spread_baseline,,2025-01-01,3.603589,""
island_finnland,mortgage_real_spread_baseline,,2025-02-01,3.701374,""
island_finnland,mortgage_real_spread_baseline,,2025-03-01,3.740487,""
island_finnland,mortgage_real_spread_baseline,,2025-04-01,3.582868,""
island_finnland,mortgage_real_spread_baseline,,2025-05-01,3.631946,""
island_finnland,mortgage_real_spread_baseline,,2025-06-01,3.689545,""
island_finnland,mortgage_real_spread_baseline,,2025-07-01,3.664358,""
island_finnland,mortgage_real_spread_baseline,,2025-08-01,3.654542,""
island_finnland,mortgage_real_spread_baseline,,2025-09-01,3.644726,""
island_finnland,mortgage_real_spread_baseline,,2025-10-01,3.644726,""
island_finnland,mortgage_real_spread_baseline,,2025-11-01,3.793057,""
island_finnland,mortgage_real_spread_baseline,,2025-12-01,3.699908,""
island_finnland,mortgage_real_spread_baseline,,2026-01-01,3.732504,""
island_finnland,mortgage_real_spread_baseline,,2026-02-01,3.737875,""
island_finnland,mortgage_real_spread_baseline,,2026-03-01,3.558229,""
island_finnland,mortgage_real_spread_baseline,,2026-04-01,4.18625,""
island_finnland,mortgage_real_spread_baseline,,2026-05-01,NaN,""
island_finnland,mortgage_real_spread_baseline,,2026-06-01,NaN,""
island_finnland,vaent_verdbolga_heimild,,1999-01-01,NaN,"ECB SPF"
island_finnland,vaent_verdbolga_heimild,,1999-02-01,NaN,"ECB SPF"
island_finnland,vaent_verdbolga_heimild,,1999-03-01,NaN,"ECB SPF"
island_finnland,vaent_verdbolga_heimild,,1999-04-01,NaN,"ECB SPF"
island_finnland,vaent_verdbolga_heimild,,1999-05-01,NaN,"ECB SPF"
island_finnland,vaent_verdbolga_heimild,,1999-06-01,NaN,"ECB SPF"
island_finnland,vaent_verdbolga_heimild,,1999-07-01,NaN,"ECB SPF"
island_finnland,vaent_verdbolga_heimild,,1999-08-01,NaN,"ECB SPF"
island_finnland,vaent_verdbolga_heimild,,1999-09-01,NaN,"ECB SPF"
island_finnland,vaent_verdbolga_heimild,,1999-10-01,NaN,"ECB SPF"
island_finnland,vaent_verdbolga_heimild,,1999-11-01,NaN,"ECB SPF"
island_finnland,vaent_verdbolga_heimild,,1999-12-01,NaN,"ECB SPF"
island_finnland,vaent_verdbolga_heimild,,2000-01-01,NaN,"ECB SPF"
island_finnland,vaent_verdbolga_heimild,,2000-02-01,NaN,"ECB SPF"
island_finnland,vaent_verdbolga_heimild,,2000-03-01,NaN,"ECB SPF"
island_finnland,vaent_verdbolga_heimild,,2000-04-01,NaN,"ECB SPF"
island_finnland,vaent_verdbolga_heimild,,2000-05-01,NaN,"ECB SPF"
island_finnland,vaent_verdbolga_heimild,,2000-06-01,NaN,"ECB SPF"
island_finnland,vaent_verdbolga_heimild,,2000-07-01,NaN,"ECB SPF"
island_finnland,vaent_verdbolga_heimild,,2000-08-01,NaN,"ECB SPF"
island_finnland,vaent_verdbolga_heimild,,2000-09-01,NaN,"ECB SPF"
island_finnland,vaent_verdbolga_heimild,,2000-10-01,NaN,"ECB SPF"
island_finnland,vaent_verdbolga_heimild,,2000-11-01,NaN,"ECB SPF"
island_finnland,vaent_verdbolga_heimild,,2000-12-01,NaN,"ECB SPF"
island_finnland,vaent_verdbolga_heimild,,2001-01-01,NaN,"ECB SPF"
island_finnland,vaent_verdbolga_heimild,,2001-02-01,NaN,"ECB SPF"
island_finnland,vaent_verdbolga_heimild,,2001-03-01,NaN,"ECB SPF"
island_finnland,vaent_verdbolga_heimild,,2001-04-01,NaN,"ECB SPF"
island_finnland,vaent_verdbolga_heimild,,2001-05-01,NaN,"ECB SPF"
island_finnland,vaent_verdbolga_heimild,,2001-06-01,NaN,"ECB SPF"
island_finnland,vaent_verdbolga_heimild,,2001-07-01,NaN,"ECB SPF"
island_finnland,vaent_verdbolga_heimild,,2001-08-01,NaN,"ECB SPF"
island_finnland,vaent_verdbolga_heimild,,2001-09-01,NaN,"ECB SPF"
island_finnland,vaent_verdbolga_heimild,,2001-10-01,NaN,"ECB SPF"
island_finnland,vaent_verdbolga_heimild,,2001-11-01,NaN,"ECB SPF"
island_finnland,vaent_verdbolga_heimild,,2001-12-01,NaN,"ECB SPF"
island_finnland,vaent_verdbolga_heimild,,2002-01-01,NaN,"ECB SPF"
island_finnland,vaent_verdbolga_heimild,,2002-02-01,NaN,"ECB SPF"
island_finnland,vaent_verdbolga_heimild,,2002-03-01,NaN,"ECB SPF"
island_finnland,vaent_verdbolga_heimild,,2002-04-01,NaN,"ECB SPF"
island_finnland,vaent_verdbolga_heimild,,2002-05-01,NaN,"ECB SPF"
island_finnland,vaent_verdbolga_heimild,,2002-06-01,NaN,"ECB SPF"
island_finnland,vaent_verdbolga_heimild,,2002-07-01,NaN,"ECB SPF"
island_finnland,vaent_verdbolga_heimild,,2002-08-01,NaN,"ECB SPF"
island_finnland,vaent_verdbolga_heimild,,2002-09-01,NaN,"ECB SPF"
island_finnland,vaent_verdbolga_heimild,,2002-10-01,NaN,"ECB SPF"
island_finnland,vaent_verdbolga_heimild,,2002-11-01,NaN,"ECB SPF"
island_finnland,vaent_verdbolga_heimild,,2002-12-01,NaN,"ECB SPF"
island_finnland,vaent_verdbolga_heimild,,2003-01-01,NaN,"ECB SPF"
island_finnland,vaent_verdbolga_heimild,,2003-02-01,NaN,"ECB SPF"
island_finnland,vaent_verdbolga_heimild,,2003-03-01,NaN,"ECB SPF"
island_finnland,vaent_verdbolga_heimild,,2003-04-01,NaN,"ECB SPF"
island_finnland,vaent_verdbolga_heimild,,2003-05-01,NaN,"ECB SPF"
island_finnland,vaent_verdbolga_heimild,,2003-06-01,NaN,"ECB SPF"
island_finnland,vaent_verdbolga_heimild,,2003-07-01,NaN,"ECB SPF"
island_finnland,vaent_verdbolga_heimild,,2003-08-01,NaN,"ECB SPF"
island_finnland,vaent_verdbolga_heimild,,2003-09-01,NaN,"ECB SPF"
island_finnland,vaent_verdbolga_heimild,,2003-10-01,NaN,"ECB SPF"
island_finnland,vaent_verdbolga_heimild,,2003-11-01,NaN,"ECB SPF"
island_finnland,vaent_verdbolga_heimild,,2003-12-01,NaN,"ECB SPF"
island_finnland,vaent_verdbolga_heimild,,2004-01-01,NaN,"ECB SPF"
island_finnland,vaent_verdbolga_heimild,,2004-02-01,NaN,"ECB SPF"
island_finnland,vaent_verdbolga_heimild,,2004-03-01,NaN,"ECB SPF"
island_finnland,vaent_verdbolga_heimild,,2004-04-01,NaN,"ECB SPF"
island_finnland,vaent_verdbolga_heimild,,2004-05-01,NaN,"ECB SPF"
island_finnland,vaent_verdbolga_heimild,,2004-06-01,NaN,"ECB SPF"
island_finnland,vaent_verdbolga_heimild,,2004-07-01,NaN,"ECB SPF"
island_finnland,vaent_verdbolga_heimild,,2004-08-01,NaN,"ECB SPF"
island_finnland,vaent_verdbolga_heimild,,2004-09-01,NaN,"ECB SPF"
island_finnland,vaent_verdbolga_heimild,,2004-10-01,NaN,"ECB SPF"
island_finnland,vaent_verdbolga_heimild,,2004-11-01,NaN,"ECB SPF"
island_finnland,vaent_verdbolga_heimild,,2004-12-01,NaN,"ECB SPF"
island_finnland,vaent_verdbolga_heimild,,2005-01-01,NaN,"ECB SPF"
island_finnland,vaent_verdbolga_heimild,,2005-02-01,NaN,"ECB SPF"
island_finnland,vaent_verdbolga_heimild,,2005-03-01,NaN,"ECB SPF"
island_finnland,vaent_verdbolga_heimild,,2005-04-01,NaN,"ECB SPF"
island_finnland,vaent_verdbolga_heimild,,2005-05-01,NaN,"ECB SPF"
island_finnland,vaent_verdbolga_heimild,,2005-06-01,NaN,"ECB SPF"
island_finnland,vaent_verdbolga_heimild,,2005-07-01,NaN,"ECB SPF"
island_finnland,vaent_verdbolga_heimild,,2005-08-01,NaN,"ECB SPF"
island_finnland,vaent_verdbolga_heimild,,2005-09-01,NaN,"ECB SPF"
island_finnland,vaent_verdbolga_heimild,,2005-10-01,NaN,"ECB SPF"
island_finnland,vaent_verdbolga_heimild,,2005-11-01,NaN,"ECB SPF"
island_finnland,vaent_verdbolga_heimild,,2005-12-01,NaN,"ECB SPF"
island_finnland,vaent_verdbolga_heimild,,2006-01-01,NaN,"ECB SPF"
island_finnland,vaent_verdbolga_heimild,,2006-02-01,NaN,"ECB SPF"
island_finnland,vaent_verdbolga_heimild,,2006-03-01,NaN,"ECB SPF"
island_finnland,vaent_verdbolga_heimild,,2006-04-01,NaN,"ECB SPF"
island_finnland,vaent_verdbolga_heimild,,2006-05-01,NaN,"ECB SPF"
island_finnland,vaent_verdbolga_heimild,,2006-06-01,NaN,"ECB SPF"
island_finnland,vaent_verdbolga_heimild,,2006-07-01,NaN,"ECB SPF"
island_finnland,vaent_verdbolga_heimild,,2006-08-01,NaN,"ECB SPF"
island_finnland,vaent_verdbolga_heimild,,2006-09-01,NaN,"ECB SPF"
island_finnland,vaent_verdbolga_heimild,,2006-10-01,NaN,"ECB SPF"
island_finnland,vaent_verdbolga_heimild,,2006-11-01,NaN,"ECB SPF"
island_finnland,vaent_verdbolga_heimild,,2006-12-01,NaN,"ECB SPF"
island_finnland,vaent_verdbolga_heimild,,2007-01-01,NaN,"ECB SPF"
island_finnland,vaent_verdbolga_heimild,,2007-02-01,NaN,"ECB SPF"
island_finnland,vaent_verdbolga_heimild,,2007-03-01,NaN,"ECB SPF"
island_finnland,vaent_verdbolga_heimild,,2007-04-01,NaN,"ECB SPF"
island_finnland,vaent_verdbolga_heimild,,2007-05-01,NaN,"ECB SPF"
island_finnland,vaent_verdbolga_heimild,,2007-06-01,NaN,"ECB SPF"
island_finnland,vaent_verdbolga_heimild,,2007-07-01,NaN,"ECB SPF"
island_finnland,vaent_verdbolga_heimild,,2007-08-01,NaN,"ECB SPF"
island_finnland,vaent_verdbolga_heimild,,2007-09-01,NaN,"ECB SPF"
island_finnland,vaent_verdbolga_heimild,,2007-10-01,NaN,"ECB SPF"
island_finnland,vaent_verdbolga_heimild,,2007-11-01,NaN,"ECB SPF"
island_finnland,vaent_verdbolga_heimild,,2007-12-01,NaN,"ECB SPF"
island_finnland,vaent_verdbolga_heimild,,2008-01-01,NaN,"ECB SPF"
island_finnland,vaent_verdbolga_heimild,,2008-02-01,NaN,"ECB SPF"
island_finnland,vaent_verdbolga_heimild,,2008-03-01,NaN,"ECB SPF"
island_finnland,vaent_verdbolga_heimild,,2008-04-01,NaN,"ECB SPF"
island_finnland,vaent_verdbolga_heimild,,2008-05-01,NaN,"ECB SPF"
island_finnland,vaent_verdbolga_heimild,,2008-06-01,NaN,"ECB SPF"
island_finnland,vaent_verdbolga_heimild,,2008-07-01,NaN,"ECB SPF"
island_finnland,vaent_verdbolga_heimild,,2008-08-01,NaN,"ECB SPF"
island_finnland,vaent_verdbolga_heimild,,2008-09-01,NaN,"ECB SPF"
island_finnland,vaent_verdbolga_heimild,,2008-10-01,NaN,"ECB SPF"
island_finnland,vaent_verdbolga_heimild,,2008-11-01,NaN,"ECB SPF"
island_finnland,vaent_verdbolga_heimild,,2008-12-01,NaN,"ECB SPF"
island_finnland,vaent_verdbolga_heimild,,2009-01-01,NaN,"ECB SPF"
island_finnland,vaent_verdbolga_heimild,,2009-02-01,NaN,"ECB SPF"
island_finnland,vaent_verdbolga_heimild,,2009-03-01,NaN,"ECB SPF"
island_finnland,vaent_verdbolga_heimild,,2009-04-01,NaN,"ECB SPF"
island_finnland,vaent_verdbolga_heimild,,2009-05-01,NaN,"ECB SPF"
island_finnland,vaent_verdbolga_heimild,,2009-06-01,NaN,"ECB SPF"
island_finnland,vaent_verdbolga_heimild,,2009-07-01,NaN,"ECB SPF"
island_finnland,vaent_verdbolga_heimild,,2009-08-01,NaN,"ECB SPF"
island_finnland,vaent_verdbolga_heimild,,2009-09-01,NaN,"ECB SPF"
island_finnland,vaent_verdbolga_heimild,,2009-10-01,NaN,"ECB SPF"
island_finnland,vaent_verdbolga_heimild,,2009-11-01,NaN,"ECB SPF"
island_finnland,vaent_verdbolga_heimild,,2009-12-01,NaN,"ECB SPF"
island_finnland,vaent_verdbolga_heimild,,2010-01-01,NaN,"ECB SPF"
island_finnland,vaent_verdbolga_heimild,,2010-02-01,NaN,"ECB SPF"
island_finnland,vaent_verdbolga_heimild,,2010-03-01,NaN,"ECB SPF"
island_finnland,vaent_verdbolga_heimild,,2010-04-01,NaN,"ECB SPF"
island_finnland,vaent_verdbolga_heimild,,2010-05-01,NaN,"ECB SPF"
island_finnland,vaent_verdbolga_heimild,,2010-06-01,NaN,"ECB SPF"
island_finnland,vaent_verdbolga_heimild,,2010-07-01,NaN,"ECB SPF"
island_finnland,vaent_verdbolga_heimild,,2010-08-01,NaN,"ECB SPF"
island_finnland,vaent_verdbolga_heimild,,2010-09-01,NaN,"ECB SPF"
island_finnland,vaent_verdbolga_heimild,,2010-10-01,NaN,"ECB SPF"
island_finnland,vaent_verdbolga_heimild,,2010-11-01,NaN,"ECB SPF"
island_finnland,vaent_verdbolga_heimild,,2010-12-01,NaN,"ECB SPF"
island_finnland,vaent_verdbolga_heimild,,2011-01-01,NaN,"ECB SPF"
island_finnland,vaent_verdbolga_heimild,,2011-02-01,NaN,"ECB SPF"
island_finnland,vaent_verdbolga_heimild,,2011-03-01,NaN,"ECB SPF"
island_finnland,vaent_verdbolga_heimild,,2011-04-01,NaN,"EC AMECO"
island_finnland,vaent_verdbolga_heimild,,2011-05-01,NaN,"EC AMECO"
island_finnland,vaent_verdbolga_heimild,,2011-06-01,NaN,"EC AMECO"
island_finnland,vaent_verdbolga_heimild,,2011-07-01,NaN,"EC AMECO"
island_finnland,vaent_verdbolga_heimild,,2011-08-01,NaN,"EC AMECO"
island_finnland,vaent_verdbolga_heimild,,2011-09-01,NaN,"EC AMECO"
island_finnland,vaent_verdbolga_heimild,,2011-10-01,NaN,"EC AMECO"
island_finnland,vaent_verdbolga_heimild,,2011-11-01,NaN,"EC AMECO"
island_finnland,vaent_verdbolga_heimild,,2011-12-01,NaN,"EC AMECO"
island_finnland,vaent_verdbolga_heimild,,2012-01-01,NaN,"EC AMECO"
island_finnland,vaent_verdbolga_heimild,,2012-02-01,NaN,"EC AMECO"
island_finnland,vaent_verdbolga_heimild,,2012-03-01,NaN,"EC AMECO"
island_finnland,vaent_verdbolga_heimild,,2012-04-01,NaN,"EC AMECO"
island_finnland,vaent_verdbolga_heimild,,2012-05-01,NaN,"EC AMECO"
island_finnland,vaent_verdbolga_heimild,,2012-06-01,NaN,"EC AMECO"
island_finnland,vaent_verdbolga_heimild,,2012-07-01,NaN,"EC AMECO"
island_finnland,vaent_verdbolga_heimild,,2012-08-01,NaN,"EC AMECO"
island_finnland,vaent_verdbolga_heimild,,2012-09-01,NaN,"EC AMECO"
island_finnland,vaent_verdbolga_heimild,,2012-10-01,NaN,"EC AMECO"
island_finnland,vaent_verdbolga_heimild,,2012-11-01,NaN,"EC AMECO"
island_finnland,vaent_verdbolga_heimild,,2012-12-01,NaN,"EC AMECO"
island_finnland,vaent_verdbolga_heimild,,2013-01-01,NaN,"EC AMECO"
island_finnland,vaent_verdbolga_heimild,,2013-02-01,NaN,"EC AMECO"
island_finnland,vaent_verdbolga_heimild,,2013-03-01,NaN,"EC AMECO"
island_finnland,vaent_verdbolga_heimild,,2013-04-01,NaN,"EC AMECO"
island_finnland,vaent_verdbolga_heimild,,2013-05-01,NaN,"EC AMECO"
island_finnland,vaent_verdbolga_heimild,,2013-06-01,NaN,"EC AMECO"
island_finnland,vaent_verdbolga_heimild,,2013-07-01,NaN,"EC AMECO"
island_finnland,vaent_verdbolga_heimild,,2013-08-01,NaN,"EC AMECO"
island_finnland,vaent_verdbolga_heimild,,2013-09-01,NaN,"EC AMECO"
island_finnland,vaent_verdbolga_heimild,,2013-10-01,NaN,"EC AMECO"
island_finnland,vaent_verdbolga_heimild,,2013-11-01,NaN,"EC AMECO"
island_finnland,vaent_verdbolga_heimild,,2013-12-01,NaN,"EC AMECO"
island_finnland,vaent_verdbolga_heimild,,2014-01-01,NaN,"EC AMECO"
island_finnland,vaent_verdbolga_heimild,,2014-02-01,NaN,"EC AMECO"
island_finnland,vaent_verdbolga_heimild,,2014-03-01,NaN,"EC AMECO"
island_finnland,vaent_verdbolga_heimild,,2014-04-01,NaN,"EC AMECO"
island_finnland,vaent_verdbolga_heimild,,2014-05-01,NaN,"EC AMECO"
island_finnland,vaent_verdbolga_heimild,,2014-06-01,NaN,"EC AMECO"
island_finnland,vaent_verdbolga_heimild,,2014-07-01,NaN,"EC AMECO"
island_finnland,vaent_verdbolga_heimild,,2014-08-01,NaN,"EC AMECO"
island_finnland,vaent_verdbolga_heimild,,2014-09-01,NaN,"EC AMECO"
island_finnland,vaent_verdbolga_heimild,,2014-10-01,NaN,"EC AMECO"
island_finnland,vaent_verdbolga_heimild,,2014-11-01,NaN,"EC AMECO"
island_finnland,vaent_verdbolga_heimild,,2014-12-01,NaN,"EC AMECO"
island_finnland,vaent_verdbolga_heimild,,2015-01-01,NaN,"EC AMECO"
island_finnland,vaent_verdbolga_heimild,,2015-02-01,NaN,"EC AMECO"
island_finnland,vaent_verdbolga_heimild,,2015-03-01,NaN,"EC AMECO"
island_finnland,vaent_verdbolga_heimild,,2015-04-01,NaN,"EC AMECO"
island_finnland,vaent_verdbolga_heimild,,2015-05-01,NaN,"EC AMECO"
island_finnland,vaent_verdbolga_heimild,,2015-06-01,NaN,"EC AMECO"
island_finnland,vaent_verdbolga_heimild,,2015-07-01,NaN,"EC AMECO"
island_finnland,vaent_verdbolga_heimild,,2015-08-01,NaN,"EC AMECO"
island_finnland,vaent_verdbolga_heimild,,2015-09-01,NaN,"EC AMECO"
island_finnland,vaent_verdbolga_heimild,,2015-10-01,NaN,"EC AMECO"
island_finnland,vaent_verdbolga_heimild,,2015-11-01,NaN,"EC AMECO"
island_finnland,vaent_verdbolga_heimild,,2015-12-01,NaN,"EC AMECO"
island_finnland,vaent_verdbolga_heimild,,2016-01-01,NaN,"EC AMECO"
island_finnland,vaent_verdbolga_heimild,,2016-02-01,NaN,"EC AMECO"
island_finnland,vaent_verdbolga_heimild,,2016-03-01,NaN,"EC AMECO"
island_finnland,vaent_verdbolga_heimild,,2016-04-01,NaN,"EC AMECO"
island_finnland,vaent_verdbolga_heimild,,2016-05-01,NaN,"EC AMECO"
island_finnland,vaent_verdbolga_heimild,,2016-06-01,NaN,"EC AMECO"
island_finnland,vaent_verdbolga_heimild,,2016-07-01,NaN,"EC AMECO"
island_finnland,vaent_verdbolga_heimild,,2016-08-01,NaN,"EC AMECO"
island_finnland,vaent_verdbolga_heimild,,2016-09-01,NaN,"EC AMECO"
island_finnland,vaent_verdbolga_heimild,,2016-10-01,NaN,"EC AMECO"
island_finnland,vaent_verdbolga_heimild,,2016-11-01,NaN,"EC AMECO"
island_finnland,vaent_verdbolga_heimild,,2016-12-01,NaN,"EC AMECO"
island_finnland,vaent_verdbolga_heimild,,2017-01-01,NaN,"EC AMECO"
island_finnland,vaent_verdbolga_heimild,,2017-02-01,NaN,"EC AMECO"
island_finnland,vaent_verdbolga_heimild,,2017-03-01,NaN,"EC AMECO"
island_finnland,vaent_verdbolga_heimild,,2017-04-01,NaN,"EC AMECO"
island_finnland,vaent_verdbolga_heimild,,2017-05-01,NaN,"EC AMECO"
island_finnland,vaent_verdbolga_heimild,,2017-06-01,NaN,"EC AMECO"
island_finnland,vaent_verdbolga_heimild,,2017-07-01,NaN,"EC AMECO"
island_finnland,vaent_verdbolga_heimild,,2017-08-01,NaN,"EC AMECO"
island_finnland,vaent_verdbolga_heimild,,2017-09-01,NaN,"EC AMECO"
island_finnland,vaent_verdbolga_heimild,,2017-10-01,NaN,"EC AMECO"
island_finnland,vaent_verdbolga_heimild,,2017-11-01,NaN,"EC AMECO"
island_finnland,vaent_verdbolga_heimild,,2017-12-01,NaN,"EC AMECO"
island_finnland,vaent_verdbolga_heimild,,2018-01-01,NaN,"EC AMECO"
island_finnland,vaent_verdbolga_heimild,,2018-02-01,NaN,"EC AMECO"
island_finnland,vaent_verdbolga_heimild,,2018-03-01,NaN,"EC AMECO"
island_finnland,vaent_verdbolga_heimild,,2018-04-01,NaN,"EC AMECO"
island_finnland,vaent_verdbolga_heimild,,2018-05-01,NaN,"EC AMECO"
island_finnland,vaent_verdbolga_heimild,,2018-06-01,NaN,"EC AMECO"
island_finnland,vaent_verdbolga_heimild,,2018-07-01,NaN,"EC AMECO"
island_finnland,vaent_verdbolga_heimild,,2018-08-01,NaN,"EC AMECO"
island_finnland,vaent_verdbolga_heimild,,2018-09-01,NaN,"EC AMECO"
island_finnland,vaent_verdbolga_heimild,,2018-10-01,NaN,"EC AMECO"
island_finnland,vaent_verdbolga_heimild,,2018-11-01,NaN,"EC AMECO"
island_finnland,vaent_verdbolga_heimild,,2018-12-01,NaN,"EC AMECO"
island_finnland,vaent_verdbolga_heimild,,2019-01-01,NaN,"EC AMECO"
island_finnland,vaent_verdbolga_heimild,,2019-02-01,NaN,"EC AMECO"
island_finnland,vaent_verdbolga_heimild,,2019-03-01,NaN,"EC AMECO"
island_finnland,vaent_verdbolga_heimild,,2019-04-01,NaN,"EC AMECO"
island_finnland,vaent_verdbolga_heimild,,2019-05-01,NaN,"EC AMECO"
island_finnland,vaent_verdbolga_heimild,,2019-06-01,NaN,"EC AMECO"
island_finnland,vaent_verdbolga_heimild,,2019-07-01,NaN,"EC AMECO"
island_finnland,vaent_verdbolga_heimild,,2019-08-01,NaN,"EC AMECO"
island_finnland,vaent_verdbolga_heimild,,2019-09-01,NaN,"EC AMECO"
island_finnland,vaent_verdbolga_heimild,,2019-10-01,NaN,"EC AMECO"
island_finnland,vaent_verdbolga_heimild,,2019-11-01,NaN,"EC AMECO"
island_finnland,vaent_verdbolga_heimild,,2019-12-01,NaN,"EC AMECO"
island_finnland,vaent_verdbolga_heimild,,2020-01-01,NaN,"EC AMECO"
island_finnland,vaent_verdbolga_heimild,,2020-02-01,NaN,"EC AMECO"
island_finnland,vaent_verdbolga_heimild,,2020-03-01,NaN,"EC AMECO"
island_finnland,vaent_verdbolga_heimild,,2020-04-01,NaN,"EC AMECO"
island_finnland,vaent_verdbolga_heimild,,2020-05-01,NaN,"EC AMECO"
island_finnland,vaent_verdbolga_heimild,,2020-06-01,NaN,"EC AMECO"
island_finnland,vaent_verdbolga_heimild,,2020-07-01,NaN,"EC AMECO"
island_finnland,vaent_verdbolga_heimild,,2020-08-01,NaN,"EC AMECO"
island_finnland,vaent_verdbolga_heimild,,2020-09-01,NaN,"EC AMECO"
island_finnland,vaent_verdbolga_heimild,,2020-10-01,NaN,"EC AMECO"
island_finnland,vaent_verdbolga_heimild,,2020-11-01,NaN,"EC AMECO"
island_finnland,vaent_verdbolga_heimild,,2020-12-01,NaN,"EC AMECO"
island_finnland,vaent_verdbolga_heimild,,2021-01-01,NaN,"EC AMECO"
island_finnland,vaent_verdbolga_heimild,,2021-02-01,NaN,"EC AMECO"
island_finnland,vaent_verdbolga_heimild,,2021-03-01,NaN,"EC AMECO"
island_finnland,vaent_verdbolga_heimild,,2021-04-01,NaN,"EC AMECO"
island_finnland,vaent_verdbolga_heimild,,2021-05-01,NaN,"EC AMECO"
island_finnland,vaent_verdbolga_heimild,,2021-06-01,NaN,"EC AMECO"
island_finnland,vaent_verdbolga_heimild,,2021-07-01,NaN,"EC AMECO"
island_finnland,vaent_verdbolga_heimild,,2021-08-01,NaN,"EC AMECO"
island_finnland,vaent_verdbolga_heimild,,2021-09-01,NaN,"EC AMECO"
island_finnland,vaent_verdbolga_heimild,,2021-10-01,NaN,"EC AMECO"
island_finnland,vaent_verdbolga_heimild,,2021-11-01,NaN,"EC AMECO"
island_finnland,vaent_verdbolga_heimild,,2021-12-01,NaN,"EC AMECO"
island_finnland,vaent_verdbolga_heimild,,2022-01-01,NaN,"EC AMECO"
island_finnland,vaent_verdbolga_heimild,,2022-02-01,NaN,"EC AMECO"
island_finnland,vaent_verdbolga_heimild,,2022-03-01,NaN,"EC AMECO"
island_finnland,vaent_verdbolga_heimild,,2022-04-01,NaN,"EC AMECO"
island_finnland,vaent_verdbolga_heimild,,2022-05-01,NaN,"EC AMECO"
island_finnland,vaent_verdbolga_heimild,,2022-06-01,NaN,"EC AMECO"
island_finnland,vaent_verdbolga_heimild,,2022-07-01,NaN,"EC AMECO"
island_finnland,vaent_verdbolga_heimild,,2022-08-01,NaN,"EC AMECO"
island_finnland,vaent_verdbolga_heimild,,2022-09-01,NaN,"EC AMECO"
island_finnland,vaent_verdbolga_heimild,,2022-10-01,NaN,"EC AMECO"
island_finnland,vaent_verdbolga_heimild,,2022-11-01,NaN,"EC AMECO"
island_finnland,vaent_verdbolga_heimild,,2022-12-01,NaN,"EC AMECO"
island_finnland,vaent_verdbolga_heimild,,2023-01-01,NaN,"EC AMECO"
island_finnland,vaent_verdbolga_heimild,,2023-02-01,NaN,"EC AMECO"
island_finnland,vaent_verdbolga_heimild,,2023-03-01,NaN,"EC AMECO"
island_finnland,vaent_verdbolga_heimild,,2023-04-01,NaN,"EC AMECO"
island_finnland,vaent_verdbolga_heimild,,2023-05-01,NaN,"EC AMECO"
island_finnland,vaent_verdbolga_heimild,,2023-06-01,NaN,"EC AMECO"
island_finnland,vaent_verdbolga_heimild,,2023-07-01,NaN,"EC AMECO"
island_finnland,vaent_verdbolga_heimild,,2023-08-01,NaN,"EC AMECO"
island_finnland,vaent_verdbolga_heimild,,2023-09-01,NaN,"EC AMECO"
island_finnland,vaent_verdbolga_heimild,,2023-10-01,NaN,"EC AMECO"
island_finnland,vaent_verdbolga_heimild,,2023-11-01,NaN,"EC AMECO"
island_finnland,vaent_verdbolga_heimild,,2023-12-01,NaN,"EC AMECO"
island_finnland,vaent_verdbolga_heimild,,2024-01-01,NaN,"EC AMECO"
island_finnland,vaent_verdbolga_heimild,,2024-02-01,NaN,"EC AMECO"
island_finnland,vaent_verdbolga_heimild,,2024-03-01,NaN,"EC AMECO"
island_finnland,vaent_verdbolga_heimild,,2024-04-01,NaN,"EC AMECO"
island_finnland,vaent_verdbolga_heimild,,2024-05-01,NaN,"EC AMECO"
island_finnland,vaent_verdbolga_heimild,,2024-06-01,NaN,"EC AMECO"
island_finnland,vaent_verdbolga_heimild,,2024-07-01,NaN,"EC AMECO"
island_finnland,vaent_verdbolga_heimild,,2024-08-01,NaN,"EC AMECO"
island_finnland,vaent_verdbolga_heimild,,2024-09-01,NaN,"EC AMECO"
island_finnland,vaent_verdbolga_heimild,,2024-10-01,NaN,"EC AMECO"
island_finnland,vaent_verdbolga_heimild,,2024-11-01,NaN,"EC AMECO"
island_finnland,vaent_verdbolga_heimild,,2024-12-01,NaN,"EC AMECO"
island_finnland,vaent_verdbolga_heimild,,2025-01-01,NaN,"EC AMECO"
island_finnland,vaent_verdbolga_heimild,,2025-02-01,NaN,"EC AMECO"
island_finnland,vaent_verdbolga_heimild,,2025-03-01,NaN,"EC AMECO"
island_finnland,vaent_verdbolga_heimild,,2025-04-01,NaN,"EC AMECO"
island_finnland,vaent_verdbolga_heimild,,2025-05-01,NaN,"EC AMECO"
island_finnland,vaent_verdbolga_heimild,,2025-06-01,NaN,"EC AMECO"
island_finnland,vaent_verdbolga_heimild,,2025-07-01,NaN,"EC AMECO"
island_finnland,vaent_verdbolga_heimild,,2025-08-01,NaN,"EC AMECO"
island_finnland,vaent_verdbolga_heimild,,2025-09-01,NaN,"EC AMECO"
island_finnland,vaent_verdbolga_heimild,,2025-10-01,NaN,"EC AMECO"
island_finnland,vaent_verdbolga_heimild,,2025-11-01,NaN,"EC AMECO"
island_finnland,vaent_verdbolga_heimild,,2025-12-01,NaN,"EC AMECO"
island_finnland,vaent_verdbolga_heimild,,2026-01-01,NaN,"EC AMECO"
island_finnland,vaent_verdbolga_heimild,,2026-02-01,NaN,"EC AMECO"
island_finnland,vaent_verdbolga_heimild,,2026-03-01,NaN,"EC AMECO"
island_finnland,vaent_verdbolga_heimild,,2026-04-01,NaN,"EC AMECO"
island_finnland,vaent_verdbolga_heimild,,2026-05-01,NaN,"ECB SPF"
island_finnland,vaent_verdbolga_heimild,,2026-06-01,NaN,"ECB SPF"
rir_ibudalan,vextir_ibudalana,DE,1995.95833333333,6.45,""
rir_ibudalan,vextir_ibudalana,DE,1996.04166666667,6.3,""
rir_ibudalan,vextir_ibudalana,DE,1996.125,6.32,""
rir_ibudalan,vextir_ibudalana,DE,1996.20833333333,6.65,""
rir_ibudalan,vextir_ibudalana,DE,1996.29166666667,6.65,""
rir_ibudalan,vextir_ibudalana,DE,1996.375,6.57,""
rir_ibudalan,vextir_ibudalana,DE,1996.45833333333,6.63,""
rir_ibudalan,vextir_ibudalana,DE,1996.54166666667,6.75,""
rir_ibudalan,vextir_ibudalana,DE,1996.625,6.59,""
rir_ibudalan,vextir_ibudalana,DE,1996.70833333333,6.46,""
rir_ibudalan,vextir_ibudalana,DE,1996.79166666667,6.22,""
rir_ibudalan,vextir_ibudalana,DE,1996.875,6.09,""
rir_ibudalan,vextir_ibudalana,DE,1996.95833333333,6.01,""
rir_ibudalan,vextir_ibudalana,DE,1997.04166666667,5.98,""
rir_ibudalan,vextir_ibudalana,DE,1997.125,5.78,""
rir_ibudalan,vextir_ibudalana,DE,1997.20833333333,5.8,""
rir_ibudalan,vextir_ibudalana,DE,1997.29166666667,5.92,""
rir_ibudalan,vextir_ibudalana,DE,1997.375,5.88,""
rir_ibudalan,vextir_ibudalana,DE,1997.45833333333,5.82,""
rir_ibudalan,vextir_ibudalana,DE,1997.54166666667,5.72,""
rir_ibudalan,vextir_ibudalana,DE,1997.625,5.84,""
rir_ibudalan,vextir_ibudalana,DE,1997.70833333333,5.88,""
rir_ibudalan,vextir_ibudalana,DE,1997.79166666667,5.96,""
rir_ibudalan,vextir_ibudalana,DE,1997.875,6.15,""
rir_ibudalan,vextir_ibudalana,DE,1997.95833333333,6.08,""
rir_ibudalan,vextir_ibudalana,DE,1998.04166666667,5.85,""
rir_ibudalan,vextir_ibudalana,DE,1998.125,5.71,""
rir_ibudalan,vextir_ibudalana,DE,1998.20833333333,5.62,""
rir_ibudalan,vextir_ibudalana,DE,1998.29166666667,5.6,""
rir_ibudalan,vextir_ibudalana,DE,1998.375,5.64,""
rir_ibudalan,vextir_ibudalana,DE,1998.45833333333,5.58,""
rir_ibudalan,vextir_ibudalana,DE,1998.54166666667,5.53,""
rir_ibudalan,vextir_ibudalana,DE,1998.625,5.41,""
rir_ibudalan,vextir_ibudalana,DE,1998.70833333333,5.19,""
rir_ibudalan,vextir_ibudalana,DE,1998.79166666667,5.02,""
rir_ibudalan,vextir_ibudalana,DE,1998.875,4.99,""
rir_ibudalan,vextir_ibudalana,DE,1998.95833333333,4.8,""
rir_ibudalan,vextir_ibudalana,DE,1999.04166666667,4.6,""
rir_ibudalan,vextir_ibudalana,DE,1999.125,4.53,""
rir_ibudalan,vextir_ibudalana,DE,1999.20833333333,4.64,""
rir_ibudalan,vextir_ibudalana,DE,1999.29166666667,4.54,""
rir_ibudalan,vextir_ibudalana,DE,1999.375,4.47,""
rir_ibudalan,vextir_ibudalana,DE,1999.45833333333,4.72,""
rir_ibudalan,vextir_ibudalana,DE,1999.54166666667,5.17,""
rir_ibudalan,vextir_ibudalana,DE,1999.625,5.58,""
rir_ibudalan,vextir_ibudalana,DE,1999.70833333333,5.7,""
rir_ibudalan,vextir_ibudalana,DE,1999.79166666667,6,""
rir_ibudalan,vextir_ibudalana,DE,1999.875,5.86,""
rir_ibudalan,vextir_ibudalana,DE,1999.95833333333,5.9,""
rir_ibudalan,vextir_ibudalana,DE,2000.04166666667,6.19,""
rir_ibudalan,vextir_ibudalana,DE,2000.125,6.28,""
rir_ibudalan,vextir_ibudalana,DE,2000.20833333333,6.19,""
rir_ibudalan,vextir_ibudalana,DE,2000.29166666667,6.15,""
rir_ibudalan,vextir_ibudalana,DE,2000.375,6.42,""
rir_ibudalan,vextir_ibudalana,DE,2000.45833333333,6.41,""
rir_ibudalan,vextir_ibudalana,DE,2000.54166666667,6.48,""
rir_ibudalan,vextir_ibudalana,DE,2000.625,6.51,""
rir_ibudalan,vextir_ibudalana,DE,2000.70833333333,6.53,""
rir_ibudalan,vextir_ibudalana,DE,2000.79166666667,6.49,""
rir_ibudalan,vextir_ibudalana,DE,2000.875,6.45,""
rir_ibudalan,vextir_ibudalana,DE,2000.95833333333,6.19,""
rir_ibudalan,vextir_ibudalana,DE,2001.04166666667,5.93,""
rir_ibudalan,vextir_ibudalana,DE,2001.125,5.9,""
rir_ibudalan,vextir_ibudalana,DE,2001.20833333333,5.8,""
rir_ibudalan,vextir_ibudalana,DE,2001.29166666667,5.78,""
rir_ibudalan,vextir_ibudalana,DE,2001.375,5.87,""
rir_ibudalan,vextir_ibudalana,DE,2001.45833333333,5.84,""
rir_ibudalan,vextir_ibudalana,DE,2001.54166666667,5.85,""
rir_ibudalan,vextir_ibudalana,DE,2001.625,5.69,""
rir_ibudalan,vextir_ibudalana,DE,2001.70833333333,5.57,""
rir_ibudalan,vextir_ibudalana,DE,2001.79166666667,5.36,""
rir_ibudalan,vextir_ibudalana,DE,2001.875,5.2,""
rir_ibudalan,vextir_ibudalana,DE,2001.95833333333,5.42,""
rir_ibudalan,vextir_ibudalana,DE,2002.04166666667,5.52,""
rir_ibudalan,vextir_ibudalana,DE,2002.125,5.66,""
rir_ibudalan,vextir_ibudalana,DE,2002.20833333333,5.89,""
rir_ibudalan,vextir_ibudalana,DE,2002.29166666667,5.96,""
rir_ibudalan,vextir_ibudalana,DE,2002.375,5.96,""
rir_ibudalan,vextir_ibudalana,DE,2002.45833333333,5.86,""
rir_ibudalan,vextir_ibudalana,DE,2002.54166666667,5.71,""
rir_ibudalan,vextir_ibudalana,DE,2002.625,5.42,""
rir_ibudalan,vextir_ibudalana,DE,2002.70833333333,5.22,""
rir_ibudalan,vextir_ibudalana,DE,2002.79166666667,5.14,""
rir_ibudalan,vextir_ibudalana,DE,2002.875,5.08,""
rir_ibudalan,vextir_ibudalana,DE,2002.95833333333,4.96,""
rir_ibudalan,vextir_ibudalana,DE,2003.04166666667,4.73,""
rir_ibudalan,vextir_ibudalana,DE,2003.125,4.52,""
rir_ibudalan,vextir_ibudalana,DE,2003.20833333333,4.51,""
rir_ibudalan,vextir_ibudalana,DE,2003.29166666667,4.63,""
rir_ibudalan,vextir_ibudalana,DE,2003.375,4.35,""
rir_ibudalan,vextir_ibudalana,DE,2003.45833333333,4.06,""
rir_ibudalan,vextir_ibudalana,IT,1995.95833333333,13.35,""
rir_ibudalan,vextir_ibudalana,IT,1996.04166666667,13.65,""
rir_ibudalan,vextir_ibudalana,IT,1996.125,13.62,""
rir_ibudalan,vextir_ibudalana,IT,1996.20833333333,13.56,""
rir_ibudalan,vextir_ibudalana,IT,1996.29166666667,13.55,""
rir_ibudalan,vextir_ibudalana,IT,1996.375,13.38,""
rir_ibudalan,vextir_ibudalana,IT,1996.45833333333,13.17,""
rir_ibudalan,vextir_ibudalana,IT,1996.54166666667,12.99,""
rir_ibudalan,vextir_ibudalana,IT,1996.625,12.7,""
rir_ibudalan,vextir_ibudalana,IT,1996.70833333333,12.72,""
rir_ibudalan,vextir_ibudalana,IT,1996.79166666667,12.4,""
rir_ibudalan,vextir_ibudalana,IT,1996.875,12,""
rir_ibudalan,vextir_ibudalana,IT,1996.95833333333,11.22,""
rir_ibudalan,vextir_ibudalana,IT,1997.04166666667,11.5,""
rir_ibudalan,vextir_ibudalana,IT,1997.125,11.27,""
rir_ibudalan,vextir_ibudalana,IT,1997.20833333333,11.27,""
rir_ibudalan,vextir_ibudalana,IT,1997.29166666667,11.14,""
rir_ibudalan,vextir_ibudalana,IT,1997.375,11,""
rir_ibudalan,vextir_ibudalana,IT,1997.45833333333,10.73,""
rir_ibudalan,vextir_ibudalana,IT,1997.54166666667,10.45,""
rir_ibudalan,vextir_ibudalana,IT,1997.625,10.54,""
rir_ibudalan,vextir_ibudalana,IT,1997.70833333333,10.31,""
rir_ibudalan,vextir_ibudalana,IT,1997.79166666667,10.17,""
rir_ibudalan,vextir_ibudalana,IT,1997.875,9.98,""
rir_ibudalan,vextir_ibudalana,IT,1997.95833333333,9.38,""
rir_ibudalan,vextir_ibudalana,IT,1998.04166666667,9.52,""
rir_ibudalan,vextir_ibudalana,IT,1998.125,9.2,""
rir_ibudalan,vextir_ibudalana,IT,1998.20833333333,8.89,""
rir_ibudalan,vextir_ibudalana,IT,1998.29166666667,8.62,""
rir_ibudalan,vextir_ibudalana,IT,1998.375,8.2,""
rir_ibudalan,vextir_ibudalana,IT,1998.45833333333,7.61,""
rir_ibudalan,vextir_ibudalana,IT,1998.54166666667,7.39,""
rir_ibudalan,vextir_ibudalana,IT,1998.625,7.61,""
rir_ibudalan,vextir_ibudalana,IT,1998.70833333333,7.24,""
rir_ibudalan,vextir_ibudalana,IT,1998.79166666667,6.92,""
rir_ibudalan,vextir_ibudalana,IT,1998.875,6.68,""
rir_ibudalan,vextir_ibudalana,IT,1998.95833333333,6.17,""
rir_ibudalan,vextir_ibudalana,IT,1999.04166666667,6.13,""
rir_ibudalan,vextir_ibudalana,IT,1999.125,6.04,""
rir_ibudalan,vextir_ibudalana,IT,1999.20833333333,5.98,""
rir_ibudalan,vextir_ibudalana,IT,1999.29166666667,5.66,""
rir_ibudalan,vextir_ibudalana,IT,1999.375,5.56,""
rir_ibudalan,vextir_ibudalana,IT,1999.45833333333,5.43,""
rir_ibudalan,vextir_ibudalana,IT,1999.54166666667,5.22,""
rir_ibudalan,vextir_ibudalana,IT,1999.625,5.58,""
rir_ibudalan,vextir_ibudalana,IT,1999.70833333333,5.56,""
rir_ibudalan,vextir_ibudalana,IT,1999.79166666667,5.61,""
rir_ibudalan,vextir_ibudalana,IT,1999.875,5.61,""
rir_ibudalan,vextir_ibudalana,IT,1999.95833333333,5.5,""
rir_ibudalan,vextir_ibudalana,IT,2000.04166666667,5.59,""
rir_ibudalan,vextir_ibudalana,IT,2000.125,5.91,""
rir_ibudalan,vextir_ibudalana,IT,2000.20833333333,5.96,""
rir_ibudalan,vextir_ibudalana,IT,2000.29166666667,5.93,""
rir_ibudalan,vextir_ibudalana,IT,2000.375,6.1,""
rir_ibudalan,vextir_ibudalana,IT,2000.45833333333,6.2,""
rir_ibudalan,vextir_ibudalana,IT,2000.54166666667,6.31,""
rir_ibudalan,vextir_ibudalana,IT,2000.625,6.65,""
rir_ibudalan,vextir_ibudalana,IT,2000.70833333333,6.62,""
rir_ibudalan,vextir_ibudalana,IT,2000.79166666667,6.68,""
rir_ibudalan,vextir_ibudalana,IT,2000.875,6.61,""
rir_ibudalan,vextir_ibudalana,IT,2000.95833333333,6.51,""
rir_ibudalan,vextir_ibudalana,IT,2001.04166666667,6.92,""
rir_ibudalan,vextir_ibudalana,IT,2001.125,6.99,""
rir_ibudalan,vextir_ibudalana,IT,2001.20833333333,6.94,""
rir_ibudalan,vextir_ibudalana,IT,2001.29166666667,6.88,""
rir_ibudalan,vextir_ibudalana,IT,2001.375,6.91,""
rir_ibudalan,vextir_ibudalana,IT,2001.45833333333,6.75,""
rir_ibudalan,vextir_ibudalana,IT,2001.54166666667,6.63,""
rir_ibudalan,vextir_ibudalana,IT,2001.625,6.89,""
rir_ibudalan,vextir_ibudalana,IT,2001.70833333333,6.62,""
rir_ibudalan,vextir_ibudalana,IT,2001.79166666667,6.39,""
rir_ibudalan,vextir_ibudalana,IT,2001.875,6.25,""
rir_ibudalan,vextir_ibudalana,IT,2001.95833333333,5.87,""
rir_ibudalan,vextir_ibudalana,IT,2002.04166666667,6,""
rir_ibudalan,vextir_ibudalana,IT,2002.125,5.98,""
rir_ibudalan,vextir_ibudalana,IT,2002.20833333333,5.91,""
rir_ibudalan,vextir_ibudalana,IT,2002.29166666667,5.94,""
rir_ibudalan,vextir_ibudalana,IT,2002.375,5.92,""
rir_ibudalan,vextir_ibudalana,IT,2002.45833333333,5.87,""
rir_ibudalan,vextir_ibudalana,IT,2002.54166666667,5.75,""
rir_ibudalan,vextir_ibudalana,IT,2002.625,6.08,""
rir_ibudalan,vextir_ibudalana,IT,2002.70833333333,5.79,""
rir_ibudalan,vextir_ibudalana,IT,2002.79166666667,5.71,""
rir_ibudalan,vextir_ibudalana,IT,2002.875,5.66,""
rir_ibudalan,vextir_ibudalana,IT,2002.95833333333,5.36,""
rir_ibudalan,vextir_ibudalana,IT,2003.04166666667,5.5,""
rir_ibudalan,vextir_ibudalana,IT,2003.125,5.47,""
rir_ibudalan,vextir_ibudalana,IT,2003.20833333333,5.33,""
rir_ibudalan,vextir_ibudalana,IT,2003.29166666667,5.27,""
rir_ibudalan,vextir_ibudalana,IT,2003.375,5.26,""
rir_ibudalan,vextir_ibudalana,IT,2003.45833333333,5.01,""
rir_ibudalan,vextir_ibudalana,IT,2003.54166666667,4.79,""
rir_ibudalan,vextir_ibudalana,IT,2003.625,5.11,""
rir_ibudalan,vextir_ibudalana,IT,2003.70833333333,4.9,""
rir_ibudalan,vextir_ibudalana,ES,1995.95833333333,11.19,""
rir_ibudalan,vextir_ibudalana,ES,1996.04166666667,10.93,""
rir_ibudalan,vextir_ibudalana,ES,1996.125,10.77,""
rir_ibudalan,vextir_ibudalana,ES,1996.20833333333,10.56,""
rir_ibudalan,vextir_ibudalana,ES,1996.29166666667,10.42,""
rir_ibudalan,vextir_ibudalana,ES,1996.375,10.01,""
rir_ibudalan,vextir_ibudalana,ES,1996.45833333333,9.61,""
rir_ibudalan,vextir_ibudalana,ES,1996.54166666667,9.36,""
rir_ibudalan,vextir_ibudalana,ES,1996.625,9.24,""
rir_ibudalan,vextir_ibudalana,ES,1996.70833333333,9.08,""
rir_ibudalan,vextir_ibudalana,ES,1996.79166666667,8.95,""
rir_ibudalan,vextir_ibudalana,ES,1996.875,8.63,""
rir_ibudalan,vextir_ibudalana,ES,1996.95833333333,8.42,""
rir_ibudalan,vextir_ibudalana,ES,1997.04166666667,8.07,""
rir_ibudalan,vextir_ibudalana,ES,1997.125,7.79,""
rir_ibudalan,vextir_ibudalana,ES,1997.20833333333,7.5,""
rir_ibudalan,vextir_ibudalana,ES,1997.29166666667,7.39,""
rir_ibudalan,vextir_ibudalana,ES,1997.375,7.19,""
rir_ibudalan,vextir_ibudalana,ES,1997.45833333333,7.02,""
rir_ibudalan,vextir_ibudalana,ES,1997.54166666667,6.78,""
rir_ibudalan,vextir_ibudalana,ES,1997.625,6.7,""
rir_ibudalan,vextir_ibudalana,ES,1997.70833333333,6.67,""
rir_ibudalan,vextir_ibudalana,ES,1997.79166666667,6.62,""
rir_ibudalan,vextir_ibudalana,ES,1997.875,6.53,""
rir_ibudalan,vextir_ibudalana,ES,1997.95833333333,6.4,""
rir_ibudalan,vextir_ibudalana,ES,1998.04166666667,6.29,""
rir_ibudalan,vextir_ibudalana,ES,1998.125,6.23,""
rir_ibudalan,vextir_ibudalana,ES,1998.20833333333,6.03,""
rir_ibudalan,vextir_ibudalana,ES,1998.29166666667,5.86,""
rir_ibudalan,vextir_ibudalana,ES,1998.375,5.77,""
rir_ibudalan,vextir_ibudalana,ES,1998.45833333333,5.71,""
rir_ibudalan,vextir_ibudalana,ES,1998.54166666667,5.63,""
rir_ibudalan,vextir_ibudalana,ES,1998.625,5.65,""
rir_ibudalan,vextir_ibudalana,ES,1998.70833333333,5.65,""
rir_ibudalan,vextir_ibudalana,ES,1998.79166666667,5.5,""
rir_ibudalan,vextir_ibudalana,ES,1998.875,5.39,""
rir_ibudalan,vextir_ibudalana,ES,1998.95833333333,5.16,""
rir_ibudalan,vextir_ibudalana,ES,1999.04166666667,5.11,""
rir_ibudalan,vextir_ibudalana,ES,1999.125,5.02,""
rir_ibudalan,vextir_ibudalana,ES,1999.20833333333,4.95,""
rir_ibudalan,vextir_ibudalana,ES,1999.29166666667,4.87,""
rir_ibudalan,vextir_ibudalana,ES,1999.375,4.75,""
rir_ibudalan,vextir_ibudalana,ES,1999.45833333333,4.56,""
rir_ibudalan,vextir_ibudalana,ES,1999.54166666667,4.46,""
rir_ibudalan,vextir_ibudalana,ES,1999.625,4.55,""
rir_ibudalan,vextir_ibudalana,ES,1999.70833333333,4.63,""
rir_ibudalan,vextir_ibudalana,ES,1999.79166666667,4.71,""
rir_ibudalan,vextir_ibudalana,ES,1999.875,4.84,""
rir_ibudalan,vextir_ibudalana,ES,1999.95833333333,4.97,""
rir_ibudalan,vextir_ibudalana,ES,2000.04166666667,5.07,""
rir_ibudalan,vextir_ibudalana,ES,2000.125,5.23,""
rir_ibudalan,vextir_ibudalana,ES,2000.20833333333,5.3,""
rir_ibudalan,vextir_ibudalana,ES,2000.29166666667,5.41,""
rir_ibudalan,vextir_ibudalana,ES,2000.375,5.54,""
rir_ibudalan,vextir_ibudalana,ES,2000.45833333333,5.69,""
rir_ibudalan,vextir_ibudalana,ES,2000.54166666667,5.89,""
rir_ibudalan,vextir_ibudalana,ES,2000.625,6.05,""
rir_ibudalan,vextir_ibudalana,ES,2000.70833333333,6.24,""
rir_ibudalan,vextir_ibudalana,ES,2000.79166666667,6.29,""
rir_ibudalan,vextir_ibudalana,ES,2000.875,6.36,""
rir_ibudalan,vextir_ibudalana,ES,2000.95833333333,6.38,""
rir_ibudalan,vextir_ibudalana,ES,2001.04166666667,6.42,""
rir_ibudalan,vextir_ibudalana,ES,2001.125,6.3,""
rir_ibudalan,vextir_ibudalana,ES,2001.20833333333,6.13,""
rir_ibudalan,vextir_ibudalana,ES,2001.29166666667,6.06,""
rir_ibudalan,vextir_ibudalana,ES,2001.375,6.02,""
rir_ibudalan,vextir_ibudalana,ES,2001.45833333333,5.92,""
rir_ibudalan,vextir_ibudalana,ES,2001.54166666667,5.87,""
rir_ibudalan,vextir_ibudalana,ES,2001.625,5.82,""
rir_ibudalan,vextir_ibudalana,ES,2001.70833333333,5.73,""
rir_ibudalan,vextir_ibudalana,ES,2001.79166666667,5.55,""
rir_ibudalan,vextir_ibudalana,ES,2001.875,5.28,""
rir_ibudalan,vextir_ibudalana,ES,2001.95833333333,4.99,""
rir_ibudalan,vextir_ibudalana,ES,2002.04166666667,4.81,""
rir_ibudalan,vextir_ibudalana,ES,2002.125,4.87,""
rir_ibudalan,vextir_ibudalana,ES,2002.20833333333,4.91,""
rir_ibudalan,vextir_ibudalana,ES,2002.29166666667,4.97,""
rir_ibudalan,vextir_ibudalana,ES,2002.375,5.04,""
rir_ibudalan,vextir_ibudalana,ES,2002.45833333333,5.04,""
rir_ibudalan,vextir_ibudalana,ES,2002.54166666667,5.04,""
rir_ibudalan,vextir_ibudalana,ES,2002.625,5.03,""
rir_ibudalan,vextir_ibudalana,ES,2002.70833333333,4.84,""
rir_ibudalan,vextir_ibudalana,ES,2002.79166666667,4.71,""
rir_ibudalan,vextir_ibudalana,ES,2002.875,4.52,""
rir_ibudalan,vextir_ibudalana,ES,2002.95833333333,4.37,""
rir_ibudalan,vextir_ibudalana,ES,2003.04166666667,4.22,""
rir_ibudalan,vextir_ibudalana,ES,2003.125,4.11,""
rir_ibudalan,vextir_ibudalana,ES,2003.20833333333,4.01,""
rir_ibudalan,vextir_ibudalana,ES,2003.29166666667,3.87,""
rir_ibudalan,vextir_ibudalana,ES,2003.375,3.79,""
rir_ibudalan,vextir_ibudalana,ES,2003.45833333333,3.69,""
rir_ibudalan,vextir_ibudalana,PT,1995.95833333333,12.4,""
rir_ibudalan,vextir_ibudalana,PT,1996.04166666667,12.1,""
rir_ibudalan,vextir_ibudalana,PT,1996.125,11.8,""
rir_ibudalan,vextir_ibudalana,PT,1996.20833333333,11.8,""
rir_ibudalan,vextir_ibudalana,PT,1996.29166666667,11.8,""
rir_ibudalan,vextir_ibudalana,PT,1996.375,11.6,""
rir_ibudalan,vextir_ibudalana,PT,1996.45833333333,11.4,""
rir_ibudalan,vextir_ibudalana,PT,1996.54166666667,11.3,""
rir_ibudalan,vextir_ibudalana,PT,1996.625,11.2,""
rir_ibudalan,vextir_ibudalana,PT,1996.70833333333,11.1,""
rir_ibudalan,vextir_ibudalana,PT,1996.79166666667,11,""
rir_ibudalan,vextir_ibudalana,PT,1996.875,11,""
rir_ibudalan,vextir_ibudalana,PT,1996.95833333333,11,""
rir_ibudalan,vextir_ibudalana,PT,1997.04166666667,10.8,""
rir_ibudalan,vextir_ibudalana,PT,1997.125,10.6,""
rir_ibudalan,vextir_ibudalana,PT,1997.20833333333,10.4,""
rir_ibudalan,vextir_ibudalana,PT,1997.29166666667,10.3,""
rir_ibudalan,vextir_ibudalana,PT,1997.375,10.1,""
rir_ibudalan,vextir_ibudalana,PT,1997.45833333333,9.7,""
rir_ibudalan,vextir_ibudalana,PT,1997.54166666667,9.5,""
rir_ibudalan,vextir_ibudalana,PT,1997.625,9.4,""
rir_ibudalan,vextir_ibudalana,PT,1997.70833333333,9.2,""
rir_ibudalan,vextir_ibudalana,PT,1997.79166666667,8.7,""
rir_ibudalan,vextir_ibudalana,PT,1997.875,8.4,""
rir_ibudalan,vextir_ibudalana,PT,1997.95833333333,8,""
rir_ibudalan,vextir_ibudalana,PT,1998.04166666667,7.8,""
rir_ibudalan,vextir_ibudalana,PT,1998.125,7.6,""
rir_ibudalan,vextir_ibudalana,PT,1998.20833333333,7.4,""
rir_ibudalan,vextir_ibudalana,PT,1998.29166666667,6.9,""
rir_ibudalan,vextir_ibudalana,PT,1998.375,6.6,""
rir_ibudalan,vextir_ibudalana,PT,1998.45833333333,6.5,""
rir_ibudalan,vextir_ibudalana,PT,1998.54166666667,6.5,""
rir_ibudalan,vextir_ibudalana,PT,1998.625,6.3,""
rir_ibudalan,vextir_ibudalana,PT,1998.70833333333,6.3,""
rir_ibudalan,vextir_ibudalana,PT,1998.79166666667,6.07,""
rir_ibudalan,vextir_ibudalana,PT,1998.875,5.85,""
rir_ibudalan,vextir_ibudalana,PT,1998.95833333333,5.68,""
rir_ibudalan,vextir_ibudalana,PT,1999.04166666667,5.58,""
rir_ibudalan,vextir_ibudalana,PT,1999.125,5.39,""
rir_ibudalan,vextir_ibudalana,PT,1999.20833333333,5.15,""
rir_ibudalan,vextir_ibudalana,PT,1999.29166666667,5.11,""
rir_ibudalan,vextir_ibudalana,PT,1999.375,4.94,""
rir_ibudalan,vextir_ibudalana,PT,1999.45833333333,4.85,""
rir_ibudalan,vextir_ibudalana,PT,1999.54166666667,4.79,""
rir_ibudalan,vextir_ibudalana,PT,1999.625,4.82,""
rir_ibudalan,vextir_ibudalana,PT,1999.70833333333,4.85,""
rir_ibudalan,vextir_ibudalana,PT,1999.79166666667,4.79,""
rir_ibudalan,vextir_ibudalana,PT,1999.875,4.97,""
rir_ibudalan,vextir_ibudalana,PT,1999.95833333333,4.97,""
rir_ibudalan,vextir_ibudalana,PT,2000.04166666667,5.12,""
rir_ibudalan,vextir_ibudalana,PT,2000.125,5.14,""
rir_ibudalan,vextir_ibudalana,PT,2000.20833333333,5.23,""
rir_ibudalan,vextir_ibudalana,PT,2000.29166666667,5.55,""
rir_ibudalan,vextir_ibudalana,PT,2000.375,5.7,""
rir_ibudalan,vextir_ibudalana,PT,2000.45833333333,6.02,""
rir_ibudalan,vextir_ibudalana,PT,2000.54166666667,6.23,""
rir_ibudalan,vextir_ibudalana,PT,2000.625,6.4,""
rir_ibudalan,vextir_ibudalana,PT,2000.70833333333,6.57,""
rir_ibudalan,vextir_ibudalana,PT,2000.79166666667,6.7,""
rir_ibudalan,vextir_ibudalana,PT,2000.875,6.77,""
rir_ibudalan,vextir_ibudalana,PT,2000.95833333333,6.93,""
rir_ibudalan,vextir_ibudalana,PT,2001.04166666667,6.79,""
rir_ibudalan,vextir_ibudalana,PT,2001.125,6.48,""
rir_ibudalan,vextir_ibudalana,PT,2001.20833333333,6.56,""
rir_ibudalan,vextir_ibudalana,PT,2001.29166666667,6.4,""
rir_ibudalan,vextir_ibudalana,PT,2001.375,6.29,""
rir_ibudalan,vextir_ibudalana,PT,2001.45833333333,6.2,""
rir_ibudalan,vextir_ibudalana,PT,2001.54166666667,6.02,""
rir_ibudalan,vextir_ibudalana,PT,2001.625,6.02,""
rir_ibudalan,vextir_ibudalana,PT,2001.70833333333,5.87,""
rir_ibudalan,vextir_ibudalana,PT,2001.79166666667,5.56,""
rir_ibudalan,vextir_ibudalana,PT,2001.875,5.25,""
rir_ibudalan,vextir_ibudalana,PT,2001.95833333333,5.03,""
rir_ibudalan,vextir_ibudalana,PT,2002.04166666667,5.07,""
rir_ibudalan,vextir_ibudalana,PT,2002.125,5.12,""
rir_ibudalan,vextir_ibudalana,PT,2002.20833333333,5.08,""
rir_ibudalan,vextir_ibudalana,PT,2002.29166666667,5.08,""
rir_ibudalan,vextir_ibudalana,PT,2002.375,5.09,""
rir_ibudalan,vextir_ibudalana,PT,2002.45833333333,5.15,""
rir_ibudalan,vextir_ibudalana,PT,2002.54166666667,5.12,""
rir_ibudalan,vextir_ibudalana,PT,2002.625,5.07,""
rir_ibudalan,vextir_ibudalana,PT,2002.70833333333,5.03,""
rir_ibudalan,vextir_ibudalana,PT,2002.79166666667,4.88,""
rir_ibudalan,vextir_ibudalana,PT,2002.875,4.88,""
rir_ibudalan,vextir_ibudalana,PT,2002.95833333333,4.66,""
rir_ibudalan,vextir_ibudalana,PT,2003.04166666667,4.4,""
rir_ibudalan,vextir_ibudalana,PT,2003.125,4.25,""
rir_ibudalan,vextir_ibudalana,PT,2003.20833333333,4.08,""
rir_ibudalan,vextir_ibudalana,PT,2003.29166666667,4.02,""
rir_ibudalan,vextir_ibudalana,PT,2003.375,4.03,""
rir_ibudalan,vextir_ibudalana,PT,2003.45833333333,3.7,""
rir_ibudalan,vextir_ibudalana,PT,2003.54166666667,3.78,""
rir_ibudalan,vextir_ibudalana,PT,2003.625,3.61,""
rir_ibudalan,vextir_ibudalana,PT,2003.70833333333,3.6,""
rir_ibudalan,vextir_ibudalana,IE,1995.95833333333,7.1,""
rir_ibudalan,vextir_ibudalana,IE,1996.04166666667,7.04,""
rir_ibudalan,vextir_ibudalana,IE,1996.125,7.04,""
rir_ibudalan,vextir_ibudalana,IE,1996.20833333333,7.04,""
rir_ibudalan,vextir_ibudalana,IE,1996.29166666667,6.85,""
rir_ibudalan,vextir_ibudalana,IE,1996.375,6.65,""
rir_ibudalan,vextir_ibudalana,IE,1996.45833333333,6.65,""
rir_ibudalan,vextir_ibudalana,IE,1996.54166666667,6.65,""
rir_ibudalan,vextir_ibudalana,IE,1996.625,6.65,""
rir_ibudalan,vextir_ibudalana,IE,1996.70833333333,6.75,""
rir_ibudalan,vextir_ibudalana,IE,1996.79166666667,6.75,""
rir_ibudalan,vextir_ibudalana,IE,1996.875,6.75,""
rir_ibudalan,vextir_ibudalana,IE,1996.95833333333,6.75,""
rir_ibudalan,vextir_ibudalana,IE,1997.04166666667,6.9,""
rir_ibudalan,vextir_ibudalana,IE,1997.125,6.9,""
rir_ibudalan,vextir_ibudalana,IE,1997.20833333333,6.9,""
rir_ibudalan,vextir_ibudalana,IE,1997.29166666667,6.9,""
rir_ibudalan,vextir_ibudalana,IE,1997.375,7.25,""
rir_ibudalan,vextir_ibudalana,IE,1997.45833333333,7.35,""
rir_ibudalan,vextir_ibudalana,IE,1997.54166666667,7.35,""
rir_ibudalan,vextir_ibudalana,IE,1997.625,7.35,""
rir_ibudalan,vextir_ibudalana,IE,1997.70833333333,7.35,""
rir_ibudalan,vextir_ibudalana,IE,1997.79166666667,7.35,""
rir_ibudalan,vextir_ibudalana,IE,1997.875,7.35,""
rir_ibudalan,vextir_ibudalana,IE,1997.95833333333,7.35,""
rir_ibudalan,vextir_ibudalana,IE,1998.04166666667,7.35,""
rir_ibudalan,vextir_ibudalana,IE,1998.125,7.35,""
rir_ibudalan,vextir_ibudalana,IE,1998.20833333333,7.35,""
rir_ibudalan,vextir_ibudalana,IE,1998.29166666667,7.35,""
rir_ibudalan,vextir_ibudalana,IE,1998.375,7.35,""
rir_ibudalan,vextir_ibudalana,IE,1998.45833333333,7.35,""
rir_ibudalan,vextir_ibudalana,IE,1998.54166666667,7.5,""
rir_ibudalan,vextir_ibudalana,IE,1998.625,7.5,""
rir_ibudalan,vextir_ibudalana,IE,1998.70833333333,7.5,""
rir_ibudalan,vextir_ibudalana,IE,1998.79166666667,6.84,""
rir_ibudalan,vextir_ibudalana,IE,1998.875,6.04,""
rir_ibudalan,vextir_ibudalana,IE,1998.95833333333,5.93,""
rir_ibudalan,vextir_ibudalana,IE,1999.04166666667,5.6,""
rir_ibudalan,vextir_ibudalana,IE,1999.125,5.53,""
rir_ibudalan,vextir_ibudalana,IE,1999.20833333333,5.53,""
rir_ibudalan,vextir_ibudalana,IE,1999.29166666667,5.31,""
rir_ibudalan,vextir_ibudalana,IE,1999.375,5.19,""
rir_ibudalan,vextir_ibudalana,IE,1999.45833333333,5.19,""
rir_ibudalan,vextir_ibudalana,IE,1999.54166666667,5.19,""
rir_ibudalan,vextir_ibudalana,IE,1999.625,5.19,""
rir_ibudalan,vextir_ibudalana,IE,1999.70833333333,4.1,""
rir_ibudalan,vextir_ibudalana,IE,1999.79166666667,3.97,""
rir_ibudalan,vextir_ibudalana,IE,1999.875,4.23,""
rir_ibudalan,vextir_ibudalana,IE,1999.95833333333,4.28,""
rir_ibudalan,vextir_ibudalana,IE,2000.04166666667,4.25,""
rir_ibudalan,vextir_ibudalana,IE,2000.125,4.28,""
rir_ibudalan,vextir_ibudalana,IE,2000.20833333333,4.5,""
rir_ibudalan,vextir_ibudalana,IE,2000.29166666667,4.65,""
rir_ibudalan,vextir_ibudalana,IE,2000.375,4.79,""
rir_ibudalan,vextir_ibudalana,IE,2000.45833333333,5.37,""
rir_ibudalan,vextir_ibudalana,IE,2000.54166666667,5.47,""
rir_ibudalan,vextir_ibudalana,IE,2000.625,5.47,""
rir_ibudalan,vextir_ibudalana,IE,2000.70833333333,5.61,""
rir_ibudalan,vextir_ibudalana,IE,2000.79166666667,5.9,""
rir_ibudalan,vextir_ibudalana,IE,2000.875,5.99,""
rir_ibudalan,vextir_ibudalana,IE,2000.95833333333,5.99,""
rir_ibudalan,vextir_ibudalana,IE,2001.04166666667,5.99,""
rir_ibudalan,vextir_ibudalana,IE,2001.125,5.99,""
rir_ibudalan,vextir_ibudalana,IE,2001.20833333333,5.99,""
rir_ibudalan,vextir_ibudalana,IE,2001.29166666667,5.98,""
rir_ibudalan,vextir_ibudalana,IE,2001.375,5.76,""
rir_ibudalan,vextir_ibudalana,IE,2001.45833333333,5.74,""
rir_ibudalan,vextir_ibudalana,IE,2001.54166666667,5.74,""
rir_ibudalan,vextir_ibudalana,IE,2001.625,5.74,""
rir_ibudalan,vextir_ibudalana,IE,2001.70833333333,5.51,""
rir_ibudalan,vextir_ibudalana,IE,2001.79166666667,5.19,""
rir_ibudalan,vextir_ibudalana,IE,2001.875,4.75,""
rir_ibudalan,vextir_ibudalana,IE,2001.95833333333,4.63,""
rir_ibudalan,vextir_ibudalana,IE,2002.04166666667,4.63,""
rir_ibudalan,vextir_ibudalana,IE,2002.125,4.61,""
rir_ibudalan,vextir_ibudalana,IE,2002.20833333333,4.61,""
rir_ibudalan,vextir_ibudalana,IE,2002.29166666667,4.61,""
rir_ibudalan,vextir_ibudalana,IE,2002.375,4.61,""
rir_ibudalan,vextir_ibudalana,IE,2002.45833333333,4.62,""
rir_ibudalan,vextir_ibudalana,IE,2002.54166666667,4.62,""
rir_ibudalan,vextir_ibudalana,IE,2002.625,4.62,""
rir_ibudalan,vextir_ibudalana,IE,2002.70833333333,4.62,""
rir_ibudalan,vextir_ibudalana,IE,2002.79166666667,4.62,""
rir_ibudalan,vextir_ibudalana,IE,2002.875,4.6,""
rir_ibudalan,vextir_ibudalana,IE,2002.95833333333,4.23,""
rir_ibudalan,vextir_ibudalana,IE,2003.04166666667,4.15,""
rir_ibudalan,vextir_ibudalana,IE,2003.125,4.15,""
rir_ibudalan,vextir_ibudalana,IE,2003.20833333333,3.98,""
rir_ibudalan,vextir_ibudalana,IE,2003.29166666667,3.94,""
rir_ibudalan,vextir_ibudalana,IE,2003.375,3.94,""
rir_ibudalan,vextir_ibudalana,IE,2003.45833333333,3.54,""
rir_ibudalan,vextir_ibudalana,IE,2003.54166666667,3.47,""
rir_ibudalan,vextir_ibudalana,IE,2003.625,3.47,""
rir_ibudalan,vextir_ibudalana,IE,2003.70833333333,3.47,""
rir_ibudalan,vextir_ibudalana,GR,1999.04166666667,10.6,""
rir_ibudalan,vextir_ibudalana,GR,1999.125,9.2,""
rir_ibudalan,vextir_ibudalana,GR,1999.20833333333,8.9,""
rir_ibudalan,vextir_ibudalana,GR,1999.29166666667,8.5,""
rir_ibudalan,vextir_ibudalana,GR,1999.375,8.2,""
rir_ibudalan,vextir_ibudalana,GR,1999.45833333333,8.2,""
rir_ibudalan,vextir_ibudalana,GR,1999.54166666667,8,""
rir_ibudalan,vextir_ibudalana,GR,1999.625,8.1,""
rir_ibudalan,vextir_ibudalana,GR,1999.70833333333,8.1,""
rir_ibudalan,vextir_ibudalana,GR,1999.79166666667,8.1,""
rir_ibudalan,vextir_ibudalana,GR,1999.875,8.1,""
rir_ibudalan,vextir_ibudalana,GR,1999.95833333333,8,""
rir_ibudalan,vextir_ibudalana,GR,2000.04166666667,7.9,""
rir_ibudalan,vextir_ibudalana,GR,2000.125,7.8,""
rir_ibudalan,vextir_ibudalana,GR,2000.20833333333,7.8,""
rir_ibudalan,vextir_ibudalana,GR,2000.29166666667,7.7,""
rir_ibudalan,vextir_ibudalana,GR,2000.375,7.7,""
rir_ibudalan,vextir_ibudalana,GR,2000.45833333333,7.7,""
rir_ibudalan,vextir_ibudalana,GR,2000.54166666667,7.6,""
rir_ibudalan,vextir_ibudalana,GR,2000.625,7.7,""
rir_ibudalan,vextir_ibudalana,GR,2000.70833333333,7.5,""
rir_ibudalan,vextir_ibudalana,GR,2000.79166666667,7.4,""
rir_ibudalan,vextir_ibudalana,GR,2000.875,7.4,""
rir_ibudalan,vextir_ibudalana,GR,2000.95833333333,7.2,""
rir_ibudalan,vextir_ibudalana,GR,2001.04166666667,7.11,""
rir_ibudalan,vextir_ibudalana,GR,2001.125,6.98,""
rir_ibudalan,vextir_ibudalana,GR,2001.20833333333,6.94,""
rir_ibudalan,vextir_ibudalana,GR,2001.29166666667,7.02,""
rir_ibudalan,vextir_ibudalana,GR,2001.375,6.7,""
rir_ibudalan,vextir_ibudalana,GR,2001.45833333333,6.37,""
rir_ibudalan,vextir_ibudalana,GR,2001.54166666667,5.99,""
rir_ibudalan,vextir_ibudalana,GR,2001.625,5.88,""
rir_ibudalan,vextir_ibudalana,GR,2001.70833333333,5.79,""
rir_ibudalan,vextir_ibudalana,GR,2001.79166666667,5.58,""
rir_ibudalan,vextir_ibudalana,GR,2001.875,5.54,""
rir_ibudalan,vextir_ibudalana,GR,2001.95833333333,5.4,""
rir_ibudalan,vextir_ibudalana,GR,2002.04166666667,5.08,""
rir_ibudalan,vextir_ibudalana,GR,2002.125,5.08,""
rir_ibudalan,vextir_ibudalana,GR,2002.20833333333,5,""
rir_ibudalan,vextir_ibudalana,GR,2002.29166666667,5.05,""
rir_ibudalan,vextir_ibudalana,GR,2002.375,5,""
rir_ibudalan,vextir_ibudalana,GR,2002.45833333333,5.06,""
rir_ibudalan,vextir_ibudalana,GR,2002.54166666667,5,""
rir_ibudalan,vextir_ibudalana,GR,2002.625,4.94,""
rir_ibudalan,vextir_ibudalana,GR,2002.70833333333,5,""
rir_ibudalan,vextir_ibudalana,GR,2002.79166666667,5.07,""
rir_ibudalan,vextir_ibudalana,GR,2002.875,4.94,""
rir_ibudalan,vextir_ibudalana,GR,2002.95833333333,4.91,""
rir_ibudalan,vextir_ibudalana,GR,2003.04166666667,4.85,""
rir_ibudalan,vextir_ibudalana,GR,2003.125,5.22,""
rir_ibudalan,vextir_ibudalana,GR,2003.20833333333,5.27,""
rir_ibudalan,vextir_ibudalana,GR,2003.29166666667,5.39,""
rir_ibudalan,vextir_ibudalana,GR,2003.375,5.36,""
rir_ibudalan,vextir_ibudalana,GR,2003.45833333333,5.37,""
rir_ibudalan,vextir_ibudalana,GR,2003.54166666667,5.27,""
rir_ibudalan,vextir_ibudalana,GR,2003.625,5.31,""
rir_ibudalan,vextir_ibudalana,GR,2003.70833333333,5.22,""
